{"type":"FeatureCollection","name":"fulton_tracts_2010","source":"https://tigerweb.geo.census.gov/arcgis/rest/services/TIGERweb/tigerWMS_Census2010/MapServer/14 (Census 2010 tracts), geometryPrecision=4, EPSG:4326","features":[{"type":"Feature","id":"13121009601","properties":{"GEOID":"13121009601","NAME":"Census Tract 96.01","AREALAND":822057},"geometry":{"type":"Polygon","coordinates":[[[-84.383,33.851],[-84.383,33.8508],[-84.383,33.8506],[-84.383,33.8504],[-84.383,33.8501],[-84.3829,33.8499],[-84.3828,33.8494],[-84.3827,33.849],[-84.3826,33.8483],[-84.3826,33.8482],[-84.3825,33.848],[-84.3824,33.8477],[-84.3823,33.8474],[-84.3821,33.8472],[-84.382,33.8469],[-84.3818,33.8466],[-84.3815,33.8462],[-84.3809,33.8456],[-84.3805,33.8451],[-84.3799,33.8446],[-84.3797,33.8443],[-84.3796,33.8442],[-84.3795,33.8441],[-84.3794,33.8439],[-84.3793,33.8437],[-84.379,33.8427],[-84.3789,33.8425],[-84.3789,33.8423],[-84.3789,33.842],[-84.3789,33.8418],[-84.379,33.8416],[-84.3791,33.8412],[-84.3792,33.8409],[-84.3793,33.8406],[-84.3798,33.8397],[-84.3798,33.8396],[-84.3798,33.8396],[-84.3798,33.8396],[-84.3799,33.8394],[-84.3798,33.8394],[-84.3792,33.8398],[-84.3789,33.84],[-84.3787,33.8401],[-84.3785,33.8402],[-84.3784,33.8402],[-84.3783,33.8403],[-84.3782,33.8403],[-84.3779,33.8403],[-84.3777,33.8403],[-84.3775,33.8403],[-84.3773,33.8403],[-84.3771,33.8404],[-84.377,33.8404],[-84.3767,33.8405],[-84.3765,33.8406],[-84.3756,33.841],[-84.375,33.8414],[-84.3745,33.8416],[-84.3742,33.8418],[-84.3741,33.8419],[-84.3733,33.8425],[-84.3728,33.8428],[-84.3725,33.843],[-84.3718,33.8434],[-84.3713,33.8437],[-84.3714,33.8438],[-84.3721,33.845],[-84.3723,33.8454],[-84.3724,33.8456],[-84.3725,33.8458],[-84.3726,33.846],[-84.3726,33.8461],[-84.3732,33.8474],[-84.3735,33.848],[-84.3736,33.8481],[-84.3738,33.8482],[-84.3739,33.8484],[-84.3741,33.8485],[-84.3742,33.8485],[-84.3756,33.849],[-84.3763,33.8493],[-84.3779,33.8501],[-84.3781,33.8502],[-84.3784,33.8504],[-84.3787,33.8506],[-84.379,33.8509],[-84.3793,33.8512],[-84.3794,33.8512],[-84.38,33.8518],[-84.3804,33.8522],[-84.3806,33.8524],[-84.3808,33.8525],[-84.3811,33.8529],[-84.3813,33.8531],[-84.3816,33.8533],[-84.382,33.8538],[-84.3824,33.8541],[-84.3825,33.8542],[-84.3825,33.8542],[-84.3827,33.8542],[-84.3827,33.8541],[-84.3827,33.8537],[-84.3827,33.8534],[-84.3827,33.8533],[-84.3828,33.8526],[-84.3828,33.8525],[-84.3829,33.8522],[-84.3829,33.852],[-84.383,33.8518],[-84.383,33.8516],[-84.383,33.8513],[-84.383,33.8512],[-84.383,33.851]]]}},{"type":"Feature","id":"13121009603","properties":{"GEOID":"13121009603","NAME":"Census Tract 96.03","AREALAND":1878351},"geometry":{"type":"Polygon","coordinates":[[[-84.3874,33.8293],[-84.3874,33.8286],[-84.3872,33.8287],[-84.3837,33.8287],[-84.3836,33.8287],[-84.3807,33.8287],[-84.3784,33.8287],[-84.3773,33.8286],[-84.3757,33.8286],[-84.3737,33.8286],[-84.3731,33.8286],[-84.3713,33.8286],[-84.3698,33.8286],[-84.3697,33.8286],[-84.3697,33.8286],[-84.3696,33.8286],[-84.3695,33.8287],[-84.3694,33.8287],[-84.3693,33.8288],[-84.3692,33.829],[-84.3692,33.8291],[-84.3692,33.8292],[-84.3692,33.8294],[-84.3692,33.8294],[-84.3693,33.8297],[-84.3695,33.83],[-84.3695,33.8302],[-84.3695,33.8303],[-84.3695,33.8304],[-84.3694,33.8306],[-84.3694,33.8307],[-84.3693,33.8308],[-84.369,33.8306],[-84.3687,33.8305],[-84.3686,33.8303],[-84.3681,33.8298],[-84.368,33.8297],[-84.368,33.8296],[-84.3679,33.8296],[-84.3678,33.8296],[-84.3678,33.8296],[-84.368,33.8309],[-84.368,33.8311],[-84.368,33.8312],[-84.368,33.8316],[-84.368,33.8336],[-84.368,33.8342],[-84.368,33.836],[-84.368,33.8366],[-84.368,33.8368],[-84.3681,33.837],[-84.3682,33.8373],[-84.3683,33.8375],[-84.369,33.8389],[-84.3693,33.8395],[-84.3706,33.8421],[-84.3712,33.8432],[-84.3713,33.8437],[-84.3718,33.8434],[-84.3725,33.843],[-84.3728,33.8428],[-84.3733,33.8425],[-84.3741,33.8419],[-84.3742,33.8418],[-84.3745,33.8416],[-84.375,33.8414],[-84.3756,33.841],[-84.3765,33.8406],[-84.3767,33.8405],[-84.377,33.8404],[-84.3771,33.8404],[-84.3773,33.8403],[-84.3775,33.8403],[-84.3777,33.8403],[-84.3779,33.8403],[-84.3782,33.8403],[-84.3783,33.8403],[-84.3784,33.8402],[-84.3785,33.8402],[-84.3787,33.8401],[-84.3789,33.84],[-84.3792,33.8398],[-84.3798,33.8394],[-84.38,33.8391],[-84.3803,33.8388],[-84.3808,33.8382],[-84.3809,33.8381],[-84.381,33.8379],[-84.3811,33.8376],[-84.3813,33.8371],[-84.3824,33.8349],[-84.3827,33.8343],[-84.3829,33.834],[-84.3829,33.8338],[-84.383,33.8337],[-84.3832,33.8336],[-84.3837,33.8331],[-84.3839,33.8329],[-84.3842,33.8326],[-84.3853,33.8315],[-84.3858,33.8311],[-84.3864,33.8305],[-84.3871,33.8298],[-84.3873,33.8295],[-84.3874,33.8295],[-84.3874,33.8294],[-84.3874,33.8293]]]}},{"type":"Feature","id":"13121008902","properties":{"GEOID":"13121008902","NAME":"Census Tract 89.02","AREALAND":6925441},"geometry":{"type":"Polygon","coordinates":[[[-84.4388,33.8105],[-84.4386,33.8099],[-84.4383,33.8085],[-84.4382,33.8082],[-84.4381,33.8078],[-84.438,33.8075],[-84.4373,33.8055],[-84.4363,33.8025],[-84.4362,33.802],[-84.436,33.8016],[-84.4357,33.8011],[-84.4355,33.8006],[-84.4326,33.7959],[-84.4322,33.7953],[-84.4319,33.7947],[-84.4303,33.7922],[-84.4299,33.7915],[-84.4294,33.7907],[-84.4288,33.7896],[-84.4286,33.7894],[-84.4285,33.7891],[-84.4283,33.7887],[-84.4283,33.7885],[-84.4282,33.7883],[-84.4281,33.7881],[-84.428,33.7873],[-84.4275,33.7872],[-84.4271,33.7872],[-84.4269,33.7872],[-84.4267,33.7873],[-84.426,33.787],[-84.4257,33.7868],[-84.4254,33.7867],[-84.4249,33.7867],[-84.4243,33.7866],[-84.4241,33.7866],[-84.4238,33.7865],[-84.4232,33.7863],[-84.423,33.7862],[-84.4215,33.7859],[-84.4208,33.7857],[-84.4198,33.7854],[-84.4194,33.7853],[-84.4189,33.7851],[-84.4187,33.785],[-84.4184,33.7848],[-84.4181,33.7846],[-84.418,33.7846],[-84.4175,33.7841],[-84.4165,33.7832],[-84.4159,33.7826],[-84.4155,33.7822],[-84.4144,33.7812],[-84.4146,33.7815],[-84.4148,33.7817],[-84.4149,33.782],[-84.415,33.7822],[-84.4152,33.7832],[-84.4153,33.7835],[-84.4153,33.784],[-84.4153,33.7841],[-84.4153,33.7843],[-84.4152,33.7844],[-84.4151,33.7846],[-84.415,33.7848],[-84.415,33.7849],[-84.4149,33.785],[-84.4147,33.7851],[-84.4145,33.7853],[-84.4144,33.7854],[-84.4142,33.7855],[-84.4139,33.7857],[-84.4134,33.7859],[-84.4131,33.786],[-84.4117,33.7865],[-84.411,33.7867],[-84.4106,33.7869],[-84.4095,33.7874],[-84.4089,33.7878],[-84.4083,33.7882],[-84.4077,33.7886],[-84.4076,33.7886],[-84.4065,33.7893],[-84.4058,33.7897],[-84.4049,33.7902],[-84.4045,33.7904],[-84.4038,33.7908],[-84.403,33.7912],[-84.4023,33.7917],[-84.4016,33.7921],[-84.4016,33.7922],[-84.4009,33.7927],[-84.4006,33.7929],[-84.3998,33.7936],[-84.3991,33.7942],[-84.396,33.7965],[-84.3954,33.7971],[-84.3952,33.7972],[-84.395,33.7973],[-84.3952,33.7976],[-84.3954,33.7978],[-84.3955,33.798],[-84.3958,33.7985],[-84.396,33.7989],[-84.3961,33.7991],[-84.3965,33.7995],[-84.3966,33.7997],[-84.3968,33.7999],[-84.3968,33.7999],[-84.397,33.8],[-84.3972,33.8002],[-84.3974,33.8003],[-84.3976,33.8005],[-84.3978,33.8006],[-84.3984,33.8008],[-84.3984,33.8008],[-84.3988,33.801],[-84.3991,33.8011],[-84.3996,33.8012],[-84.4004,33.8013],[-84.4005,33.8013],[-84.4013,33.8015],[-84.4021,33.8016],[-84.4036,33.8018],[-84.4041,33.802],[-84.4042,33.802],[-84.4047,33.8021],[-84.405,33.8022],[-84.4056,33.8023],[-84.4061,33.8025],[-84.4068,33.8027],[-84.4073,33.8029],[-84.4077,33.8031],[-84.4078,33.8031],[-84.4083,33.8033],[-84.4093,33.8037],[-84.4104,33.8041],[-84.4111,33.8043],[-84.4125,33.805],[-84.4132,33.8054],[-84.4143,33.806],[-84.415,33.8064],[-84.4154,33.8067],[-84.4158,33.8069],[-84.4163,33.8074],[-84.4169,33.8079],[-84.4174,33.8083],[-84.4177,33.8087],[-84.4178,33.8088],[-84.4181,33.8092],[-84.4184,33.8096],[-84.4187,33.8102],[-84.4191,33.8102],[-84.4193,33.8102],[-84.421,33.81],[-84.4218,33.81],[-84.4222,33.81],[-84.4223,33.81],[-84.4225,33.81],[-84.4227,33.8101],[-84.4229,33.8102],[-84.4231,33.8103],[-84.4233,33.8104],[-84.4235,33.8105],[-84.4236,33.8106],[-84.4241,33.8111],[-84.4242,33.8112],[-84.4244,33.8113],[-84.4246,33.8113],[-84.4247,33.8113],[-84.4259,33.8113],[-84.4266,33.8113],[-84.4275,33.8117],[-84.4277,33.8118],[-84.4278,33.8119],[-84.428,33.8119],[-84.4282,33.812],[-84.4284,33.812],[-84.4287,33.8121],[-84.4302,33.8121],[-84.4303,33.8121],[-84.4304,33.8121],[-84.4306,33.8121],[-84.4307,33.812],[-84.4308,33.8119],[-84.4311,33.8116],[-84.4313,33.8115],[-84.4314,33.8114],[-84.4316,33.8113],[-84.4317,33.8113],[-84.4321,33.8112],[-84.4322,33.8112],[-84.4323,33.811],[-84.4345,33.8094],[-84.4346,33.8093],[-84.4348,33.8092],[-84.435,33.809],[-84.4352,33.8088],[-84.4356,33.8083],[-84.4362,33.8087],[-84.4363,33.8088],[-84.4373,33.8095],[-84.438,33.8099],[-84.4388,33.8105]]]}},{"type":"Feature","id":"13121007500","properties":{"GEOID":"13121007500","NAME":"Census Tract 75","AREALAND":3295310},"geometry":{"type":"Polygon","coordinates":[[[-84.4289,33.6979],[-84.4289,33.6975],[-84.4255,33.6972],[-84.4232,33.6973],[-84.4202,33.6973],[-84.4199,33.6973],[-84.4197,33.6973],[-84.4188,33.6973],[-84.4183,33.6972],[-84.4177,33.6972],[-84.4172,33.6972],[-84.4171,33.6972],[-84.416,33.6972],[-84.4159,33.6972],[-84.4155,33.6972],[-84.4154,33.6972],[-84.4155,33.6949],[-84.4155,33.6947],[-84.4155,33.6945],[-84.4155,33.6944],[-84.4155,33.6937],[-84.4155,33.6927],[-84.4155,33.6922],[-84.4169,33.6922],[-84.4168,33.6893],[-84.4168,33.6865],[-84.4168,33.6854],[-84.4168,33.685],[-84.4168,33.6842],[-84.4161,33.6828],[-84.4161,33.6829],[-84.4161,33.683],[-84.4161,33.6831],[-84.4162,33.6832],[-84.4162,33.6832],[-84.4162,33.6833],[-84.4162,33.6834],[-84.4162,33.6835],[-84.4161,33.6836],[-84.4161,33.6836],[-84.4161,33.6837],[-84.416,33.6837],[-84.4159,33.6838],[-84.4158,33.6839],[-84.4151,33.6839],[-84.415,33.6839],[-84.4144,33.6839],[-84.4141,33.6841],[-84.414,33.6844],[-84.4137,33.6845],[-84.4136,33.6845],[-84.4136,33.6847],[-84.4135,33.6848],[-84.4134,33.6847],[-84.4133,33.6847],[-84.4131,33.6847],[-84.4128,33.6847],[-84.4128,33.6845],[-84.4126,33.6844],[-84.4124,33.6844],[-84.4123,33.6845],[-84.4121,33.6845],[-84.4119,33.6845],[-84.4117,33.6845],[-84.4114,33.6845],[-84.4112,33.6845],[-84.411,33.6845],[-84.4109,33.6845],[-84.4108,33.6845],[-84.4107,33.6845],[-84.4106,33.6845],[-84.4105,33.6845],[-84.4104,33.6845],[-84.4103,33.6846],[-84.4102,33.6845],[-84.4101,33.6845],[-84.4098,33.6846],[-84.4096,33.6846],[-84.4095,33.6846],[-84.4094,33.6846],[-84.4093,33.6846],[-84.4092,33.6846],[-84.4089,33.6846],[-84.4088,33.6846],[-84.4085,33.6847],[-84.4083,33.6847],[-84.4082,33.6847],[-84.4082,33.6848],[-84.4081,33.6849],[-84.408,33.6849],[-84.4078,33.685],[-84.4075,33.685],[-84.4072,33.6851],[-84.4063,33.6853],[-84.4055,33.6856],[-84.4051,33.6857],[-84.4048,33.6858],[-84.4046,33.6858],[-84.4044,33.6858],[-84.4043,33.6858],[-84.4042,33.6859],[-84.4041,33.6859],[-84.404,33.6859],[-84.4039,33.6859],[-84.4038,33.686],[-84.4037,33.686],[-84.4036,33.6861],[-84.4035,33.6861],[-84.4034,33.6862],[-84.4033,33.6862],[-84.4032,33.6862],[-84.4031,33.6863],[-84.403,33.6863],[-84.4029,33.6863],[-84.4028,33.6864],[-84.4027,33.6865],[-84.4026,33.6864],[-84.4025,33.6864],[-84.4024,33.6864],[-84.402,33.6864],[-84.4018,33.6864],[-84.4015,33.6864],[-84.4011,33.6864],[-84.401,33.6864],[-84.401,33.6864],[-84.4009,33.6863],[-84.4006,33.6863],[-84.4006,33.6863],[-84.4003,33.6863],[-84.4002,33.6863],[-84.4001,33.6862],[-84.4,33.6862],[-84.4,33.6861],[-84.3999,33.6861],[-84.3998,33.686],[-84.3998,33.6859],[-84.3997,33.6858],[-84.3996,33.6858],[-84.3995,33.6858],[-84.3994,33.6858],[-84.3993,33.6858],[-84.3992,33.6859],[-84.3991,33.6859],[-84.3991,33.6859],[-84.3989,33.6859],[-84.3989,33.6859],[-84.3988,33.6859],[-84.3987,33.6859],[-84.3987,33.6859],[-84.3987,33.686],[-84.3988,33.6864],[-84.399,33.6872],[-84.3991,33.6876],[-84.3993,33.688],[-84.3996,33.6884],[-84.4001,33.6891],[-84.4018,33.6912],[-84.4022,33.6918],[-84.4036,33.6934],[-84.4043,33.6946],[-84.4045,33.695],[-84.4046,33.6953],[-84.4046,33.6954],[-84.4047,33.6958],[-84.4048,33.6962],[-84.4047,33.6966],[-84.4047,33.6969],[-84.4047,33.697],[-84.4047,33.6971],[-84.4044,33.6986],[-84.4043,33.6989],[-84.4043,33.699],[-84.4041,33.6997],[-84.404,33.7008],[-84.4038,33.7024],[-84.4038,33.7026],[-84.4039,33.7031],[-84.4038,33.7031],[-84.4038,33.7035],[-84.4038,33.7039],[-84.4038,33.7041],[-84.4038,33.7041],[-84.404,33.7043],[-84.4051,33.7052],[-84.406,33.7061],[-84.4062,33.7063],[-84.4062,33.7073],[-84.4068,33.7073],[-84.408,33.7073],[-84.408,33.7054],[-84.4081,33.7054],[-84.4085,33.7056],[-84.4088,33.7058],[-84.4091,33.7057],[-84.4092,33.7057],[-84.4093,33.7057],[-84.4095,33.7057],[-84.4096,33.7058],[-84.4097,33.7058],[-84.4098,33.7057],[-84.4099,33.7057],[-84.41,33.7056],[-84.4106,33.7053],[-84.4108,33.7052],[-84.4109,33.7052],[-84.411,33.7052],[-84.4111,33.7052],[-84.4112,33.7051],[-84.4113,33.705],[-84.4114,33.705],[-84.4115,33.705],[-84.4116,33.7051],[-84.4117,33.7051],[-84.4117,33.7052],[-84.4118,33.7052],[-84.4119,33.7052],[-84.4122,33.705],[-84.4122,33.705],[-84.4121,33.7049],[-84.412,33.7048],[-84.4119,33.7047],[-84.4118,33.7045],[-84.4118,33.7044],[-84.4116,33.7039],[-84.4116,33.7037],[-84.4116,33.7035],[-84.4117,33.7033],[-84.4119,33.7026],[-84.4119,33.7022],[-84.4126,33.7023],[-84.4129,33.7024],[-84.413,33.7024],[-84.4132,33.7025],[-84.4134,33.7026],[-84.4135,33.7027],[-84.4135,33.7028],[-84.4136,33.7029],[-84.4136,33.703],[-84.4136,33.7034],[-84.414,33.7033],[-84.4142,33.7033],[-84.4145,33.7032],[-84.4148,33.7031],[-84.415,33.7029],[-84.4153,33.7028],[-84.4155,33.7027],[-84.4156,33.7027],[-84.416,33.7027],[-84.4171,33.7027],[-84.4183,33.7027],[-84.4183,33.7021],[-84.4183,33.7018],[-84.4183,33.7014],[-84.4196,33.7014],[-84.4208,33.7015],[-84.4209,33.7015],[-84.4216,33.7015],[-84.4249,33.7015],[-84.426,33.7016],[-84.4262,33.7016],[-84.4266,33.7015],[-84.4271,33.7014],[-84.4275,33.7014],[-84.4278,33.7014],[-84.4282,33.7014],[-84.4283,33.7007],[-84.4284,33.7001],[-84.4285,33.6993],[-84.4285,33.6991],[-84.4285,33.699],[-84.4284,33.699],[-84.4283,33.6989],[-84.4287,33.6988],[-84.4288,33.6984],[-84.4288,33.698],[-84.4289,33.6979]]]}},{"type":"Feature","id":"13121011301","properties":{"GEOID":"13121011301","NAME":"Census Tract 113.01","AREALAND":5045853},"geometry":{"type":"Polygon","coordinates":[[[-84.4866,33.679],[-84.4866,33.6779],[-84.4865,33.6779],[-84.486,33.6779],[-84.4854,33.6779],[-84.4842,33.6779],[-84.4827,33.6779],[-84.4826,33.6779],[-84.4822,33.6779],[-84.4815,33.6779],[-84.4813,33.6779],[-84.4811,33.6779],[-84.4799,33.6779],[-84.4772,33.6779],[-84.4758,33.6778],[-84.4754,33.6778],[-84.4748,33.6778],[-84.4731,33.6778],[-84.4714,33.6778],[-84.47,33.6777],[-84.4681,33.6776],[-84.4673,33.6776],[-84.4672,33.6776],[-84.4662,33.6787],[-84.466,33.6788],[-84.4658,33.679],[-84.4655,33.6791],[-84.4642,33.6799],[-84.4637,33.6802],[-84.4625,33.6811],[-84.4622,33.6813],[-84.462,33.6814],[-84.4619,33.6817],[-84.4617,33.6818],[-84.4602,33.6818],[-84.4591,33.6818],[-84.459,33.6818],[-84.4585,33.6818],[-84.4577,33.6819],[-84.4577,33.6831],[-84.4577,33.6833],[-84.4577,33.6837],[-84.4577,33.684],[-84.4578,33.6843],[-84.4579,33.6845],[-84.4582,33.6851],[-84.4583,33.6853],[-84.4583,33.6855],[-84.4583,33.6857],[-84.4583,33.6859],[-84.4583,33.686],[-84.4582,33.6862],[-84.4581,33.6864],[-84.4576,33.6872],[-84.4575,33.6874],[-84.4574,33.6876],[-84.4574,33.6878],[-84.4573,33.6881],[-84.4573,33.6892],[-84.4573,33.6923],[-84.4573,33.695],[-84.4573,33.6977],[-84.4573,33.6987],[-84.4573,33.699],[-84.4573,33.6992],[-84.4579,33.6991],[-84.4588,33.6988],[-84.459,33.6987],[-84.4597,33.6983],[-84.4605,33.6978],[-84.4607,33.6977],[-84.4609,33.6977],[-84.4612,33.6977],[-84.4616,33.6977],[-84.4622,33.6977],[-84.4651,33.6977],[-84.4658,33.6977],[-84.4662,33.6978],[-84.4666,33.6978],[-84.4683,33.6978],[-84.4686,33.6978],[-84.4699,33.6977],[-84.4726,33.6979],[-84.4733,33.6978],[-84.4749,33.6978],[-84.4764,33.6978],[-84.4764,33.6972],[-84.4763,33.6945],[-84.4763,33.6926],[-84.4785,33.6926],[-84.4818,33.6927],[-84.4822,33.6927],[-84.4822,33.6911],[-84.483,33.6908],[-84.4836,33.6907],[-84.4857,33.6901],[-84.4859,33.69],[-84.4865,33.69],[-84.4865,33.6896],[-84.4865,33.6867],[-84.4866,33.6859],[-84.4866,33.6856],[-84.4866,33.6846],[-84.4866,33.6813],[-84.4866,33.68],[-84.4866,33.679]]]}},{"type":"Feature","id":"13121007002","properties":{"GEOID":"13121007002","NAME":"Census Tract 70.02","AREALAND":4372851},"geometry":{"type":"Polygon","coordinates":[[[-84.3855,33.7019],[-84.3854,33.7018],[-84.3852,33.7019],[-84.3851,33.7019],[-84.385,33.7019],[-84.3848,33.702],[-84.3845,33.7022],[-84.3843,33.7023],[-84.3841,33.7024],[-84.384,33.7024],[-84.3838,33.7024],[-84.3836,33.7024],[-84.3832,33.7023],[-84.3826,33.7022],[-84.3821,33.7022],[-84.3815,33.7021],[-84.3815,33.7017],[-84.3815,33.7012],[-84.3816,33.6992],[-84.3816,33.6991],[-84.3815,33.6988],[-84.3815,33.698],[-84.3803,33.698],[-84.3804,33.697],[-84.379,33.697],[-84.3781,33.6969],[-84.3761,33.6969],[-84.3739,33.6969],[-84.3738,33.6968],[-84.3738,33.6966],[-84.3738,33.6956],[-84.3738,33.6947],[-84.3738,33.6937],[-84.3739,33.6915],[-84.3739,33.6905],[-84.3739,33.6888],[-84.3742,33.6888],[-84.3743,33.6888],[-84.3759,33.6888],[-84.3761,33.6888],[-84.3763,33.6888],[-84.3765,33.6887],[-84.3766,33.6886],[-84.3769,33.6884],[-84.3771,33.6883],[-84.377,33.6882],[-84.3769,33.6881],[-84.3767,33.688],[-84.3766,33.6879],[-84.3765,33.6878],[-84.3762,33.6876],[-84.3753,33.687],[-84.3747,33.6866],[-84.374,33.6859],[-84.3735,33.6856],[-84.3733,33.6854],[-84.3732,33.6853],[-84.3731,33.6853],[-84.3728,33.6851],[-84.3724,33.6849],[-84.3721,33.6847],[-84.3715,33.6845],[-84.3714,33.6844],[-84.3712,33.6843],[-84.371,33.6842],[-84.3709,33.6841],[-84.3708,33.6841],[-84.3707,33.684],[-84.3704,33.6839],[-84.3697,33.6838],[-84.3692,33.6836],[-84.3684,33.6833],[-84.3684,33.6833],[-84.368,33.6832],[-84.3677,33.6831],[-84.3676,33.683],[-84.3674,33.683],[-84.3672,33.683],[-84.3671,33.6829],[-84.367,33.6829],[-84.367,33.6829],[-84.3669,33.6828],[-84.3668,33.6828],[-84.3667,33.6828],[-84.3665,33.6827],[-84.3662,33.6827],[-84.3657,33.6824],[-84.3655,33.6824],[-84.3655,33.6824],[-84.3652,33.6822],[-84.3645,33.682],[-84.3642,33.6818],[-84.364,33.6817],[-84.3638,33.6816],[-84.3637,33.6815],[-84.3636,33.6815],[-84.3635,33.6814],[-84.3634,33.6814],[-84.3633,33.6813],[-84.3632,33.6813],[-84.3631,33.6812],[-84.363,33.6812],[-84.3629,33.6812],[-84.3628,33.6811],[-84.3627,33.6811],[-84.3626,33.681],[-84.3625,33.681],[-84.3624,33.681],[-84.3623,33.681],[-84.3623,33.6809],[-84.3622,33.6809],[-84.3621,33.6808],[-84.362,33.6807],[-84.3619,33.6807],[-84.3618,33.6806],[-84.3616,33.6806],[-84.3615,33.6805],[-84.3614,33.6805],[-84.361,33.6802],[-84.3607,33.6801],[-84.3605,33.6799],[-84.3602,33.6798],[-84.36,33.6797],[-84.3598,33.6796],[-84.3597,33.6796],[-84.3595,33.6795],[-84.3593,33.6794],[-84.3591,33.6793],[-84.3591,33.6792],[-84.3589,33.6792],[-84.3588,33.6792],[-84.3587,33.6791],[-84.3586,33.6791],[-84.3584,33.6791],[-84.3581,33.6791],[-84.358,33.6791],[-84.3578,33.679],[-84.3577,33.679],[-84.3576,33.679],[-84.3572,33.679],[-84.3571,33.679],[-84.357,33.679],[-84.3569,33.679],[-84.3568,33.679],[-84.3567,33.6791],[-84.3566,33.6791],[-84.3565,33.6791],[-84.3564,33.6791],[-84.3563,33.6791],[-84.3562,33.6791],[-84.3561,33.6791],[-84.356,33.6792],[-84.3559,33.6792],[-84.3558,33.6792],[-84.3556,33.6793],[-84.3555,33.6794],[-84.3554,33.6795],[-84.3553,33.6795],[-84.3552,33.6796],[-84.355,33.6797],[-84.3547,33.6798],[-84.3545,33.6799],[-84.3544,33.68],[-84.3542,33.6801],[-84.354,33.6802],[-84.3538,33.6803],[-84.3537,33.6803],[-84.3536,33.6804],[-84.3535,33.6804],[-84.3534,33.6804],[-84.3532,33.6804],[-84.3529,33.6804],[-84.3528,33.6804],[-84.3527,33.6804],[-84.3525,33.6804],[-84.3526,33.6805],[-84.3526,33.6806],[-84.3526,33.6807],[-84.3526,33.6808],[-84.3525,33.6809],[-84.3525,33.681],[-84.3525,33.6811],[-84.3525,33.6811],[-84.3525,33.6812],[-84.3525,33.6813],[-84.3525,33.6814],[-84.3525,33.6815],[-84.3526,33.6816],[-84.3526,33.6817],[-84.3526,33.6818],[-84.3526,33.682],[-84.3526,33.6821],[-84.3526,33.6822],[-84.3526,33.6823],[-84.3526,33.6826],[-84.3526,33.6826],[-84.3526,33.6827],[-84.3526,33.6828],[-84.3526,33.6829],[-84.3526,33.683],[-84.3526,33.683],[-84.3526,33.6832],[-84.3526,33.6834],[-84.3526,33.6835],[-84.3527,33.6836],[-84.3527,33.6837],[-84.3527,33.6838],[-84.3528,33.6839],[-84.3528,33.684],[-84.3529,33.684],[-84.3529,33.6841],[-84.3529,33.6842],[-84.3529,33.6843],[-84.3529,33.6844],[-84.3528,33.6845],[-84.3527,33.6845],[-84.3526,33.6846],[-84.3526,33.6846],[-84.3524,33.6847],[-84.3523,33.6848],[-84.3523,33.6849],[-84.3523,33.685],[-84.3523,33.6851],[-84.3524,33.6852],[-84.3524,33.6852],[-84.3524,33.6854],[-84.3525,33.6856],[-84.3525,33.6857],[-84.3525,33.6858],[-84.3525,33.686],[-84.3525,33.6861],[-84.3526,33.6862],[-84.3526,33.6863],[-84.3527,33.6863],[-84.3528,33.6864],[-84.3529,33.6865],[-84.3532,33.6867],[-84.3532,33.6868],[-84.3534,33.6869],[-84.3535,33.687],[-84.3536,33.6871],[-84.3541,33.6876],[-84.3542,33.6877],[-84.355,33.6884],[-84.3552,33.6885],[-84.3553,33.6886],[-84.3554,33.6887],[-84.3556,33.6888],[-84.3559,33.689],[-84.3559,33.689],[-84.356,33.6891],[-84.3561,33.6892],[-84.3561,33.6893],[-84.3561,33.6893],[-84.3562,33.6894],[-84.3563,33.6895],[-84.3564,33.6895],[-84.3565,33.6895],[-84.3567,33.6895],[-84.3569,33.6896],[-84.3573,33.6898],[-84.3573,33.6898],[-84.3574,33.6899],[-84.3575,33.6899],[-84.3578,33.69],[-84.3581,33.6901],[-84.3584,33.6903],[-84.3588,33.6904],[-84.3592,33.6905],[-84.3593,33.6908],[-84.3595,33.6908],[-84.3599,33.6909],[-84.36,33.6909],[-84.3601,33.6909],[-84.3602,33.6909],[-84.3602,33.691],[-84.3603,33.691],[-84.3604,33.691],[-84.3604,33.6911],[-84.3604,33.6913],[-84.3604,33.6914],[-84.3604,33.6915],[-84.3604,33.6916],[-84.3605,33.6916],[-84.3605,33.6917],[-84.3606,33.6918],[-84.3607,33.6918],[-84.3608,33.6918],[-84.3609,33.6919],[-84.3609,33.692],[-84.361,33.692],[-84.361,33.6921],[-84.3611,33.6922],[-84.3612,33.6923],[-84.3616,33.6926],[-84.3617,33.6926],[-84.3617,33.6927],[-84.3618,33.6928],[-84.3618,33.6928],[-84.362,33.6931],[-84.362,33.6931],[-84.362,33.6932],[-84.3621,33.6933],[-84.3621,33.6933],[-84.3622,33.6934],[-84.3623,33.6934],[-84.3623,33.6935],[-84.3624,33.6937],[-84.3625,33.6938],[-84.3626,33.6939],[-84.3627,33.694],[-84.3628,33.694],[-84.3629,33.694],[-84.363,33.6941],[-84.3631,33.6941],[-84.3633,33.6944],[-84.3634,33.6945],[-84.3637,33.6948],[-84.3637,33.6949],[-84.3637,33.6949],[-84.3638,33.6949],[-84.3639,33.695],[-84.364,33.695],[-84.364,33.6951],[-84.3641,33.6951],[-84.3642,33.6952],[-84.3643,33.6952],[-84.3644,33.6953],[-84.3652,33.696],[-84.3653,33.696],[-84.3654,33.6961],[-84.3654,33.6962],[-84.3655,33.6963],[-84.3655,33.6964],[-84.3656,33.6965],[-84.3657,33.6967],[-84.3657,33.6969],[-84.3658,33.6969],[-84.3658,33.697],[-84.3657,33.6971],[-84.3656,33.6972],[-84.3656,33.6972],[-84.3656,33.6973],[-84.3656,33.6974],[-84.3654,33.6975],[-84.3653,33.6976],[-84.3653,33.6977],[-84.3652,33.6977],[-84.3652,33.6978],[-84.3652,33.6979],[-84.3652,33.6979],[-84.3652,33.6979],[-84.3652,33.698],[-84.3652,33.698],[-84.3652,33.6982],[-84.3652,33.6983],[-84.3652,33.6984],[-84.3652,33.6984],[-84.3651,33.6985],[-84.3651,33.6986],[-84.365,33.6987],[-84.365,33.6988],[-84.365,33.6992],[-84.3619,33.6992],[-84.3619,33.6992],[-84.3618,33.6992],[-84.3609,33.6983],[-84.3608,33.6981],[-84.3606,33.6979],[-84.3605,33.6977],[-84.3604,33.6974],[-84.3603,33.6972],[-84.3603,33.6969],[-84.3601,33.6969],[-84.3601,33.6972],[-84.3601,33.6974],[-84.36,33.6976],[-84.3599,33.6978],[-84.3603,33.6981],[-84.3604,33.6983],[-84.3613,33.6991],[-84.3619,33.6998],[-84.3621,33.7],[-84.3626,33.7006],[-84.3634,33.7013],[-84.3636,33.7014],[-84.3636,33.7015],[-84.3637,33.7017],[-84.3638,33.7018],[-84.3639,33.7018],[-84.3646,33.7024],[-84.365,33.7027],[-84.3655,33.703],[-84.3658,33.7033],[-84.3661,33.7036],[-84.3665,33.7041],[-84.3669,33.7046],[-84.3669,33.7047],[-84.3673,33.7053],[-84.3677,33.7062],[-84.3678,33.7065],[-84.368,33.7068],[-84.3682,33.7071],[-84.3686,33.7075],[-84.3686,33.7075],[-84.3689,33.7078],[-84.3693,33.7081],[-84.3695,33.7082],[-84.37,33.7085],[-84.3702,33.7086],[-84.371,33.709],[-84.3714,33.7091],[-84.3718,33.7092],[-84.372,33.7093],[-84.3734,33.7098],[-84.3738,33.7099],[-84.3738,33.7099],[-84.3738,33.7096],[-84.3739,33.7093],[-84.3741,33.709],[-84.3742,33.7088],[-84.3746,33.7083],[-84.3747,33.7081],[-84.3748,33.7081],[-84.3749,33.708],[-84.3753,33.7076],[-84.3764,33.7067],[-84.3772,33.7061],[-84.3785,33.7051],[-84.3785,33.7051],[-84.3786,33.705],[-84.3791,33.705],[-84.3803,33.7051],[-84.3804,33.7049],[-84.3805,33.7048],[-84.3807,33.7047],[-84.3808,33.7046],[-84.3816,33.7041],[-84.3821,33.7039],[-84.3838,33.7029],[-84.3851,33.7021],[-84.3855,33.7019]]]}},{"type":"Feature","id":"13121008102","properties":{"GEOID":"13121008102","NAME":"Census Tract 81.02","AREALAND":7213108},"geometry":{"type":"Polygon","coordinates":[[[-84.4997,33.7508],[-84.4997,33.7507],[-84.4995,33.7504],[-84.4994,33.7501],[-84.4993,33.7498],[-84.4992,33.7483],[-84.4992,33.748],[-84.4992,33.7479],[-84.4991,33.7477],[-84.499,33.7476],[-84.4989,33.7475],[-84.4988,33.7473],[-84.4985,33.7471],[-84.4984,33.747],[-84.4982,33.7468],[-84.498,33.7467],[-84.4977,33.7466],[-84.4977,33.7463],[-84.4976,33.746],[-84.4975,33.7457],[-84.4972,33.7451],[-84.4972,33.7449],[-84.4919,33.7462],[-84.4895,33.7459],[-84.4878,33.746],[-84.4866,33.7454],[-84.4859,33.745],[-84.4865,33.7443],[-84.4867,33.7439],[-84.4852,33.7398],[-84.4802,33.7397],[-84.4793,33.7391],[-84.4792,33.739],[-84.4778,33.7385],[-84.4764,33.7376],[-84.4766,33.7367],[-84.4757,33.7358],[-84.4754,33.7355],[-84.475,33.7351],[-84.4737,33.7359],[-84.473,33.7382],[-84.4729,33.7387],[-84.4735,33.7395],[-84.4705,33.7382],[-84.4685,33.7359],[-84.4684,33.7358],[-84.4671,33.7348],[-84.4658,33.7338],[-84.4656,33.7389],[-84.4611,33.7388],[-84.4565,33.7389],[-84.4562,33.7389],[-84.4562,33.7393],[-84.4471,33.7392],[-84.447,33.7388],[-84.4468,33.7388],[-84.4466,33.7388],[-84.4466,33.7392],[-84.4465,33.7441],[-84.4404,33.744],[-84.4403,33.7459],[-84.4418,33.7474],[-84.4423,33.7478],[-84.4424,33.748],[-84.444,33.7496],[-84.4442,33.7498],[-84.4445,33.7501],[-84.4448,33.7502],[-84.445,33.7503],[-84.4451,33.7504],[-84.4454,33.7505],[-84.4457,33.7505],[-84.4459,33.7506],[-84.4461,33.7506],[-84.4463,33.7506],[-84.4466,33.7506],[-84.4461,33.7507],[-84.4461,33.7508],[-84.4461,33.751],[-84.4461,33.751],[-84.4461,33.7513],[-84.4461,33.7515],[-84.4461,33.7516],[-84.4461,33.752],[-84.4461,33.7522],[-84.446,33.7531],[-84.446,33.7533],[-84.4464,33.7532],[-84.447,33.7529],[-84.4472,33.7529],[-84.4489,33.7523],[-84.4493,33.7522],[-84.4502,33.7519],[-84.4509,33.7517],[-84.4517,33.7514],[-84.4524,33.7512],[-84.4527,33.7512],[-84.4529,33.7512],[-84.4532,33.7511],[-84.4538,33.7511],[-84.4539,33.7511],[-84.454,33.7511],[-84.4543,33.7512],[-84.4546,33.7512],[-84.455,33.7513],[-84.4553,33.7513],[-84.4554,33.7514],[-84.4559,33.7515],[-84.4565,33.7517],[-84.4567,33.7518],[-84.4577,33.7521],[-84.4579,33.7522],[-84.459,33.7526],[-84.4609,33.7532],[-84.4612,33.7533],[-84.4627,33.7539],[-84.463,33.754],[-84.4641,33.7543],[-84.4647,33.7545],[-84.4651,33.7546],[-84.4656,33.7547],[-84.4658,33.7548],[-84.4658,33.7548],[-84.4659,33.7548],[-84.466,33.7548],[-84.4663,33.7548],[-84.4665,33.7549],[-84.4667,33.7549],[-84.467,33.7549],[-84.4679,33.7548],[-84.4688,33.7547],[-84.4695,33.7547],[-84.4701,33.7546],[-84.4712,33.7546],[-84.4716,33.7545],[-84.4721,33.7545],[-84.4728,33.7545],[-84.4729,33.7545],[-84.473,33.7545],[-84.4735,33.7545],[-84.4745,33.7545],[-84.4768,33.7546],[-84.4776,33.7547],[-84.4778,33.7547],[-84.4785,33.7547],[-84.4804,33.7548],[-84.4805,33.7548],[-84.4814,33.7548],[-84.4817,33.7548],[-84.4819,33.7548],[-84.4822,33.7548],[-84.4828,33.7548],[-84.4832,33.7547],[-84.4836,33.7546],[-84.4839,33.7545],[-84.4842,33.7544],[-84.4844,33.7543],[-84.4847,33.7542],[-84.4851,33.7539],[-84.4854,33.7537],[-84.4856,33.7536],[-84.4861,33.7531],[-84.4864,33.7529],[-84.4868,33.7526],[-84.4873,33.7524],[-84.4876,33.7522],[-84.488,33.752],[-84.4883,33.7519],[-84.4888,33.7518],[-84.4893,33.7517],[-84.4897,33.7516],[-84.4908,33.7515],[-84.491,33.7515],[-84.493,33.7513],[-84.4944,33.7512],[-84.4957,33.7511],[-84.4964,33.7511],[-84.4966,33.7511],[-84.4976,33.751],[-84.4982,33.7509],[-84.4985,33.7509],[-84.499,33.7509],[-84.4992,33.7508],[-84.4995,33.7508],[-84.4997,33.7508]]]}},{"type":"Feature","id":"13121009801","properties":{"GEOID":"13121009801","NAME":"Census Tract 98.01","AREALAND":5651673},"geometry":{"type":"Polygon","coordinates":[[[-84.4308,33.8489],[-84.4308,33.8486],[-84.4307,33.8482],[-84.4306,33.8478],[-84.4305,33.8474],[-84.4304,33.8471],[-84.4298,33.8454],[-84.4298,33.8453],[-84.4298,33.845],[-84.4297,33.8447],[-84.4297,33.8445],[-84.4297,33.8442],[-84.4297,33.8437],[-84.4297,33.8431],[-84.4298,33.8423],[-84.4299,33.8418],[-84.4299,33.8413],[-84.4299,33.8412],[-84.4299,33.8404],[-84.4298,33.84],[-84.4298,33.8398],[-84.4295,33.8387],[-84.4295,33.8387],[-84.4295,33.8386],[-84.4294,33.8383],[-84.4291,33.8374],[-84.4287,33.8365],[-84.4286,33.8363],[-84.4282,33.8354],[-84.4279,33.8349],[-84.4275,33.8342],[-84.4274,33.8338],[-84.4266,33.8323],[-84.4265,33.8321],[-84.4264,33.8318],[-84.425,33.8288],[-84.4249,33.8285],[-84.424,33.826],[-84.424,33.8256],[-84.4239,33.8251],[-84.4239,33.825],[-84.4238,33.8249],[-84.4237,33.8249],[-84.4235,33.8248],[-84.4234,33.8248],[-84.4233,33.8248],[-84.4232,33.8247],[-84.4231,33.8246],[-84.423,33.8246],[-84.4228,33.8244],[-84.4227,33.8243],[-84.4226,33.8242],[-84.4218,33.8231],[-84.4212,33.8225],[-84.4207,33.8221],[-84.4206,33.8221],[-84.4205,33.822],[-84.4204,33.822],[-84.4203,33.822],[-84.4202,33.8219],[-84.4201,33.8219],[-84.42,33.8219],[-84.4199,33.8219],[-84.4198,33.8219],[-84.4197,33.8219],[-84.4192,33.8219],[-84.4188,33.8219],[-84.4185,33.8219],[-84.4181,33.8219],[-84.4176,33.8218],[-84.4175,33.8218],[-84.4174,33.8219],[-84.4173,33.8219],[-84.4172,33.8219],[-84.4171,33.822],[-84.417,33.822],[-84.4169,33.8221],[-84.4168,33.8221],[-84.4167,33.8222],[-84.4167,33.8223],[-84.4166,33.8223],[-84.4166,33.8224],[-84.4166,33.8226],[-84.4166,33.8228],[-84.4166,33.823],[-84.4166,33.8231],[-84.4166,33.8233],[-84.4167,33.8235],[-84.4168,33.8236],[-84.4168,33.8237],[-84.4168,33.8238],[-84.4168,33.8239],[-84.4169,33.824],[-84.4169,33.8241],[-84.4168,33.8242],[-84.4168,33.8243],[-84.4168,33.8243],[-84.4167,33.8244],[-84.4167,33.8245],[-84.4166,33.8246],[-84.4165,33.8246],[-84.4164,33.8246],[-84.4164,33.8246],[-84.4162,33.8247],[-84.416,33.8247],[-84.4157,33.8247],[-84.4155,33.8246],[-84.4153,33.8246],[-84.4151,33.8246],[-84.4148,33.8245],[-84.4146,33.8244],[-84.4144,33.8244],[-84.4142,33.8244],[-84.414,33.8244],[-84.4138,33.8244],[-84.4135,33.8244],[-84.4133,33.8244],[-84.4129,33.8243],[-84.4128,33.8243],[-84.4127,33.8243],[-84.4127,33.8242],[-84.4126,33.8241],[-84.4125,33.8239],[-84.4124,33.8237],[-84.4124,33.8236],[-84.4124,33.8235],[-84.4124,33.8233],[-84.4124,33.8232],[-84.4125,33.8224],[-84.4127,33.8216],[-84.4127,33.8215],[-84.4127,33.8214],[-84.4127,33.8213],[-84.4127,33.8212],[-84.4127,33.8211],[-84.4126,33.8211],[-84.4126,33.821],[-84.4125,33.8209],[-84.4125,33.8208],[-84.4124,33.8208],[-84.4123,33.8207],[-84.4123,33.8206],[-84.4122,33.8206],[-84.4121,33.8205],[-84.412,33.8205],[-84.4119,33.8205],[-84.4109,33.8202],[-84.4107,33.8201],[-84.4104,33.8201],[-84.4102,33.8201],[-84.41,33.8201],[-84.4098,33.8201],[-84.4097,33.8201],[-84.4092,33.8202],[-84.4088,33.8203],[-84.4085,33.8203],[-84.4082,33.8203],[-84.4079,33.8203],[-84.4076,33.8203],[-84.4076,33.8204],[-84.4076,33.8206],[-84.4076,33.8207],[-84.4076,33.8239],[-84.4076,33.8241],[-84.4076,33.8245],[-84.4075,33.8261],[-84.4075,33.8277],[-84.4075,33.8284],[-84.4075,33.8287],[-84.4075,33.8294],[-84.4075,33.8299],[-84.4075,33.8317],[-84.4074,33.8325],[-84.4074,33.8327],[-84.4074,33.835],[-84.4074,33.8365],[-84.4074,33.8367],[-84.4074,33.8369],[-84.4075,33.8372],[-84.4076,33.8376],[-84.4076,33.8376],[-84.4078,33.838],[-84.408,33.8383],[-84.408,33.8385],[-84.4081,33.8387],[-84.4082,33.8389],[-84.4082,33.8392],[-84.4082,33.8395],[-84.4083,33.8408],[-84.4083,33.8409],[-84.4083,33.8409],[-84.4082,33.841],[-84.4082,33.8411],[-84.4082,33.8412],[-84.408,33.8413],[-84.4077,33.8416],[-84.4076,33.8417],[-84.4075,33.8418],[-84.4074,33.8418],[-84.4074,33.842],[-84.4074,33.8422],[-84.4073,33.8445],[-84.4073,33.8473],[-84.4077,33.8475],[-84.4079,33.8476],[-84.4083,33.8477],[-84.4093,33.8481],[-84.4097,33.8482],[-84.41,33.8483],[-84.4112,33.8488],[-84.4115,33.8489],[-84.4117,33.8489],[-84.4134,33.8494],[-84.4143,33.8497],[-84.416,33.8501],[-84.4178,33.8505],[-84.4182,33.8506],[-84.4193,33.8508],[-84.4202,33.851],[-84.4216,33.8512],[-84.4218,33.8512],[-84.4222,33.8513],[-84.4225,33.8513],[-84.4228,33.8513],[-84.4233,33.8512],[-84.4239,33.8512],[-84.4243,33.8511],[-84.4245,33.851],[-84.4248,33.851],[-84.425,33.8509],[-84.4252,33.8508],[-84.4258,33.8506],[-84.4258,33.8506],[-84.4269,33.8502],[-84.4272,33.85],[-84.4276,33.8499],[-84.4286,33.8495],[-84.4289,33.8494],[-84.4292,33.8493],[-84.43,33.8491],[-84.4303,33.849],[-84.4308,33.8489]]]}},{"type":"Feature","id":"13121010211","properties":{"GEOID":"13121010211","NAME":"Census Tract 102.11","AREALAND":3831226},"geometry":{"type":"Polygon","coordinates":[[[-84.4123,33.8773],[-84.4122,33.8771],[-84.4121,33.8769],[-84.412,33.8768],[-84.412,33.8768],[-84.4118,33.8766],[-84.4117,33.8766],[-84.4113,33.8762],[-84.4109,33.8759],[-84.4106,33.8756],[-84.4101,33.8753],[-84.41,33.8752],[-84.4097,33.8749],[-84.4097,33.8748],[-84.4096,33.8747],[-84.4096,33.8745],[-84.4097,33.8737],[-84.4097,33.8735],[-84.4097,33.8734],[-84.4096,33.8731],[-84.4095,33.873],[-84.4094,33.8728],[-84.4089,33.8723],[-84.4088,33.8722],[-84.4081,33.8728],[-84.4079,33.8729],[-84.4077,33.873],[-84.4076,33.873],[-84.4071,33.8733],[-84.4068,33.8734],[-84.4066,33.8735],[-84.4064,33.8736],[-84.4061,33.8738],[-84.406,33.8739],[-84.4058,33.8742],[-84.4056,33.8745],[-84.4052,33.875],[-84.4051,33.8751],[-84.405,33.8752],[-84.4049,33.8753],[-84.4047,33.8754],[-84.4045,33.8755],[-84.4044,33.8754],[-84.4044,33.8754],[-84.4039,33.8751],[-84.4038,33.875],[-84.4037,33.8749],[-84.4036,33.8749],[-84.4034,33.8748],[-84.403,33.8748],[-84.4028,33.8748],[-84.4025,33.8747],[-84.4021,33.8747],[-84.4009,33.8746],[-84.4004,33.8746],[-84.3991,33.8744],[-84.399,33.8744],[-84.3981,33.8744],[-84.398,33.8744],[-84.3979,33.8744],[-84.3979,33.8744],[-84.3978,33.8743],[-84.3974,33.874],[-84.397,33.8737],[-84.3968,33.8735],[-84.3963,33.8731],[-84.3962,33.8732],[-84.3956,33.8735],[-84.395,33.8739],[-84.3949,33.874],[-84.3949,33.874],[-84.3948,33.874],[-84.3947,33.874],[-84.3946,33.8741],[-84.3945,33.8741],[-84.3941,33.8741],[-84.3939,33.8741],[-84.3937,33.8742],[-84.3935,33.8743],[-84.393,33.8746],[-84.3928,33.8748],[-84.3926,33.8749],[-84.3925,33.8751],[-84.3922,33.8755],[-84.3921,33.8756],[-84.3921,33.8757],[-84.3919,33.8758],[-84.3917,33.8759],[-84.3916,33.8759],[-84.3895,33.8764],[-84.3893,33.8765],[-84.389,33.8766],[-84.3888,33.8766],[-84.3882,33.8769],[-84.3881,33.877],[-84.3879,33.877],[-84.3878,33.877],[-84.3874,33.8771],[-84.3858,33.8771],[-84.3853,33.8772],[-84.385,33.8772],[-84.3843,33.8773],[-84.3842,33.8773],[-84.384,33.8774],[-84.3839,33.8774],[-84.3838,33.8775],[-84.3836,33.8775],[-84.3835,33.8776],[-84.3828,33.878],[-84.3827,33.878],[-84.3826,33.8781],[-84.3825,33.8781],[-84.3824,33.8781],[-84.3823,33.8781],[-84.3823,33.8781],[-84.3822,33.878],[-84.3822,33.878],[-84.3821,33.878],[-84.3819,33.8779],[-84.3812,33.8775],[-84.3799,33.8768],[-84.3799,33.877],[-84.3798,33.8771],[-84.3798,33.8773],[-84.3798,33.8774],[-84.3798,33.8781],[-84.3798,33.8788],[-84.3798,33.879],[-84.3798,33.8799],[-84.3798,33.8807],[-84.3798,33.8809],[-84.3798,33.8811],[-84.3798,33.8812],[-84.3798,33.8813],[-84.3798,33.8817],[-84.3798,33.8819],[-84.3798,33.882],[-84.3799,33.8821],[-84.3799,33.8823],[-84.3799,33.8825],[-84.38,33.8828],[-84.3801,33.8831],[-84.3803,33.8838],[-84.3804,33.8838],[-84.3804,33.884],[-84.3804,33.884],[-84.3805,33.8842],[-84.3807,33.8845],[-84.3807,33.8845],[-84.3809,33.8848],[-84.381,33.885],[-84.3812,33.8852],[-84.3813,33.8854],[-84.3813,33.8855],[-84.3814,33.8856],[-84.3815,33.8859],[-84.3816,33.8862],[-84.3817,33.8864],[-84.3817,33.8865],[-84.3817,33.8867],[-84.3817,33.8869],[-84.3817,33.887],[-84.3816,33.888],[-84.3816,33.8881],[-84.3832,33.8882],[-84.3838,33.8882],[-84.3842,33.8882],[-84.3844,33.8883],[-84.3847,33.8883],[-84.3853,33.8885],[-84.3854,33.8885],[-84.3856,33.8886],[-84.3857,33.8887],[-84.3861,33.889],[-84.3869,33.8895],[-84.387,33.8896],[-84.3873,33.8897],[-84.3881,33.8902],[-84.3882,33.8903],[-84.3884,33.8903],[-84.3886,33.8903],[-84.3891,33.8904],[-84.3904,33.8904],[-84.3905,33.8904],[-84.3907,33.8904],[-84.3908,33.8904],[-84.391,33.8905],[-84.3911,33.8906],[-84.3912,33.8907],[-84.3914,33.8908],[-84.3915,33.8909],[-84.3916,33.891],[-84.3921,33.8918],[-84.3923,33.8913],[-84.3924,33.8912],[-84.3925,33.891],[-84.3926,33.8908],[-84.3929,33.8906],[-84.3932,33.8904],[-84.3933,33.8904],[-84.3938,33.89],[-84.3942,33.8898],[-84.3944,33.8897],[-84.3945,33.8897],[-84.3945,33.8897],[-84.3949,33.8895],[-84.3958,33.8892],[-84.3961,33.8891],[-84.3972,33.8888],[-84.3979,33.8886],[-84.3985,33.8885],[-84.3987,33.8884],[-84.3988,33.8884],[-84.3989,33.8883],[-84.399,33.8882],[-84.3994,33.8878],[-84.3995,33.8878],[-84.3996,33.8877],[-84.3997,33.8876],[-84.4003,33.8873],[-84.4009,33.8869],[-84.401,33.8869],[-84.4012,33.8868],[-84.4013,33.8868],[-84.4014,33.8868],[-84.4016,33.8868],[-84.4018,33.8868],[-84.4026,33.8868],[-84.4028,33.8867],[-84.4029,33.8867],[-84.403,33.8866],[-84.4031,33.8866],[-84.4032,33.8865],[-84.4033,33.8864],[-84.4035,33.8862],[-84.4037,33.886],[-84.4039,33.8857],[-84.4042,33.8855],[-84.4043,33.8854],[-84.4044,33.8854],[-84.4045,33.8853],[-84.4046,33.8853],[-84.4047,33.8852],[-84.4048,33.8852],[-84.4049,33.8852],[-84.405,33.8852],[-84.405,33.8852],[-84.4051,33.8852],[-84.4053,33.8853],[-84.4053,33.8853],[-84.4053,33.8853],[-84.4054,33.8853],[-84.4054,33.8853],[-84.4055,33.8853],[-84.4057,33.8853],[-84.4058,33.8852],[-84.4059,33.8852],[-84.406,33.8851],[-84.4063,33.8849],[-84.4065,33.8848],[-84.4067,33.8845],[-84.4069,33.8843],[-84.407,33.8842],[-84.4071,33.884],[-84.4077,33.8832],[-84.4078,33.883],[-84.4079,33.8828],[-84.408,33.8826],[-84.4081,33.8818],[-84.4082,33.8816],[-84.4083,33.8814],[-84.4084,33.8813],[-84.4084,33.8812],[-84.4086,33.881],[-84.4087,33.8809],[-84.4088,33.8809],[-84.4091,33.8809],[-84.4099,33.8808],[-84.4101,33.8808],[-84.4102,33.8807],[-84.4103,33.8807],[-84.4109,33.8801],[-84.4113,33.8797],[-84.4113,33.8796],[-84.4114,33.8795],[-84.4115,33.8793],[-84.4115,33.8791],[-84.4116,33.8788],[-84.4117,33.8785],[-84.4117,33.8784],[-84.4117,33.8783],[-84.4118,33.8781],[-84.4118,33.878],[-84.4119,33.8779],[-84.4119,33.8777],[-84.4121,33.8775],[-84.4123,33.8773]]]}},{"type":"Feature","id":"13121010119","properties":{"GEOID":"13121010119","NAME":"Census Tract 101.19","AREALAND":2156949},"geometry":{"type":"Polygon","coordinates":[[[-84.3518,33.9912],[-84.3518,33.991],[-84.3518,33.9905],[-84.3517,33.9901],[-84.3517,33.9896],[-84.3516,33.9892],[-84.3514,33.9886],[-84.3512,33.988],[-84.351,33.9876],[-84.3509,33.9871],[-84.3508,33.9867],[-84.3507,33.9859],[-84.3506,33.9851],[-84.3504,33.9841],[-84.3504,33.9841],[-84.3504,33.9838],[-84.3503,33.9828],[-84.3503,33.9819],[-84.3503,33.9814],[-84.35,33.9815],[-84.3497,33.9815],[-84.3494,33.9816],[-84.3482,33.9817],[-84.3473,33.9818],[-84.3456,33.9819],[-84.3455,33.9819],[-84.3432,33.9821],[-84.3431,33.9822],[-84.3424,33.9822],[-84.3419,33.9823],[-84.3416,33.9827],[-84.3415,33.983],[-84.3413,33.9833],[-84.341,33.984],[-84.3403,33.9855],[-84.3401,33.9857],[-84.34,33.9859],[-84.3397,33.9869],[-84.3395,33.9874],[-84.339,33.9887],[-84.3386,33.9899],[-84.3384,33.991],[-84.3382,33.9917],[-84.3392,33.9916],[-84.3392,33.9916],[-84.3392,33.9917],[-84.3392,33.9918],[-84.3392,33.9919],[-84.3391,33.992],[-84.3388,33.9923],[-84.3388,33.9925],[-84.3387,33.9926],[-84.3386,33.9928],[-84.3384,33.9945],[-84.338,33.9972],[-84.338,33.9973],[-84.3379,33.9978],[-84.3379,33.9981],[-84.3379,33.9984],[-84.338,33.9986],[-84.338,33.9988],[-84.3381,33.9992],[-84.3381,33.9992],[-84.3387,33.9993],[-84.3391,33.9993],[-84.3395,33.9994],[-84.3398,33.9994],[-84.34,33.9993],[-84.3402,33.9993],[-84.3404,33.9993],[-84.3406,33.9992],[-84.3406,33.9992],[-84.3408,33.9991],[-84.3411,33.999],[-84.3413,33.9989],[-84.3415,33.9988],[-84.3417,33.9986],[-84.3421,33.9985],[-84.3425,33.9984],[-84.3425,33.9983],[-84.3427,33.9983],[-84.343,33.9982],[-84.343,33.9982],[-84.3433,33.9982],[-84.3434,33.9982],[-84.3435,33.9982],[-84.3437,33.9982],[-84.3439,33.9982],[-84.3441,33.9983],[-84.3444,33.9984],[-84.3447,33.9985],[-84.3449,33.9986],[-84.3452,33.9987],[-84.3455,33.9989],[-84.3458,33.9991],[-84.346,33.9993],[-84.3461,33.9994],[-84.3462,33.9995],[-84.3464,33.9997],[-84.3465,33.9999],[-84.3468,34.0005],[-84.3469,34.0006],[-84.3469,34.0006],[-84.347,34.0007],[-84.3471,34.0008],[-84.3475,34.001],[-84.3479,34.0013],[-84.3481,34.0013],[-84.3483,34.0014],[-84.3486,34.0015],[-84.3489,34.0015],[-84.3504,34.0016],[-84.3505,34.0006],[-84.3505,33.9992],[-84.3507,33.9982],[-84.3508,33.9972],[-84.3513,33.994],[-84.3515,33.993],[-84.3515,33.9929],[-84.3515,33.9927],[-84.3515,33.9926],[-84.3516,33.9924],[-84.3517,33.9915],[-84.3518,33.9912]]]}},{"type":"Feature","id":"13121010121","properties":{"GEOID":"13121010121","NAME":"Census Tract 101.21","AREALAND":2096656},"geometry":{"type":"Polygon","coordinates":[[[-84.3801,33.9326],[-84.3801,33.9323],[-84.38,33.9319],[-84.3799,33.9316],[-84.3798,33.9313],[-84.3797,33.9309],[-84.3796,33.9306],[-84.3795,33.9303],[-84.3794,33.9301],[-84.3793,33.9298],[-84.3792,33.9295],[-84.3792,33.9292],[-84.3792,33.9288],[-84.3791,33.9268],[-84.3791,33.9251],[-84.3787,33.9249],[-84.3785,33.9248],[-84.3784,33.9248],[-84.3782,33.9247],[-84.3779,33.9246],[-84.3773,33.9246],[-84.3771,33.9245],[-84.3769,33.9245],[-84.3765,33.9245],[-84.376,33.9244],[-84.3759,33.9244],[-84.3756,33.9244],[-84.3754,33.9244],[-84.3749,33.9244],[-84.3734,33.9244],[-84.3731,33.9244],[-84.3728,33.9245],[-84.3727,33.9245],[-84.3725,33.9246],[-84.3723,33.9246],[-84.3706,33.9252],[-84.3686,33.926],[-84.3684,33.9261],[-84.3679,33.9263],[-84.3674,33.9266],[-84.367,33.9268],[-84.3667,33.9269],[-84.366,33.9272],[-84.3651,33.9276],[-84.3647,33.9278],[-84.3643,33.9279],[-84.364,33.928],[-84.3638,33.9281],[-84.3618,33.9286],[-84.3611,33.9288],[-84.3603,33.9291],[-84.3599,33.9292],[-84.3583,33.9297],[-84.358,33.9298],[-84.3579,33.9298],[-84.3579,33.9301],[-84.3579,33.9312],[-84.3579,33.9333],[-84.358,33.9333],[-84.3584,33.9333],[-84.359,33.9333],[-84.3599,33.9333],[-84.3604,33.9334],[-84.3608,33.9334],[-84.3612,33.9335],[-84.3615,33.9336],[-84.3618,33.9337],[-84.362,33.9338],[-84.3623,33.9339],[-84.3625,33.9341],[-84.3627,33.9342],[-84.3631,33.9345],[-84.364,33.9353],[-84.3643,33.9354],[-84.3645,33.9356],[-84.3649,33.9358],[-84.365,33.9358],[-84.365,33.9358],[-84.3653,33.9359],[-84.3656,33.936],[-84.3662,33.9362],[-84.3667,33.9364],[-84.3667,33.9364],[-84.3678,33.9367],[-84.3689,33.9371],[-84.3693,33.9372],[-84.3696,33.9373],[-84.37,33.9373],[-84.3703,33.9373],[-84.3707,33.9373],[-84.3714,33.9372],[-84.3718,33.9372],[-84.3721,33.9371],[-84.3726,33.937],[-84.3731,33.937],[-84.3737,33.937],[-84.3749,33.937],[-84.3775,33.937],[-84.378,33.937],[-84.3782,33.937],[-84.3783,33.937],[-84.3785,33.9368],[-84.3786,33.9365],[-84.3788,33.9363],[-84.3789,33.9362],[-84.3791,33.9359],[-84.3794,33.9353],[-84.3795,33.9352],[-84.3797,33.9348],[-84.3798,33.9344],[-84.3799,33.9341],[-84.3799,33.9338],[-84.38,33.9334],[-84.38,33.933],[-84.3801,33.9326]]]}},{"type":"Feature","id":"13121010123","properties":{"GEOID":"13121010123","NAME":"Census Tract 101.23","AREALAND":2764438},"geometry":{"type":"Polygon","coordinates":[[[-84.3783,33.9371],[-84.3783,33.937],[-84.3782,33.937],[-84.378,33.937],[-84.3775,33.937],[-84.3749,33.937],[-84.3737,33.937],[-84.3731,33.937],[-84.3726,33.937],[-84.3721,33.9371],[-84.3718,33.9372],[-84.3714,33.9372],[-84.3707,33.9373],[-84.3703,33.9373],[-84.37,33.9373],[-84.3696,33.9373],[-84.3693,33.9372],[-84.3689,33.9371],[-84.3678,33.9367],[-84.3667,33.9364],[-84.3667,33.9364],[-84.3662,33.9362],[-84.3656,33.936],[-84.3653,33.9359],[-84.365,33.9358],[-84.365,33.9358],[-84.3649,33.9358],[-84.3645,33.9356],[-84.3643,33.9354],[-84.364,33.9353],[-84.3631,33.9345],[-84.3627,33.9342],[-84.3625,33.9341],[-84.3623,33.9339],[-84.362,33.9338],[-84.3618,33.9337],[-84.3615,33.9336],[-84.3612,33.9335],[-84.3608,33.9334],[-84.3604,33.9334],[-84.3599,33.9333],[-84.359,33.9333],[-84.3584,33.9333],[-84.358,33.9333],[-84.3579,33.9333],[-84.3579,33.9336],[-84.3579,33.9339],[-84.3579,33.9342],[-84.3579,33.9348],[-84.358,33.9367],[-84.3579,33.937],[-84.3579,33.9383],[-84.358,33.94],[-84.358,33.9415],[-84.3581,33.9424],[-84.3581,33.9425],[-84.3581,33.9433],[-84.3581,33.9443],[-84.3582,33.9449],[-84.3581,33.946],[-84.3581,33.9468],[-84.3581,33.947],[-84.358,33.9484],[-84.358,33.9487],[-84.3579,33.9509],[-84.3579,33.9509],[-84.3579,33.9509],[-84.3579,33.9509],[-84.3579,33.951],[-84.3579,33.9511],[-84.3579,33.9512],[-84.3579,33.9515],[-84.3578,33.952],[-84.3577,33.9526],[-84.3577,33.953],[-84.3576,33.9535],[-84.3575,33.9538],[-84.3572,33.9548],[-84.3569,33.9556],[-84.3568,33.9558],[-84.3566,33.9563],[-84.3564,33.9568],[-84.3568,33.9566],[-84.3571,33.9565],[-84.3577,33.9563],[-84.3578,33.9563],[-84.3579,33.9562],[-84.3581,33.9562],[-84.3588,33.9562],[-84.3592,33.9562],[-84.3595,33.9561],[-84.3598,33.9561],[-84.3601,33.956],[-84.3603,33.9559],[-84.3605,33.9558],[-84.3613,33.9554],[-84.3615,33.9552],[-84.3615,33.9552],[-84.3617,33.9552],[-84.3618,33.9551],[-84.3619,33.9551],[-84.362,33.9551],[-84.3622,33.955],[-84.3624,33.955],[-84.3625,33.955],[-84.3626,33.955],[-84.3628,33.955],[-84.363,33.955],[-84.3639,33.9551],[-84.3646,33.9553],[-84.3647,33.9551],[-84.3648,33.9549],[-84.3649,33.9547],[-84.3651,33.9545],[-84.3653,33.9544],[-84.3659,33.9539],[-84.3661,33.9537],[-84.3663,33.9535],[-84.3665,33.9533],[-84.3668,33.953],[-84.3669,33.9529],[-84.3672,33.9524],[-84.3674,33.952],[-84.3675,33.9519],[-84.3676,33.9518],[-84.3678,33.9514],[-84.3682,33.9509],[-84.3685,33.9507],[-84.3687,33.9504],[-84.369,33.9502],[-84.3692,33.9501],[-84.3694,33.95],[-84.3696,33.9498],[-84.3697,33.9497],[-84.37,33.9495],[-84.3703,33.9491],[-84.3704,33.949],[-84.3705,33.9489],[-84.3705,33.9488],[-84.3706,33.9485],[-84.3707,33.9484],[-84.3707,33.9481],[-84.3707,33.9479],[-84.3708,33.9475],[-84.3709,33.9468],[-84.371,33.9466],[-84.371,33.9464],[-84.3711,33.9462],[-84.3713,33.9456],[-84.3713,33.9455],[-84.3715,33.9452],[-84.3717,33.9447],[-84.3718,33.9445],[-84.3723,33.9434],[-84.3725,33.9431],[-84.3727,33.9429],[-84.3728,33.9428],[-84.3728,33.9428],[-84.3733,33.9423],[-84.3735,33.9421],[-84.3737,33.9419],[-84.3738,33.9417],[-84.3747,33.9408],[-84.375,33.9406],[-84.3752,33.9404],[-84.3756,33.94],[-84.3763,33.9392],[-84.3768,33.9388],[-84.3774,33.9382],[-84.3775,33.938],[-84.3777,33.9378],[-84.3779,33.9376],[-84.3783,33.9371]]]}},{"type":"Feature","id":"13121011505","properties":{"GEOID":"13121011505","NAME":"Census Tract 115.05","AREALAND":4165791},"geometry":{"type":"Polygon","coordinates":[[[-84.3833,34.0669],[-84.3833,34.066],[-84.3833,34.0652],[-84.3827,34.0651],[-84.3823,34.0652],[-84.382,34.0653],[-84.3816,34.0654],[-84.3813,34.0655],[-84.3771,34.0678],[-84.3761,34.0683],[-84.3742,34.0692],[-84.3733,34.0696],[-84.3731,34.0697],[-84.3728,34.0698],[-84.3725,34.0699],[-84.3722,34.07],[-84.3717,34.0701],[-84.3712,34.0701],[-84.3709,34.0702],[-84.3703,34.0703],[-84.3697,34.0704],[-84.3695,34.0705],[-84.3693,34.0705],[-84.3688,34.0708],[-84.3684,34.0709],[-84.3681,34.0711],[-84.3681,34.0711],[-84.3679,34.0712],[-84.3659,34.0727],[-84.3644,34.0738],[-84.3628,34.075],[-84.3617,34.0758],[-84.3611,34.0763],[-84.3606,34.0767],[-84.3603,34.077],[-84.3597,34.0778],[-84.3583,34.0778],[-84.3554,34.0777],[-84.3557,34.0783],[-84.3558,34.0784],[-84.3559,34.0786],[-84.356,34.0787],[-84.3561,34.0791],[-84.3562,34.0791],[-84.3562,34.0793],[-84.3565,34.08],[-84.3569,34.0812],[-84.3572,34.0819],[-84.3573,34.082],[-84.3576,34.0826],[-84.3581,34.0834],[-84.3584,34.084],[-84.3585,34.0842],[-84.3586,34.0843],[-84.3591,34.0852],[-84.3592,34.0853],[-84.3592,34.0854],[-84.3592,34.0854],[-84.3593,34.0856],[-84.3594,34.0857],[-84.3595,34.0859],[-84.3596,34.0862],[-84.3596,34.0864],[-84.3601,34.0876],[-84.3601,34.0879],[-84.3602,34.088],[-84.3604,34.0883],[-84.3608,34.0888],[-84.3618,34.0889],[-84.3619,34.0889],[-84.3621,34.089],[-84.3624,34.089],[-84.3647,34.089],[-84.3657,34.089],[-84.366,34.089],[-84.3665,34.089],[-84.3667,34.089],[-84.3673,34.089],[-84.3694,34.089],[-84.3703,34.089],[-84.3702,34.0897],[-84.3703,34.0899],[-84.3703,34.0901],[-84.3704,34.0904],[-84.3707,34.0913],[-84.3708,34.0915],[-84.3708,34.0917],[-84.3709,34.0919],[-84.3709,34.0931],[-84.3709,34.0933],[-84.3709,34.0935],[-84.3709,34.0935],[-84.3709,34.0935],[-84.3709,34.0936],[-84.371,34.0937],[-84.371,34.0938],[-84.3711,34.0939],[-84.3713,34.0941],[-84.3713,34.0941],[-84.3714,34.0942],[-84.3717,34.094],[-84.3718,34.0939],[-84.3719,34.0938],[-84.372,34.0937],[-84.3725,34.0931],[-84.3726,34.0929],[-84.3728,34.0927],[-84.3729,34.0926],[-84.3738,34.092],[-84.3742,34.0917],[-84.3747,34.0914],[-84.3749,34.0912],[-84.3753,34.091],[-84.3761,34.0907],[-84.3772,34.0902],[-84.3771,34.0888],[-84.3771,34.0883],[-84.377,34.0879],[-84.377,34.0876],[-84.377,34.0874],[-84.377,34.0872],[-84.3771,34.0869],[-84.3772,34.0866],[-84.3773,34.0863],[-84.3776,34.0854],[-84.378,34.0846],[-84.3785,34.0833],[-84.3786,34.083],[-84.3788,34.0826],[-84.3791,34.0818],[-84.3796,34.0806],[-84.3798,34.08],[-84.38,34.0798],[-84.3801,34.0796],[-84.3804,34.0793],[-84.3806,34.0792],[-84.3807,34.0791],[-84.3814,34.0783],[-84.3815,34.0782],[-84.3815,34.0781],[-84.3816,34.078],[-84.3817,34.0778],[-84.3818,34.0777],[-84.3818,34.0775],[-84.3819,34.0772],[-84.3819,34.0769],[-84.3819,34.0754],[-84.3819,34.0752],[-84.382,34.075],[-84.382,34.0748],[-84.3821,34.0746],[-84.3822,34.0744],[-84.3823,34.0742],[-84.3824,34.074],[-84.3828,34.0735],[-84.3829,34.0733],[-84.383,34.073],[-84.3831,34.0728],[-84.3832,34.0725],[-84.3832,34.0722],[-84.3833,34.0688],[-84.3833,34.0669]]]}},{"type":"Feature","id":"13121011424","properties":{"GEOID":"13121011424","NAME":"Census Tract 114.24","AREALAND":4867416},"geometry":{"type":"Polygon","coordinates":[[[-84.2765,34.0045],[-84.2764,34.0036],[-84.2764,34.0021],[-84.2763,34.0018],[-84.2762,34.0014],[-84.276,34.0011],[-84.276,34.001],[-84.2759,34.0009],[-84.2759,34.0008],[-84.2757,34.0006],[-84.2753,34.0002],[-84.2751,34.0],[-84.2749,33.9998],[-84.2749,33.9997],[-84.2748,33.9996],[-84.2747,33.9995],[-84.2745,33.9992],[-84.2744,33.9989],[-84.2743,33.9986],[-84.2743,33.9985],[-84.2741,33.9981],[-84.2741,33.9978],[-84.274,33.9976],[-84.2736,33.9959],[-84.2735,33.9955],[-84.2735,33.9951],[-84.2734,33.9931],[-84.2734,33.9926],[-84.2734,33.9925],[-84.2733,33.9915],[-84.2732,33.9904],[-84.2732,33.9902],[-84.2732,33.9899],[-84.2732,33.9897],[-84.2733,33.9895],[-84.2733,33.9894],[-84.2733,33.9893],[-84.2732,33.9893],[-84.2727,33.9881],[-84.2726,33.9879],[-84.2725,33.9878],[-84.2725,33.9877],[-84.2723,33.9875],[-84.2723,33.9874],[-84.2722,33.9874],[-84.272,33.9872],[-84.2717,33.9869],[-84.2712,33.9866],[-84.2704,33.986],[-84.2693,33.9853],[-84.2691,33.9854],[-84.2689,33.9855],[-84.2687,33.9855],[-84.2685,33.9856],[-84.2683,33.9857],[-84.2681,33.9858],[-84.2679,33.9859],[-84.2678,33.986],[-84.2677,33.9861],[-84.267,33.9868],[-84.2668,33.987],[-84.2666,33.9872],[-84.2662,33.9874],[-84.266,33.9875],[-84.2657,33.9877],[-84.2652,33.9879],[-84.2643,33.9882],[-84.264,33.9883],[-84.2637,33.9884],[-84.2633,33.9884],[-84.263,33.9885],[-84.2626,33.9885],[-84.2624,33.9886],[-84.2621,33.9887],[-84.2619,33.9888],[-84.2617,33.9889],[-84.2605,33.9894],[-84.2602,33.9896],[-84.26,33.9898],[-84.2598,33.9899],[-84.2597,33.9901],[-84.2596,33.9902],[-84.2595,33.9904],[-84.2594,33.9905],[-84.2593,33.991],[-84.2588,33.9924],[-84.2587,33.9927],[-84.2586,33.9931],[-84.2587,33.994],[-84.2587,33.9965],[-84.2587,33.9977],[-84.2587,33.9979],[-84.2587,33.998],[-84.2586,33.9982],[-84.2586,33.9984],[-84.2585,33.9985],[-84.2584,33.9988],[-84.258,33.9993],[-84.2575,34.0001],[-84.2574,34.0003],[-84.2572,34.0005],[-84.2571,34.0007],[-84.2569,34.0009],[-84.2544,34.0045],[-84.2526,34.007],[-84.2525,34.0073],[-84.2524,34.0075],[-84.2522,34.0082],[-84.2522,34.0085],[-84.2519,34.0098],[-84.2519,34.0101],[-84.2518,34.0103],[-84.2518,34.0107],[-84.2519,34.0111],[-84.2519,34.0114],[-84.252,34.012],[-84.252,34.0123],[-84.2521,34.0126],[-84.2521,34.0129],[-84.2521,34.0132],[-84.252,34.0135],[-84.2519,34.0138],[-84.2517,34.014],[-84.2516,34.0143],[-84.2508,34.0151],[-84.2507,34.0151],[-84.2511,34.0155],[-84.2514,34.016],[-84.2517,34.0163],[-84.2521,34.0168],[-84.2522,34.017],[-84.2522,34.0171],[-84.2527,34.0179],[-84.253,34.0183],[-84.2532,34.0187],[-84.2533,34.0188],[-84.2534,34.019],[-84.2534,34.0192],[-84.2534,34.0194],[-84.2535,34.0195],[-84.2535,34.0197],[-84.2535,34.0199],[-84.2535,34.02],[-84.2534,34.0203],[-84.2533,34.0204],[-84.2529,34.0216],[-84.2529,34.0216],[-84.2529,34.0217],[-84.2529,34.0219],[-84.2528,34.022],[-84.2528,34.0223],[-84.2528,34.0226],[-84.2528,34.0228],[-84.2529,34.0232],[-84.2529,34.0233],[-84.2529,34.0235],[-84.2529,34.0236],[-84.2529,34.0237],[-84.2529,34.0238],[-84.2528,34.0239],[-84.2528,34.0241],[-84.2527,34.0242],[-84.2531,34.0242],[-84.2536,34.0243],[-84.254,34.0244],[-84.2545,34.0244],[-84.2548,34.0244],[-84.2551,34.0244],[-84.2552,34.0244],[-84.2554,34.0244],[-84.2558,34.0244],[-84.2562,34.0244],[-84.2569,34.0243],[-84.2571,34.0243],[-84.2575,34.0242],[-84.2583,34.0241],[-84.2585,34.0241],[-84.259,34.024],[-84.2592,34.0239],[-84.2594,34.0239],[-84.2598,34.0238],[-84.2602,34.0236],[-84.2606,34.0235],[-84.2615,34.0231],[-84.2626,34.0226],[-84.2629,34.0224],[-84.2631,34.0223],[-84.2639,34.0218],[-84.2642,34.0216],[-84.2639,34.0211],[-84.2637,34.0205],[-84.2635,34.02],[-84.2635,34.0197],[-84.2635,34.0195],[-84.2635,34.0193],[-84.2636,34.0185],[-84.2638,34.0172],[-84.2638,34.0169],[-84.2638,34.0166],[-84.2638,34.0161],[-84.2638,34.016],[-84.2636,34.0144],[-84.2635,34.0135],[-84.2633,34.0119],[-84.2633,34.0117],[-84.2633,34.0114],[-84.2633,34.0106],[-84.2633,34.0095],[-84.2633,34.0093],[-84.2633,34.0091],[-84.2633,34.0086],[-84.2633,34.0085],[-84.2633,34.0083],[-84.2634,34.008],[-84.2635,34.0078],[-84.2636,34.0076],[-84.2636,34.0074],[-84.2637,34.0073],[-84.2641,34.0068],[-84.2655,34.0051],[-84.2668,34.0035],[-84.2671,34.0031],[-84.2673,34.0029],[-84.2674,34.0029],[-84.2676,34.0028],[-84.2679,34.0026],[-84.2681,34.0025],[-84.2683,34.0025],[-84.2685,34.0024],[-84.2687,34.0024],[-84.271,34.0023],[-84.2712,34.0023],[-84.2715,34.0023],[-84.2717,34.0023],[-84.272,34.0024],[-84.2722,34.0024],[-84.2724,34.0025],[-84.2726,34.0026],[-84.2728,34.0027],[-84.2749,34.0039],[-84.2751,34.0041],[-84.2753,34.0042],[-84.2755,34.0042],[-84.2757,34.0043],[-84.2759,34.0044],[-84.2761,34.0044],[-84.2762,34.0045],[-84.2763,34.0045],[-84.2763,34.0045],[-84.2764,34.0045],[-84.2765,34.0045]]]}},{"type":"Feature","id":"13121011622","properties":{"GEOID":"13121011622","NAME":"Census Tract 116.22","AREALAND":16925967},"geometry":{"type":"Polygon","coordinates":[[[-84.1774,34.0478],[-84.1772,34.0475],[-84.177,34.0473],[-84.1769,34.047],[-84.1767,34.0467],[-84.1766,34.0461],[-84.1759,34.0435],[-84.1756,34.0421],[-84.1755,34.0416],[-84.1754,34.0412],[-84.1751,34.04],[-84.175,34.0396],[-84.1748,34.039],[-84.1747,34.0387],[-84.1746,34.0383],[-84.1743,34.0375],[-84.174,34.0369],[-84.1739,34.0366],[-84.1738,34.0364],[-84.1737,34.0363],[-84.1735,34.0361],[-84.1734,34.036],[-84.1733,34.0359],[-84.1732,34.0358],[-84.1719,34.0349],[-84.1712,34.0344],[-84.1705,34.0339],[-84.1704,34.0338],[-84.1703,34.0337],[-84.1702,34.0336],[-84.17,34.0334],[-84.1699,34.0333],[-84.1698,34.0331],[-84.1695,34.0325],[-84.1688,34.0306],[-84.1688,34.0304],[-84.1687,34.0303],[-84.1682,34.029],[-84.1681,34.0288],[-84.1671,34.0289],[-84.1661,34.0289],[-84.1656,34.029],[-84.1643,34.0292],[-84.1625,34.0297],[-84.1623,34.0298],[-84.1623,34.0298],[-84.1619,34.0299],[-84.161,34.0304],[-84.1602,34.0308],[-84.1598,34.031],[-84.1592,34.0314],[-84.1589,34.0315],[-84.1586,34.0317],[-84.1581,34.032],[-84.1575,34.0323],[-84.1574,34.0324],[-84.1572,34.0324],[-84.1571,34.0324],[-84.157,34.0324],[-84.1569,34.0324],[-84.1568,34.0324],[-84.1566,34.0324],[-84.1565,34.0323],[-84.1552,34.0317],[-84.1542,34.0312],[-84.1531,34.0308],[-84.1529,34.0308],[-84.1511,34.0304],[-84.151,34.0304],[-84.1508,34.0304],[-84.1502,34.0303],[-84.1501,34.0303],[-84.15,34.0303],[-84.15,34.0303],[-84.1481,34.0301],[-84.1459,34.0298],[-84.1442,34.0298],[-84.1427,34.0297],[-84.1422,34.0298],[-84.1411,34.03],[-84.1405,34.0302],[-84.1402,34.0303],[-84.1389,34.0307],[-84.1384,34.0307],[-84.1382,34.0308],[-84.138,34.0308],[-84.1379,34.0308],[-84.1375,34.0309],[-84.136,34.0311],[-84.1352,34.0312],[-84.135,34.0313],[-84.1333,34.0316],[-84.1332,34.0317],[-84.1331,34.0317],[-84.1328,34.0318],[-84.1311,34.0323],[-84.1305,34.0326],[-84.1287,34.0331],[-84.128,34.0332],[-84.1277,34.0333],[-84.1266,34.0333],[-84.1259,34.0334],[-84.1254,34.0334],[-84.1249,34.0335],[-84.1249,34.0335],[-84.1247,34.0334],[-84.1235,34.0335],[-84.1228,34.0337],[-84.1219,34.0342],[-84.1213,34.0344],[-84.1211,34.0346],[-84.1203,34.035],[-84.12,34.0352],[-84.1179,34.0359],[-84.1163,34.0366],[-84.1154,34.0375],[-84.1148,34.039],[-84.1144,34.0396],[-84.1142,34.0399],[-84.1139,34.0403],[-84.1137,34.0406],[-84.1123,34.042],[-84.1112,34.0427],[-84.1101,34.0435],[-84.1087,34.0443],[-84.1085,34.0444],[-84.1082,34.0446],[-84.1075,34.0451],[-84.1074,34.0451],[-84.1065,34.0455],[-84.1044,34.0465],[-84.1014,34.0471],[-84.1004,34.0477],[-84.0996,34.0484],[-84.0982,34.0496],[-84.0979,34.05],[-84.0978,34.0504],[-84.0978,34.0505],[-84.0977,34.0506],[-84.0977,34.0506],[-84.0977,34.0506],[-84.0977,34.0507],[-84.0978,34.0507],[-84.0978,34.0507],[-84.1072,34.051],[-84.1081,34.051],[-84.111,34.051],[-84.1118,34.051],[-84.1128,34.051],[-84.1138,34.051],[-84.1144,34.051],[-84.1151,34.051],[-84.1153,34.051],[-84.1155,34.0511],[-84.1161,34.0511],[-84.1166,34.0512],[-84.1172,34.0513],[-84.1178,34.0514],[-84.1184,34.0515],[-84.1195,34.0518],[-84.1198,34.0518],[-84.1208,34.052],[-84.1213,34.0522],[-84.1217,34.0523],[-84.1228,34.0525],[-84.1232,34.0527],[-84.1238,34.053],[-84.1241,34.0531],[-84.1242,34.0531],[-84.1254,34.0536],[-84.1261,34.0538],[-84.1272,34.0542],[-84.1275,34.0543],[-84.1281,34.0546],[-84.1284,34.0547],[-84.1286,34.0548],[-84.1287,34.0549],[-84.1292,34.0552],[-84.1294,34.0554],[-84.1296,34.0555],[-84.1299,34.0556],[-84.131,34.0563],[-84.1313,34.0565],[-84.1317,34.0567],[-84.1317,34.0567],[-84.1322,34.0569],[-84.1323,34.0569],[-84.1325,34.0569],[-84.1327,34.057],[-84.1329,34.057],[-84.1332,34.0571],[-84.1335,34.0571],[-84.1339,34.0571],[-84.1341,34.0571],[-84.1345,34.0571],[-84.1349,34.057],[-84.1352,34.0569],[-84.1354,34.0569],[-84.1358,34.0567],[-84.136,34.0567],[-84.1364,34.0565],[-84.1373,34.0561],[-84.1377,34.056],[-84.138,34.0558],[-84.1383,34.0557],[-84.1387,34.0556],[-84.1391,34.0555],[-84.1395,34.0554],[-84.1403,34.0552],[-84.1408,34.0552],[-84.1411,34.0551],[-84.1414,34.0551],[-84.1416,34.0551],[-84.1418,34.055],[-84.1419,34.055],[-84.1421,34.055],[-84.1423,34.0551],[-84.1425,34.0551],[-84.1428,34.0551],[-84.1431,34.0552],[-84.1434,34.0553],[-84.1436,34.0554],[-84.1449,34.0559],[-84.1462,34.0564],[-84.1467,34.0566],[-84.1472,34.0569],[-84.1476,34.0571],[-84.1477,34.0571],[-84.1477,34.0572],[-84.1478,34.0572],[-84.1479,34.0573],[-84.1481,34.0574],[-84.1482,34.0574],[-84.1485,34.0576],[-84.1489,34.0578],[-84.1492,34.058],[-84.1498,34.0583],[-84.1506,34.0587],[-84.1514,34.0591],[-84.1514,34.0591],[-84.1536,34.0599],[-84.154,34.06],[-84.1543,34.0601],[-84.1552,34.0606],[-84.1565,34.0613],[-84.1574,34.0617],[-84.1577,34.0619],[-84.1586,34.0624],[-84.1589,34.0625],[-84.1592,34.0627],[-84.1593,34.0627],[-84.1595,34.0628],[-84.1596,34.0629],[-84.1598,34.063],[-84.1599,34.0632],[-84.1601,34.0633],[-84.1603,34.0636],[-84.1605,34.0639],[-84.1608,34.0643],[-84.1611,34.0647],[-84.1613,34.065],[-84.1615,34.0653],[-84.1618,34.0657],[-84.1619,34.0658],[-84.162,34.0659],[-84.1622,34.0661],[-84.1624,34.0662],[-84.1627,34.0664],[-84.1629,34.0664],[-84.1632,34.0666],[-84.1635,34.0667],[-84.1637,34.0668],[-84.1639,34.0668],[-84.1646,34.067],[-84.1662,34.0675],[-84.1663,34.0675],[-84.1681,34.068],[-84.1682,34.0681],[-84.1683,34.0678],[-84.1685,34.0673],[-84.1684,34.0672],[-84.1686,34.0667],[-84.169,34.0662],[-84.1696,34.0654],[-84.1701,34.0647],[-84.1708,34.0638],[-84.1718,34.062],[-84.172,34.0616],[-84.1729,34.0598],[-84.1732,34.0592],[-84.1734,34.0587],[-84.1737,34.058],[-84.1739,34.0569],[-84.174,34.0564],[-84.1743,34.0551],[-84.1743,34.055],[-84.1743,34.0549],[-84.1744,34.0549],[-84.1745,34.0541],[-84.1746,34.0535],[-84.1748,34.0527],[-84.1752,34.0516],[-84.1756,34.0506],[-84.1759,34.0501],[-84.1761,34.0496],[-84.1766,34.0489],[-84.1774,34.0478]]]}},{"type":"Feature","id":"13121011626","properties":{"GEOID":"13121011626","NAME":"Census Tract 116.26","AREALAND":5798888},"geometry":{"type":"Polygon","coordinates":[[[-84.2127,34.0648],[-84.212,34.0646],[-84.2113,34.0642],[-84.2106,34.0639],[-84.2104,34.0637],[-84.2101,34.0635],[-84.21,34.0634],[-84.2098,34.0633],[-84.2095,34.0629],[-84.2087,34.0618],[-84.208,34.0611],[-84.2076,34.0606],[-84.2075,34.0605],[-84.2063,34.059],[-84.206,34.0586],[-84.2057,34.0584],[-84.2055,34.0582],[-84.2052,34.058],[-84.205,34.0578],[-84.2049,34.0578],[-84.2045,34.0576],[-84.2042,34.0574],[-84.2028,34.0568],[-84.2007,34.056],[-84.1992,34.0554],[-84.1989,34.0553],[-84.1983,34.0551],[-84.1981,34.055],[-84.1979,34.055],[-84.1977,34.0549],[-84.1975,34.0549],[-84.196,34.0549],[-84.1953,34.0548],[-84.1937,34.0548],[-84.1933,34.0548],[-84.191,34.0548],[-84.1908,34.0548],[-84.1901,34.0548],[-84.1889,34.0548],[-84.1887,34.0547],[-84.1884,34.0547],[-84.1882,34.0546],[-84.188,34.0545],[-84.1878,34.0544],[-84.1876,34.0542],[-84.1874,34.054],[-84.1867,34.053],[-84.1866,34.0529],[-84.1864,34.0527],[-84.1862,34.0524],[-84.186,34.0522],[-84.1857,34.052],[-84.1855,34.0518],[-84.1852,34.0516],[-84.1848,34.0514],[-84.1844,34.0512],[-84.184,34.051],[-84.1837,34.0509],[-84.1817,34.0501],[-84.1815,34.05],[-84.1808,34.0498],[-84.1806,34.0496],[-84.1799,34.0493],[-84.1793,34.0491],[-84.1792,34.049],[-84.1786,34.0486],[-84.178,34.0483],[-84.1778,34.0481],[-84.1775,34.0479],[-84.1774,34.0478],[-84.1766,34.0489],[-84.1761,34.0496],[-84.1759,34.0501],[-84.1756,34.0506],[-84.1752,34.0516],[-84.1748,34.0527],[-84.1746,34.0535],[-84.1745,34.0541],[-84.1744,34.0549],[-84.1743,34.0549],[-84.1743,34.055],[-84.1743,34.0551],[-84.174,34.0564],[-84.1739,34.0569],[-84.1737,34.058],[-84.1734,34.0587],[-84.1732,34.0592],[-84.1729,34.0598],[-84.172,34.0616],[-84.1718,34.062],[-84.1708,34.0638],[-84.1701,34.0647],[-84.1696,34.0654],[-84.169,34.0662],[-84.1686,34.0667],[-84.1684,34.0672],[-84.1685,34.0673],[-84.1683,34.0678],[-84.1682,34.0681],[-84.1696,34.0684],[-84.1706,34.0687],[-84.1711,34.0688],[-84.1717,34.0689],[-84.1723,34.069],[-84.1729,34.0691],[-84.1734,34.0692],[-84.1752,34.0694],[-84.1762,34.0695],[-84.1766,34.0695],[-84.177,34.0696],[-84.1773,34.0697],[-84.1777,34.0699],[-84.178,34.0702],[-84.1783,34.0704],[-84.1785,34.0703],[-84.1788,34.0701],[-84.1791,34.07],[-84.1794,34.0699],[-84.1796,34.0699],[-84.1799,34.0698],[-84.1802,34.0698],[-84.181,34.0699],[-84.1818,34.07],[-84.1821,34.07],[-84.1825,34.07],[-84.1829,34.07],[-84.1832,34.0699],[-84.1836,34.0698],[-84.1841,34.0697],[-84.1847,34.0694],[-84.1852,34.0693],[-84.1856,34.0692],[-84.1889,34.0687],[-84.1892,34.0686],[-84.1893,34.0686],[-84.1895,34.0686],[-84.1898,34.0686],[-84.1902,34.0686],[-84.1933,34.0689],[-84.1948,34.0691],[-84.1952,34.0691],[-84.1958,34.0691],[-84.1959,34.0691],[-84.196,34.0691],[-84.1984,34.0689],[-84.1987,34.0689],[-84.1999,34.0689],[-84.2026,34.0689],[-84.2043,34.0689],[-84.2047,34.0689],[-84.207,34.0688],[-84.2085,34.0678],[-84.209,34.0675],[-84.2093,34.0672],[-84.2098,34.0668],[-84.2102,34.0665],[-84.2127,34.0648]]]}},{"type":"Feature","id":"13121011624","properties":{"GEOID":"13121011624","NAME":"Census Tract 116.24","AREALAND":2676278},"geometry":{"type":"Polygon","coordinates":[[[-84.2057,34.0698],[-84.207,34.0688],[-84.2047,34.0689],[-84.2043,34.0689],[-84.2026,34.0689],[-84.1999,34.0689],[-84.1987,34.0689],[-84.1984,34.0689],[-84.196,34.0691],[-84.1959,34.0691],[-84.1958,34.0691],[-84.1952,34.0691],[-84.1948,34.0691],[-84.1933,34.0689],[-84.1902,34.0686],[-84.1898,34.0686],[-84.1895,34.0686],[-84.1893,34.0686],[-84.1892,34.0686],[-84.1889,34.0687],[-84.1856,34.0692],[-84.1852,34.0693],[-84.1847,34.0694],[-84.1841,34.0697],[-84.1836,34.0698],[-84.1832,34.0699],[-84.1829,34.07],[-84.1825,34.07],[-84.1821,34.07],[-84.1818,34.07],[-84.181,34.0699],[-84.1802,34.0698],[-84.1799,34.0698],[-84.1796,34.0699],[-84.1794,34.0699],[-84.1791,34.07],[-84.1788,34.0701],[-84.1785,34.0703],[-84.1783,34.0704],[-84.1786,34.0707],[-84.1789,34.0711],[-84.1791,34.0714],[-84.1792,34.0716],[-84.1794,34.072],[-84.1796,34.0726],[-84.1797,34.0728],[-84.18,34.0734],[-84.1802,34.0737],[-84.1807,34.0743],[-84.1808,34.0745],[-84.1809,34.0745],[-84.1809,34.0745],[-84.181,34.0746],[-84.1811,34.0748],[-84.1811,34.0749],[-84.1812,34.0749],[-84.1813,34.075],[-84.1814,34.0752],[-84.1814,34.0752],[-84.1815,34.0753],[-84.1815,34.0754],[-84.1816,34.0754],[-84.1816,34.0754],[-84.1816,34.0755],[-84.1816,34.0755],[-84.1816,34.0755],[-84.1817,34.0756],[-84.1818,34.0757],[-84.1818,34.0758],[-84.1819,34.0759],[-84.182,34.076],[-84.182,34.076],[-84.182,34.076],[-84.1821,34.0761],[-84.1822,34.0762],[-84.1824,34.0764],[-84.1825,34.0766],[-84.1825,34.0766],[-84.1843,34.079],[-84.1843,34.079],[-84.1843,34.079],[-84.1847,34.0796],[-84.1848,34.0799],[-84.1849,34.0803],[-84.1849,34.0806],[-84.1849,34.0808],[-84.185,34.0811],[-84.185,34.0812],[-84.185,34.0813],[-84.185,34.0814],[-84.185,34.0815],[-84.1851,34.0817],[-84.1852,34.082],[-84.1854,34.0823],[-84.1856,34.0826],[-84.1856,34.0826],[-84.1861,34.0829],[-84.1864,34.083],[-84.1865,34.0831],[-84.1873,34.0835],[-84.1875,34.0836],[-84.1876,34.0837],[-84.1878,34.0839],[-84.1878,34.0839],[-84.1878,34.0839],[-84.188,34.0841],[-84.188,34.0841],[-84.1894,34.0855],[-84.1908,34.0851],[-84.191,34.085],[-84.1914,34.0848],[-84.1918,34.0846],[-84.1921,34.0845],[-84.1946,34.0827],[-84.195,34.0824],[-84.1954,34.082],[-84.1959,34.0816],[-84.1961,34.0813],[-84.1967,34.0805],[-84.198,34.0788],[-84.1983,34.0784],[-84.1993,34.0772],[-84.1996,34.0768],[-84.2005,34.0759],[-84.2012,34.0751],[-84.2019,34.0744],[-84.2024,34.074],[-84.2028,34.0735],[-84.203,34.0733],[-84.2032,34.0729],[-84.2034,34.0725],[-84.2035,34.0723],[-84.2039,34.0714],[-84.204,34.0712],[-84.2041,34.071],[-84.2043,34.0708],[-84.2045,34.0706],[-84.2053,34.0701],[-84.2057,34.0698]]]}},{"type":"Feature","id":"13121011800","properties":{"GEOID":"13121011800","NAME":"Census Tract 118","AREALAND":1870072},"geometry":{"type":"Polygon","coordinates":[[[-84.4174,33.7701],[-84.4174,33.77],[-84.4165,33.77],[-84.4159,33.7701],[-84.4155,33.7701],[-84.4154,33.7701],[-84.4145,33.7701],[-84.4145,33.7682],[-84.4145,33.7674],[-84.4138,33.7674],[-84.4135,33.7674],[-84.4126,33.7673],[-84.4112,33.7673],[-84.4099,33.7673],[-84.4088,33.7673],[-84.4088,33.7668],[-84.4088,33.766],[-84.4089,33.7643],[-84.4089,33.7634],[-84.4078,33.7634],[-84.4064,33.7634],[-84.4052,33.7634],[-84.404,33.7634],[-84.4037,33.7634],[-84.4029,33.7634],[-84.4028,33.7634],[-84.402,33.7634],[-84.4017,33.7634],[-84.4015,33.7634],[-84.4011,33.7634],[-84.4001,33.7634],[-84.4001,33.7634],[-84.3982,33.7634],[-84.3981,33.7634],[-84.3979,33.7634],[-84.398,33.7637],[-84.398,33.7638],[-84.3981,33.764],[-84.3981,33.7643],[-84.3981,33.7644],[-84.3982,33.7648],[-84.3983,33.7656],[-84.3983,33.7658],[-84.3983,33.7662],[-84.3985,33.7673],[-84.3985,33.7677],[-84.3986,33.7681],[-84.3987,33.7683],[-84.3988,33.7687],[-84.3991,33.7692],[-84.3992,33.7695],[-84.3993,33.7696],[-84.3995,33.7699],[-84.3997,33.7701],[-84.3999,33.7703],[-84.4001,33.7704],[-84.4004,33.7707],[-84.4006,33.7708],[-84.401,33.771],[-84.4013,33.7712],[-84.4017,33.7713],[-84.4024,33.7715],[-84.4029,33.7715],[-84.4035,33.7716],[-84.4041,33.7716],[-84.4046,33.7717],[-84.4047,33.7717],[-84.4051,33.7718],[-84.4055,33.7719],[-84.406,33.7721],[-84.4063,33.7723],[-84.4066,33.7725],[-84.4069,33.7727],[-84.4071,33.7729],[-84.4073,33.7731],[-84.407,33.7731],[-84.4075,33.7736],[-84.4077,33.7738],[-84.4079,33.7741],[-84.4081,33.7743],[-84.4082,33.7746],[-84.4082,33.7747],[-84.4084,33.775],[-84.4087,33.7755],[-84.4089,33.7757],[-84.4092,33.7762],[-84.4093,33.7764],[-84.4093,33.7764],[-84.4095,33.7766],[-84.4098,33.7769],[-84.41,33.7772],[-84.4107,33.7778],[-84.4123,33.7793],[-84.4128,33.7798],[-84.413,33.7799],[-84.4133,33.78],[-84.4144,33.7801],[-84.4147,33.7802],[-84.4149,33.7802],[-84.415,33.7803],[-84.4151,33.7803],[-84.4153,33.7804],[-84.4155,33.7806],[-84.4157,33.7808],[-84.4162,33.7814],[-84.4172,33.7827],[-84.4173,33.7827],[-84.4173,33.7826],[-84.4173,33.7825],[-84.4173,33.7802],[-84.4173,33.7762],[-84.4174,33.7756],[-84.4174,33.7751],[-84.4174,33.7751],[-84.4174,33.7749],[-84.4174,33.7741],[-84.4174,33.773],[-84.4174,33.7722],[-84.4174,33.7714],[-84.4174,33.7707],[-84.4174,33.7705],[-84.4174,33.7701]]]}},{"type":"Feature","id":"13121011422","properties":{"GEOID":"13121011422","NAME":"Census Tract 114.22","AREALAND":3694696},"geometry":{"type":"Polygon","coordinates":[[[-84.3944,34.0028],[-84.3944,34.0027],[-84.3943,34.0026],[-84.3942,34.0024],[-84.3941,34.0021],[-84.394,34.002],[-84.3938,34.0017],[-84.3934,34.0014],[-84.3932,34.0013],[-84.393,34.0011],[-84.3928,34.0009],[-84.3927,34.0008],[-84.3927,34.0007],[-84.3927,34.0002],[-84.3928,34.0],[-84.3928,33.9998],[-84.3926,33.9998],[-84.3925,33.9997],[-84.3924,33.9997],[-84.3923,33.9996],[-84.3923,33.9995],[-84.3923,33.9994],[-84.3922,33.9993],[-84.3922,33.9993],[-84.3919,33.9992],[-84.3916,33.9992],[-84.3912,33.9992],[-84.3911,33.9992],[-84.3909,33.999],[-84.3908,33.9989],[-84.3907,33.9988],[-84.3903,33.9987],[-84.3902,33.9987],[-84.3901,33.9987],[-84.39,33.9986],[-84.3898,33.9986],[-84.3896,33.9985],[-84.3895,33.9984],[-84.3893,33.9982],[-84.3893,33.9982],[-84.3893,33.9981],[-84.3892,33.9981],[-84.3892,33.998],[-84.3891,33.998],[-84.389,33.998],[-84.3887,33.9979],[-84.3882,33.9975],[-84.3882,33.9975],[-84.388,33.9973],[-84.3878,33.9971],[-84.3877,33.9971],[-84.3876,33.9969],[-84.3877,33.9968],[-84.3879,33.9967],[-84.3881,33.9965],[-84.3883,33.9964],[-84.3884,33.9963],[-84.3885,33.9963],[-84.3889,33.996],[-84.3893,33.9958],[-84.3894,33.9957],[-84.3896,33.9956],[-84.3898,33.9955],[-84.3899,33.9954],[-84.3899,33.9953],[-84.3898,33.9951],[-84.3896,33.9949],[-84.3891,33.9948],[-84.3887,33.9946],[-84.3887,33.9946],[-84.3884,33.9945],[-84.3881,33.9943],[-84.388,33.9942],[-84.388,33.9942],[-84.3877,33.9941],[-84.3874,33.9939],[-84.3873,33.9937],[-84.3872,33.9936],[-84.3871,33.9935],[-84.3871,33.9935],[-84.387,33.9931],[-84.3869,33.993],[-84.3869,33.993],[-84.3867,33.9928],[-84.3865,33.9927],[-84.3864,33.9927],[-84.3863,33.9926],[-84.3862,33.9926],[-84.3862,33.9926],[-84.3853,33.9925],[-84.3851,33.9925],[-84.3847,33.9925],[-84.3846,33.9925],[-84.3842,33.9926],[-84.3841,33.9926],[-84.384,33.9926],[-84.3839,33.9926],[-84.3838,33.9927],[-84.3837,33.9927],[-84.3833,33.9928],[-84.3839,33.9938],[-84.3839,33.9957],[-84.3839,33.9963],[-84.3838,33.9966],[-84.3833,33.9981],[-84.3826,33.9991],[-84.3826,33.9992],[-84.3824,33.9994],[-84.3823,33.9995],[-84.3783,34.0013],[-84.3769,34.0013],[-84.3764,34.0013],[-84.374,34.0012],[-84.3675,34.0003],[-84.3627,34.001],[-84.3599,34.0016],[-84.3592,34.0017],[-84.3579,34.002],[-84.3505,34.0041],[-84.3505,34.0042],[-84.3506,34.0047],[-84.3506,34.0054],[-84.3506,34.0055],[-84.3507,34.0057],[-84.3507,34.0059],[-84.3509,34.0061],[-84.3511,34.0063],[-84.3513,34.0064],[-84.3514,34.0065],[-84.352,34.0068],[-84.3523,34.0069],[-84.3526,34.0071],[-84.3531,34.0075],[-84.3531,34.0075],[-84.3534,34.0077],[-84.3539,34.008],[-84.3555,34.0088],[-84.3556,34.0088],[-84.3558,34.0089],[-84.356,34.0089],[-84.3562,34.0089],[-84.3572,34.0088],[-84.3586,34.0086],[-84.3593,34.0085],[-84.3595,34.0085],[-84.3596,34.0085],[-84.3597,34.0085],[-84.3598,34.0086],[-84.36,34.0086],[-84.3603,34.0089],[-84.3607,34.0092],[-84.3608,34.0093],[-84.361,34.0095],[-84.3624,34.0113],[-84.3625,34.0114],[-84.3626,34.0116],[-84.3627,34.0117],[-84.3627,34.0117],[-84.3627,34.0119],[-84.3628,34.0119],[-84.3628,34.012],[-84.3628,34.0122],[-84.3628,34.0122],[-84.3628,34.0124],[-84.3629,34.0143],[-84.3636,34.0144],[-84.3643,34.0144],[-84.3656,34.0144],[-84.3659,34.0144],[-84.3662,34.0144],[-84.3666,34.0143],[-84.3669,34.0142],[-84.3673,34.0141],[-84.3677,34.014],[-84.3679,34.0139],[-84.3707,34.0129],[-84.3715,34.0127],[-84.373,34.0121],[-84.3734,34.012],[-84.3735,34.012],[-84.3742,34.0118],[-84.3751,34.0114],[-84.3757,34.0113],[-84.3762,34.0111],[-84.3767,34.011],[-84.3806,34.0099],[-84.3816,34.0096],[-84.3817,34.0095],[-84.3819,34.0095],[-84.382,34.0095],[-84.3822,34.0094],[-84.3833,34.0091],[-84.3843,34.0088],[-84.3846,34.0087],[-84.3849,34.0086],[-84.3853,34.0084],[-84.3857,34.0082],[-84.386,34.008],[-84.386,34.008],[-84.387,34.0074],[-84.3884,34.0064],[-84.3899,34.0055],[-84.3918,34.0042],[-84.3922,34.0039],[-84.3925,34.0037],[-84.3925,34.0037],[-84.3931,34.0033],[-84.3944,34.0028]]]}},{"type":"Feature","id":"13121011303","properties":{"GEOID":"13121011303","NAME":"Census Tract 113.03","AREALAND":7016843},"geometry":{"type":"Polygon","coordinates":[[[-84.5067,33.6662],[-84.5067,33.6651],[-84.5064,33.6599],[-84.506,33.6599],[-84.5055,33.6599],[-84.5047,33.6599],[-84.5044,33.6599],[-84.5041,33.66],[-84.5025,33.6606],[-84.5024,33.6606],[-84.5015,33.6609],[-84.5013,33.661],[-84.5012,33.661],[-84.5011,33.661],[-84.501,33.661],[-84.5008,33.6609],[-84.5002,33.6608],[-84.4999,33.6607],[-84.4997,33.6607],[-84.4977,33.6607],[-84.4975,33.6607],[-84.4954,33.6607],[-84.4952,33.6607],[-84.495,33.6606],[-84.4948,33.6605],[-84.4946,33.6604],[-84.4945,33.6604],[-84.4943,33.6603],[-84.4942,33.6603],[-84.4939,33.6603],[-84.4933,33.6602],[-84.4929,33.6602],[-84.4927,33.6601],[-84.4924,33.6601],[-84.4921,33.6599],[-84.4917,33.6599],[-84.4915,33.6598],[-84.4913,33.6597],[-84.491,33.6597],[-84.4908,33.6596],[-84.4905,33.6596],[-84.4902,33.6597],[-84.49,33.6597],[-84.4898,33.6598],[-84.4895,33.6599],[-84.4886,33.6602],[-84.4883,33.6603],[-84.488,33.6604],[-84.4878,33.6604],[-84.4876,33.6604],[-84.4874,33.6603],[-84.4871,33.6603],[-84.4868,33.6602],[-84.4861,33.6598],[-84.4855,33.6595],[-84.4849,33.6592],[-84.4846,33.6591],[-84.4844,33.6591],[-84.4843,33.6591],[-84.4841,33.6591],[-84.4837,33.6592],[-84.4834,33.6592],[-84.4818,33.6591],[-84.4816,33.6591],[-84.4814,33.659],[-84.4806,33.6586],[-84.4808,33.6584],[-84.481,33.6582],[-84.4817,33.6571],[-84.4821,33.6566],[-84.4824,33.6559],[-84.4827,33.6556],[-84.4828,33.6554],[-84.4831,33.6553],[-84.4834,33.6552],[-84.4836,33.6551],[-84.484,33.655],[-84.485,33.6548],[-84.4862,33.6545],[-84.4864,33.6544],[-84.4866,33.6543],[-84.4868,33.6542],[-84.4871,33.6541],[-84.4873,33.6539],[-84.4874,33.6538],[-84.4879,33.6532],[-84.4883,33.6528],[-84.4883,33.6526],[-84.4887,33.6522],[-84.4885,33.6521],[-84.4868,33.6522],[-84.4868,33.6523],[-84.484,33.6519],[-84.4825,33.6518],[-84.4818,33.6518],[-84.4814,33.6517],[-84.4803,33.6517],[-84.4801,33.6517],[-84.4792,33.6517],[-84.4791,33.6517],[-84.4789,33.6518],[-84.4788,33.6519],[-84.4781,33.6521],[-84.4779,33.6522],[-84.4776,33.6523],[-84.4765,33.6526],[-84.4761,33.6527],[-84.4753,33.6531],[-84.4751,33.6533],[-84.4749,33.6536],[-84.474,33.6537],[-84.474,33.6537],[-84.4743,33.6546],[-84.4744,33.6551],[-84.4743,33.6557],[-84.4743,33.6558],[-84.4746,33.6561],[-84.4751,33.6564],[-84.4748,33.6564],[-84.4748,33.6566],[-84.4744,33.6569],[-84.4738,33.657],[-84.4738,33.6575],[-84.4737,33.6594],[-84.4737,33.66],[-84.4737,33.66],[-84.4734,33.6602],[-84.4733,33.6603],[-84.4733,33.6604],[-84.4733,33.6613],[-84.4731,33.6614],[-84.4729,33.6615],[-84.4719,33.6618],[-84.471,33.6621],[-84.4698,33.6626],[-84.4696,33.6627],[-84.4686,33.6635],[-84.4671,33.6647],[-84.4668,33.6649],[-84.467,33.6651],[-84.4666,33.6653],[-84.4664,33.6656],[-84.4661,33.666],[-84.4659,33.666],[-84.4646,33.6679],[-84.4642,33.6676],[-84.4639,33.668],[-84.4638,33.668],[-84.4636,33.668],[-84.4634,33.6682],[-84.4632,33.6684],[-84.4631,33.6683],[-84.463,33.6682],[-84.4628,33.6684],[-84.4622,33.6682],[-84.4621,33.6674],[-84.4614,33.6674],[-84.4614,33.6679],[-84.4608,33.6679],[-84.4605,33.6679],[-84.4605,33.6681],[-84.4605,33.6685],[-84.4605,33.6692],[-84.4605,33.6697],[-84.4605,33.6706],[-84.4605,33.6714],[-84.4595,33.6717],[-84.4589,33.6719],[-84.4587,33.672],[-84.4578,33.6723],[-84.4579,33.6725],[-84.4579,33.6727],[-84.4579,33.6732],[-84.4579,33.6736],[-84.4578,33.6747],[-84.4578,33.6748],[-84.4576,33.6775],[-84.4576,33.6777],[-84.4577,33.6806],[-84.4577,33.6819],[-84.4585,33.6818],[-84.459,33.6818],[-84.4591,33.6818],[-84.4602,33.6818],[-84.4617,33.6818],[-84.4619,33.6817],[-84.462,33.6814],[-84.4622,33.6813],[-84.4625,33.6811],[-84.4637,33.6802],[-84.4642,33.6799],[-84.4655,33.6791],[-84.4658,33.679],[-84.466,33.6788],[-84.4662,33.6787],[-84.4672,33.6776],[-84.4673,33.6776],[-84.4681,33.6776],[-84.47,33.6777],[-84.4714,33.6778],[-84.4731,33.6778],[-84.4748,33.6778],[-84.4754,33.6778],[-84.4758,33.6778],[-84.4772,33.6779],[-84.4799,33.6779],[-84.4811,33.6779],[-84.4813,33.6779],[-84.4815,33.6779],[-84.4822,33.6779],[-84.4826,33.6779],[-84.4827,33.6779],[-84.4842,33.6779],[-84.4854,33.6779],[-84.486,33.6779],[-84.4865,33.6779],[-84.4866,33.6779],[-84.4866,33.6743],[-84.4874,33.6743],[-84.4878,33.6743],[-84.4878,33.6739],[-84.4922,33.6739],[-84.4922,33.6729],[-84.4922,33.6695],[-84.4922,33.6666],[-84.4922,33.6661],[-84.4934,33.6661],[-84.4976,33.6661],[-84.4978,33.6661],[-84.4979,33.6661],[-84.5067,33.6662]]]}},{"type":"Feature","id":"13121011201","properties":{"GEOID":"13121011201","NAME":"Census Tract 112.01","AREALAND":3729939},"geometry":{"type":"Polygon","coordinates":[[[-84.4573,33.6992],[-84.4573,33.699],[-84.4573,33.6987],[-84.4573,33.6977],[-84.4573,33.695],[-84.4573,33.6923],[-84.4573,33.6892],[-84.4559,33.689],[-84.4556,33.6889],[-84.4553,33.6888],[-84.455,33.6886],[-84.4547,33.6885],[-84.4544,33.6882],[-84.4536,33.6876],[-84.4535,33.6875],[-84.4532,33.6873],[-84.453,33.6871],[-84.4528,33.6869],[-84.4526,33.6866],[-84.4525,33.6864],[-84.4523,33.6862],[-84.4521,33.686],[-84.4519,33.6858],[-84.4516,33.6857],[-84.4514,33.6855],[-84.4512,33.6854],[-84.4506,33.6853],[-84.4504,33.6852],[-84.4501,33.6852],[-84.4498,33.6852],[-84.4496,33.6852],[-84.4494,33.6853],[-84.4492,33.6853],[-84.4479,33.6858],[-84.4477,33.6858],[-84.4474,33.6859],[-84.4472,33.6859],[-84.447,33.6859],[-84.4465,33.6859],[-84.4462,33.6859],[-84.4454,33.6857],[-84.4452,33.6857],[-84.4449,33.6855],[-84.4435,33.6852],[-84.443,33.6852],[-84.443,33.6851],[-84.442,33.6849],[-84.4417,33.6849],[-84.4414,33.6848],[-84.4409,33.6846],[-84.4405,33.6846],[-84.4403,33.6853],[-84.4401,33.6856],[-84.44,33.6857],[-84.4398,33.6861],[-84.4398,33.6861],[-84.4395,33.6864],[-84.4394,33.6867],[-84.4386,33.6877],[-84.4382,33.6884],[-84.4373,33.6894],[-84.4369,33.6899],[-84.4367,33.6902],[-84.4364,33.6905],[-84.4362,33.6908],[-84.4359,33.6911],[-84.4353,33.6916],[-84.4349,33.6919],[-84.4346,33.692],[-84.4341,33.6923],[-84.4336,33.6925],[-84.4326,33.693],[-84.4321,33.6932],[-84.4318,33.6934],[-84.4315,33.6937],[-84.431,33.694],[-84.4307,33.6944],[-84.4305,33.6947],[-84.4303,33.695],[-84.4301,33.6953],[-84.43,33.6956],[-84.4299,33.6959],[-84.4298,33.6963],[-84.4297,33.6966],[-84.4297,33.697],[-84.4297,33.6972],[-84.4296,33.6975],[-84.4295,33.698],[-84.4293,33.698],[-84.429,33.6979],[-84.4289,33.6979],[-84.4289,33.6979],[-84.4288,33.698],[-84.4288,33.6984],[-84.4287,33.6988],[-84.4286,33.6995],[-84.4285,33.7],[-84.4286,33.7],[-84.4287,33.7],[-84.429,33.6999],[-84.4293,33.6998],[-84.4306,33.6998],[-84.4309,33.6998],[-84.4358,33.6999],[-84.4379,33.6999],[-84.4379,33.701],[-84.443,33.7011],[-84.443,33.7021],[-84.443,33.7049],[-84.4429,33.7056],[-84.4429,33.7057],[-84.4439,33.7056],[-84.4444,33.7056],[-84.4463,33.7056],[-84.4464,33.7056],[-84.448,33.7057],[-84.4494,33.7056],[-84.4495,33.7023],[-84.4496,33.7004],[-84.4497,33.6987],[-84.4497,33.6984],[-84.4497,33.6983],[-84.4497,33.6981],[-84.4534,33.699],[-84.4535,33.6991],[-84.4542,33.6992],[-84.4562,33.6994],[-84.4569,33.6992],[-84.4573,33.6992]]]}},{"type":"Feature","id":"13121011100","properties":{"GEOID":"13121011100","NAME":"Census Tract 111","AREALAND":3459695},"geometry":{"type":"Polygon","coordinates":[[[-84.4406,33.6837],[-84.4406,33.6834],[-84.4406,33.6829],[-84.4405,33.6824],[-84.4404,33.6816],[-84.4401,33.6807],[-84.4401,33.6803],[-84.4401,33.6801],[-84.4401,33.6799],[-84.4402,33.6796],[-84.4402,33.6794],[-84.4402,33.6794],[-84.44,33.6794],[-84.4399,33.6794],[-84.4398,33.6794],[-84.4397,33.6794],[-84.4396,33.6794],[-84.4393,33.6795],[-84.439,33.6795],[-84.438,33.6795],[-84.4374,33.6795],[-84.4366,33.6795],[-84.4365,33.6794],[-84.4364,33.6794],[-84.4362,33.6792],[-84.4361,33.6793],[-84.4359,33.6793],[-84.4357,33.6794],[-84.4356,33.6795],[-84.4335,33.6795],[-84.4321,33.6795],[-84.4316,33.6795],[-84.4314,33.6795],[-84.4304,33.68],[-84.4301,33.6801],[-84.4298,33.6803],[-84.4276,33.6812],[-84.4272,33.6814],[-84.4268,33.6815],[-84.4264,33.6815],[-84.4261,33.6815],[-84.4255,33.6815],[-84.4248,33.6815],[-84.4246,33.6815],[-84.4235,33.6815],[-84.4216,33.6814],[-84.4208,33.6814],[-84.42,33.6814],[-84.4186,33.6814],[-84.4176,33.6814],[-84.4169,33.6814],[-84.4169,33.6824],[-84.4169,33.6828],[-84.4168,33.6842],[-84.4168,33.685],[-84.4168,33.6854],[-84.4168,33.6865],[-84.4168,33.6893],[-84.4169,33.6922],[-84.4155,33.6922],[-84.4155,33.6927],[-84.4155,33.6937],[-84.4155,33.6944],[-84.4155,33.6945],[-84.4155,33.6947],[-84.4155,33.6949],[-84.4154,33.6972],[-84.4155,33.6972],[-84.4159,33.6972],[-84.416,33.6972],[-84.4171,33.6972],[-84.4172,33.6972],[-84.4177,33.6972],[-84.4183,33.6972],[-84.4188,33.6973],[-84.4197,33.6973],[-84.4199,33.6973],[-84.4202,33.6973],[-84.4232,33.6973],[-84.4255,33.6972],[-84.4289,33.6975],[-84.4289,33.6979],[-84.4289,33.6979],[-84.429,33.6979],[-84.4293,33.698],[-84.4295,33.698],[-84.4296,33.6975],[-84.4297,33.6972],[-84.4297,33.697],[-84.4297,33.6966],[-84.4298,33.6963],[-84.4299,33.6959],[-84.43,33.6956],[-84.4301,33.6953],[-84.4303,33.695],[-84.4305,33.6947],[-84.4307,33.6944],[-84.431,33.694],[-84.4315,33.6937],[-84.4318,33.6934],[-84.4321,33.6932],[-84.4326,33.693],[-84.4336,33.6925],[-84.4341,33.6923],[-84.4346,33.692],[-84.4349,33.6919],[-84.4353,33.6916],[-84.4359,33.6911],[-84.4362,33.6908],[-84.4364,33.6905],[-84.4367,33.6902],[-84.4369,33.6899],[-84.4373,33.6894],[-84.4382,33.6884],[-84.4386,33.6877],[-84.4394,33.6867],[-84.4395,33.6864],[-84.4398,33.6861],[-84.4398,33.6861],[-84.44,33.6857],[-84.4401,33.6856],[-84.4403,33.6853],[-84.4405,33.6846],[-84.4405,33.6845],[-84.4406,33.6837]]]}},{"type":"Feature","id":"13121011202","properties":{"GEOID":"13121011202","NAME":"Census Tract 112.02","AREALAND":3208219},"geometry":{"type":"Polygon","coordinates":[[[-84.4605,33.6714],[-84.4605,33.6706],[-84.4605,33.6697],[-84.4605,33.6692],[-84.4605,33.6685],[-84.4605,33.6681],[-84.4597,33.6681],[-84.4593,33.6681],[-84.4591,33.6681],[-84.459,33.6681],[-84.459,33.6681],[-84.459,33.6681],[-84.4579,33.6677],[-84.4579,33.667],[-84.457,33.667],[-84.457,33.6673],[-84.4567,33.6673],[-84.4561,33.6674],[-84.4553,33.6682],[-84.4553,33.6681],[-84.4543,33.6681],[-84.4543,33.6677],[-84.454,33.6677],[-84.4537,33.6677],[-84.4536,33.6675],[-84.4532,33.6678],[-84.4529,33.6677],[-84.4528,33.6676],[-84.4518,33.6676],[-84.4504,33.6676],[-84.449,33.6676],[-84.4475,33.6676],[-84.4461,33.6676],[-84.4446,33.6676],[-84.4441,33.6688],[-84.4437,33.6699],[-84.4436,33.6703],[-84.4433,33.671],[-84.4429,33.6721],[-84.4424,33.6734],[-84.4421,33.6741],[-84.4416,33.6754],[-84.4411,33.6768],[-84.4407,33.6778],[-84.4405,33.6785],[-84.4402,33.6794],[-84.4402,33.6794],[-84.4402,33.6796],[-84.4401,33.6799],[-84.4401,33.6801],[-84.4401,33.6803],[-84.4401,33.6807],[-84.4404,33.6816],[-84.4405,33.6824],[-84.4406,33.6829],[-84.4406,33.6834],[-84.4406,33.6837],[-84.4405,33.6845],[-84.4405,33.6846],[-84.4409,33.6846],[-84.4414,33.6848],[-84.4417,33.6849],[-84.442,33.6849],[-84.443,33.6851],[-84.443,33.6852],[-84.4435,33.6852],[-84.4449,33.6855],[-84.4452,33.6857],[-84.4454,33.6857],[-84.4462,33.6859],[-84.4465,33.6859],[-84.447,33.6859],[-84.4472,33.6859],[-84.4474,33.6859],[-84.4477,33.6858],[-84.4479,33.6858],[-84.4492,33.6853],[-84.4494,33.6853],[-84.4496,33.6852],[-84.4498,33.6852],[-84.4501,33.6852],[-84.4504,33.6852],[-84.4506,33.6853],[-84.4512,33.6854],[-84.4514,33.6855],[-84.4516,33.6857],[-84.4519,33.6858],[-84.4521,33.686],[-84.4523,33.6862],[-84.4525,33.6864],[-84.4526,33.6866],[-84.4528,33.6869],[-84.453,33.6871],[-84.4532,33.6873],[-84.4535,33.6875],[-84.4536,33.6876],[-84.4544,33.6882],[-84.4547,33.6885],[-84.455,33.6886],[-84.4553,33.6888],[-84.4556,33.6889],[-84.4559,33.689],[-84.4573,33.6892],[-84.4573,33.6881],[-84.4574,33.6878],[-84.4574,33.6876],[-84.4575,33.6874],[-84.4576,33.6872],[-84.4581,33.6864],[-84.4582,33.6862],[-84.4583,33.686],[-84.4583,33.6859],[-84.4583,33.6857],[-84.4583,33.6855],[-84.4583,33.6853],[-84.4582,33.6851],[-84.4579,33.6845],[-84.4578,33.6843],[-84.4577,33.684],[-84.4577,33.6837],[-84.4577,33.6833],[-84.4577,33.6831],[-84.4577,33.6819],[-84.4577,33.6806],[-84.4576,33.6777],[-84.4576,33.6775],[-84.4578,33.6748],[-84.4578,33.6747],[-84.4579,33.6736],[-84.4579,33.6732],[-84.4579,33.6727],[-84.4579,33.6725],[-84.4578,33.6723],[-84.4587,33.672],[-84.4589,33.6719],[-84.4595,33.6717],[-84.4605,33.6714]]]}},{"type":"Feature","id":"13121007200","properties":{"GEOID":"13121007200","NAME":"Census Tract 72","AREALAND":8964129},"geometry":{"type":"Polygon","coordinates":[[[-84.3997,33.6531],[-84.3997,33.6523],[-84.3997,33.6522],[-84.3996,33.6519],[-84.3996,33.6519],[-84.3996,33.6507],[-84.3995,33.6504],[-84.3994,33.6503],[-84.3994,33.6502],[-84.3992,33.65],[-84.399,33.6499],[-84.399,33.6485],[-84.399,33.6483],[-84.3979,33.6483],[-84.3977,33.6483],[-84.3977,33.6483],[-84.3975,33.6482],[-84.3975,33.6482],[-84.3974,33.6482],[-84.3974,33.6482],[-84.3972,33.6482],[-84.3972,33.6482],[-84.3958,33.6482],[-84.3949,33.6482],[-84.3948,33.6482],[-84.3947,33.6482],[-84.3939,33.6482],[-84.3918,33.6481],[-84.3916,33.6481],[-84.3916,33.6481],[-84.3914,33.6481],[-84.3914,33.6481],[-84.3913,33.6481],[-84.3912,33.6481],[-84.3912,33.6481],[-84.3911,33.6481],[-84.3902,33.6481],[-84.3888,33.6481],[-84.3887,33.6481],[-84.3886,33.6481],[-84.3885,33.6481],[-84.3882,33.6481],[-84.3877,33.6481],[-84.3877,33.6481],[-84.3871,33.6481],[-84.3869,33.6481],[-84.3823,33.6481],[-84.3822,33.6481],[-84.3799,33.6481],[-84.3799,33.6481],[-84.3758,33.6481],[-84.3751,33.6481],[-84.3722,33.648],[-84.3713,33.648],[-84.3704,33.648],[-84.3703,33.648],[-84.3703,33.648],[-84.3701,33.648],[-84.3701,33.648],[-84.3699,33.648],[-84.3699,33.648],[-84.3653,33.6478],[-84.3653,33.6478],[-84.3653,33.6478],[-84.3652,33.6478],[-84.3609,33.6479],[-84.3603,33.6479],[-84.3602,33.6479],[-84.36,33.6479],[-84.3599,33.6479],[-84.3598,33.6479],[-84.3598,33.6479],[-84.3596,33.6479],[-84.3596,33.6479],[-84.3591,33.6479],[-84.3585,33.6479],[-84.3564,33.6478],[-84.3562,33.6478],[-84.3562,33.6478],[-84.3559,33.6478],[-84.354,33.6478],[-84.3538,33.6478],[-84.3538,33.6478],[-84.3537,33.6478],[-84.3502,33.6479],[-84.3502,33.649],[-84.3501,33.6528],[-84.3501,33.6553],[-84.35,33.6578],[-84.3499,33.6614],[-84.3499,33.6615],[-84.3499,33.6616],[-84.3499,33.6617],[-84.3499,33.6622],[-84.3498,33.6636],[-84.3498,33.6636],[-84.3498,33.6637],[-84.3498,33.6638],[-84.3498,33.664],[-84.3497,33.6658],[-84.3494,33.6743],[-84.3495,33.676],[-84.3494,33.6784],[-84.3494,33.6802],[-84.3494,33.6803],[-84.3495,33.6803],[-84.3496,33.6804],[-84.3496,33.6803],[-84.3497,33.6803],[-84.3499,33.6803],[-84.35,33.6803],[-84.3502,33.6804],[-84.3503,33.6804],[-84.3504,33.6804],[-84.3505,33.6804],[-84.3506,33.6803],[-84.3509,33.6803],[-84.3512,33.6803],[-84.3513,33.6803],[-84.3515,33.6803],[-84.3516,33.6804],[-84.3517,33.6804],[-84.3518,33.6804],[-84.3519,33.6804],[-84.352,33.6804],[-84.3521,33.6804],[-84.3525,33.6804],[-84.3527,33.6804],[-84.3528,33.6804],[-84.3529,33.6804],[-84.3532,33.6804],[-84.3534,33.6804],[-84.3535,33.6804],[-84.3536,33.6804],[-84.3537,33.6803],[-84.3538,33.6803],[-84.354,33.6802],[-84.3542,33.6801],[-84.3544,33.68],[-84.3545,33.6799],[-84.3547,33.6798],[-84.355,33.6797],[-84.3552,33.6796],[-84.3553,33.6795],[-84.3554,33.6795],[-84.3555,33.6794],[-84.3556,33.6793],[-84.3558,33.6792],[-84.3559,33.6792],[-84.356,33.6792],[-84.3561,33.6791],[-84.3562,33.6791],[-84.3563,33.6791],[-84.3564,33.6791],[-84.3565,33.6791],[-84.3566,33.6791],[-84.3567,33.6791],[-84.3568,33.679],[-84.3569,33.679],[-84.357,33.679],[-84.3571,33.679],[-84.3572,33.679],[-84.3576,33.679],[-84.3577,33.679],[-84.3578,33.679],[-84.358,33.6791],[-84.3581,33.6791],[-84.3584,33.6791],[-84.3586,33.6791],[-84.3587,33.6791],[-84.3588,33.6792],[-84.3589,33.6792],[-84.3591,33.6792],[-84.3592,33.6792],[-84.3593,33.6792],[-84.3594,33.6792],[-84.3596,33.6791],[-84.3601,33.6791],[-84.3602,33.6791],[-84.3604,33.6791],[-84.3606,33.6791],[-84.3607,33.679],[-84.3608,33.679],[-84.3609,33.679],[-84.3611,33.6789],[-84.3611,33.6788],[-84.3612,33.6788],[-84.3613,33.6787],[-84.3614,33.6787],[-84.3614,33.6787],[-84.3616,33.6786],[-84.3618,33.6784],[-84.362,33.6783],[-84.3622,33.6782],[-84.3623,33.6782],[-84.3623,33.6781],[-84.3627,33.6781],[-84.3628,33.6781],[-84.3628,33.678],[-84.3629,33.6779],[-84.363,33.6779],[-84.3631,33.678],[-84.3632,33.678],[-84.3633,33.678],[-84.3634,33.678],[-84.3635,33.6779],[-84.3636,33.6779],[-84.3639,33.6778],[-84.364,33.6777],[-84.3641,33.6777],[-84.3641,33.6776],[-84.3642,33.6775],[-84.3643,33.6775],[-84.3645,33.6774],[-84.3647,33.6773],[-84.3648,33.6773],[-84.3649,33.6772],[-84.3649,33.6771],[-84.365,33.6771],[-84.3651,33.6771],[-84.3652,33.677],[-84.3653,33.677],[-84.3654,33.6769],[-84.3655,33.6769],[-84.3656,33.6768],[-84.3657,33.6768],[-84.3658,33.6768],[-84.3659,33.6768],[-84.3659,33.6767],[-84.366,33.6766],[-84.3661,33.6766],[-84.3662,33.6766],[-84.3663,33.6766],[-84.3664,33.6765],[-84.3665,33.6765],[-84.3665,33.6764],[-84.3666,33.6762],[-84.3667,33.6761],[-84.3667,33.6761],[-84.3667,33.6759],[-84.3667,33.6758],[-84.3666,33.6757],[-84.3666,33.6756],[-84.3667,33.6755],[-84.3667,33.6755],[-84.3668,33.6754],[-84.3669,33.6754],[-84.367,33.6753],[-84.367,33.6752],[-84.367,33.6751],[-84.367,33.675],[-84.3668,33.6749],[-84.3668,33.6748],[-84.3667,33.6747],[-84.3667,33.6746],[-84.3667,33.6745],[-84.3666,33.6745],[-84.3666,33.6744],[-84.3666,33.6742],[-84.3665,33.6741],[-84.3664,33.6741],[-84.3663,33.674],[-84.3661,33.6739],[-84.366,33.6738],[-84.3659,33.6738],[-84.3658,33.6738],[-84.3657,33.6738],[-84.3656,33.6737],[-84.3656,33.6736],[-84.3655,33.6735],[-84.3655,33.6735],[-84.3655,33.6733],[-84.3655,33.6732],[-84.3655,33.6731],[-84.3654,33.673],[-84.3653,33.673],[-84.3653,33.6729],[-84.3653,33.6728],[-84.3653,33.6727],[-84.3653,33.6726],[-84.3653,33.6725],[-84.3652,33.6724],[-84.3651,33.6724],[-84.365,33.6723],[-84.365,33.6723],[-84.3649,33.6722],[-84.3649,33.6721],[-84.365,33.672],[-84.365,33.6719],[-84.365,33.6719],[-84.365,33.6718],[-84.365,33.6717],[-84.365,33.6717],[-84.365,33.6716],[-84.365,33.6715],[-84.365,33.6714],[-84.365,33.6713],[-84.3649,33.6712],[-84.3649,33.6712],[-84.3649,33.6711],[-84.3649,33.671],[-84.3649,33.6709],[-84.3648,33.6708],[-84.3648,33.6707],[-84.3648,33.6707],[-84.3648,33.6706],[-84.3648,33.6705],[-84.3649,33.6704],[-84.3649,33.6703],[-84.365,33.6703],[-84.3649,33.6702],[-84.3649,33.6701],[-84.3649,33.67],[-84.3648,33.6699],[-84.3648,33.6698],[-84.3648,33.6697],[-84.3647,33.6697],[-84.3647,33.6696],[-84.3647,33.6695],[-84.3647,33.6694],[-84.3648,33.6691],[-84.3648,33.6689],[-84.3648,33.6689],[-84.3647,33.6688],[-84.3647,33.6687],[-84.3646,33.6686],[-84.3646,33.6685],[-84.3646,33.6683],[-84.3646,33.6681],[-84.3646,33.668],[-84.3646,33.6678],[-84.3646,33.6676],[-84.3646,33.6675],[-84.3646,33.6675],[-84.3645,33.6674],[-84.3645,33.6673],[-84.3645,33.6672],[-84.3646,33.6671],[-84.3646,33.6669],[-84.3647,33.6669],[-84.3648,33.6668],[-84.3649,33.6668],[-84.365,33.6667],[-84.365,33.6666],[-84.365,33.6666],[-84.365,33.6665],[-84.3649,33.6664],[-84.3648,33.6663],[-84.3648,33.6663],[-84.3649,33.6662],[-84.3649,33.6661],[-84.3649,33.666],[-84.3648,33.6659],[-84.3648,33.6658],[-84.3648,33.6658],[-84.3648,33.6657],[-84.3648,33.6657],[-84.3649,33.6657],[-84.365,33.6656],[-84.3651,33.6657],[-84.3652,33.6657],[-84.3653,33.6657],[-84.3653,33.6656],[-84.3654,33.6655],[-84.3656,33.6654],[-84.3656,33.6654],[-84.3657,33.6653],[-84.366,33.6652],[-84.3661,33.6651],[-84.3662,33.6651],[-84.3663,33.6651],[-84.3664,33.6651],[-84.3665,33.6652],[-84.3666,33.6652],[-84.3668,33.6651],[-84.367,33.6651],[-84.3672,33.6651],[-84.3673,33.6651],[-84.3674,33.665],[-84.3675,33.665],[-84.3675,33.665],[-84.3675,33.6649],[-84.3677,33.6647],[-84.3677,33.6646],[-84.3676,33.6645],[-84.3675,33.6645],[-84.3675,33.6644],[-84.3675,33.6643],[-84.3675,33.6642],[-84.3676,33.6641],[-84.3675,33.664],[-84.3675,33.6639],[-84.3676,33.6637],[-84.3676,33.6636],[-84.3676,33.6635],[-84.3675,33.6634],[-84.3674,33.6634],[-84.3673,33.6634],[-84.3672,33.6634],[-84.3671,33.6633],[-84.3671,33.6632],[-84.3671,33.6632],[-84.3672,33.6631],[-84.3672,33.663],[-84.3671,33.663],[-84.3671,33.6629],[-84.3671,33.6628],[-84.3671,33.6627],[-84.367,33.6627],[-84.3669,33.6627],[-84.3668,33.6626],[-84.3667,33.6626],[-84.3668,33.6625],[-84.3669,33.6624],[-84.3669,33.6623],[-84.3668,33.6623],[-84.3667,33.6623],[-84.3666,33.6622],[-84.3666,33.6621],[-84.3666,33.662],[-84.3666,33.6619],[-84.3666,33.6619],[-84.3665,33.6618],[-84.3665,33.6617],[-84.3665,33.6616],[-84.3666,33.6616],[-84.3667,33.6616],[-84.3668,33.6616],[-84.3669,33.6615],[-84.3668,33.6614],[-84.3668,33.6613],[-84.3667,33.6612],[-84.3666,33.6612],[-84.3665,33.6611],[-84.3665,33.6611],[-84.3664,33.661],[-84.3664,33.6609],[-84.3666,33.6608],[-84.3667,33.6607],[-84.3666,33.6606],[-84.3666,33.6605],[-84.3666,33.6605],[-84.3668,33.6604],[-84.3668,33.6603],[-84.3669,33.6602],[-84.3669,33.6601],[-84.367,33.6601],[-84.367,33.6599],[-84.3671,33.6597],[-84.3673,33.6593],[-84.3674,33.6591],[-84.3674,33.6591],[-84.3674,33.659],[-84.3674,33.6589],[-84.3675,33.6588],[-84.3675,33.6587],[-84.3676,33.6587],[-84.3677,33.6587],[-84.3678,33.6587],[-84.3679,33.6586],[-84.368,33.6586],[-84.368,33.6585],[-84.3681,33.6584],[-84.368,33.6583],[-84.3681,33.6581],[-84.3681,33.658],[-84.3681,33.658],[-84.3682,33.6579],[-84.3682,33.6578],[-84.3683,33.6577],[-84.3683,33.6576],[-84.3683,33.6575],[-84.3684,33.6575],[-84.3684,33.6574],[-84.3685,33.6573],[-84.3685,33.6572],[-84.3687,33.6569],[-84.3688,33.6567],[-84.3689,33.6566],[-84.3689,33.6565],[-84.3689,33.6564],[-84.369,33.6563],[-84.3691,33.6563],[-84.3691,33.6563],[-84.3692,33.6563],[-84.3693,33.6562],[-84.3702,33.6576],[-84.3703,33.6578],[-84.3707,33.6583],[-84.3708,33.6585],[-84.3713,33.6594],[-84.3715,33.6596],[-84.3716,33.6598],[-84.3717,33.6599],[-84.3719,33.6602],[-84.3723,33.6606],[-84.3725,33.6609],[-84.3726,33.6609],[-84.3727,33.6611],[-84.373,33.6614],[-84.3732,33.6617],[-84.3734,33.662],[-84.3735,33.6623],[-84.3736,33.6625],[-84.3737,33.6628],[-84.3737,33.6631],[-84.3737,33.6636],[-84.3738,33.6637],[-84.375,33.6636],[-84.3751,33.6636],[-84.3757,33.6636],[-84.3771,33.6636],[-84.3774,33.6636],[-84.3777,33.6637],[-84.378,33.6639],[-84.3788,33.6642],[-84.3802,33.6648],[-84.3802,33.665],[-84.3812,33.6644],[-84.3815,33.6642],[-84.3818,33.6639],[-84.3834,33.6619],[-84.3837,33.6616],[-84.384,33.6613],[-84.3844,33.6609],[-84.3848,33.6606],[-84.3853,33.6602],[-84.3858,33.6599],[-84.3863,33.6596],[-84.3868,33.6593],[-84.3873,33.659],[-84.3878,33.6588],[-84.3882,33.6586],[-84.3891,33.6583],[-84.3893,33.6582],[-84.3895,33.6581],[-84.3897,33.658],[-84.3898,33.6578],[-84.39,33.6577],[-84.3902,33.6574],[-84.3904,33.6572],[-84.3908,33.6567],[-84.391,33.6565],[-84.3912,33.6563],[-84.3913,33.6563],[-84.3915,33.6561],[-84.3921,33.6556],[-84.3923,33.6554],[-84.3925,33.6552],[-84.3926,33.6549],[-84.3933,33.653],[-84.3943,33.6519],[-84.3946,33.6521],[-84.3947,33.6522],[-84.3949,33.6523],[-84.3952,33.6525],[-84.3955,33.6526],[-84.3957,33.6527],[-84.3958,33.6528],[-84.3961,33.6529],[-84.3963,33.653],[-84.3967,33.6531],[-84.3968,33.6531],[-84.3969,33.6532],[-84.3969,33.6532],[-84.397,33.6532],[-84.3972,33.6533],[-84.3993,33.6537],[-84.3995,33.6535],[-84.3996,33.6533],[-84.3997,33.6531],[-84.3997,33.6531]]]}},{"type":"Feature","id":"13121008301","properties":{"GEOID":"13121008301","NAME":"Census Tract 83.01","AREALAND":2628176},"geometry":{"type":"Polygon","coordinates":[[[-84.4714,33.7695],[-84.4719,33.7691],[-84.4712,33.7684],[-84.4706,33.7677],[-84.4704,33.7674],[-84.4703,33.7671],[-84.4702,33.7669],[-84.4701,33.7666],[-84.4701,33.7663],[-84.47,33.766],[-84.47,33.7652],[-84.47,33.7636],[-84.47,33.7631],[-84.4697,33.7616],[-84.4695,33.7602],[-84.4694,33.7597],[-84.4693,33.7594],[-84.4693,33.7594],[-84.4692,33.759],[-84.4692,33.7589],[-84.4691,33.7584],[-84.469,33.7575],[-84.4689,33.7571],[-84.4689,33.7569],[-84.4689,33.7567],[-84.4689,33.7565],[-84.4688,33.7563],[-84.4688,33.7561],[-84.4686,33.7558],[-84.4684,33.7555],[-84.4679,33.7549],[-84.4679,33.7548],[-84.467,33.7549],[-84.4667,33.7549],[-84.4665,33.7549],[-84.4663,33.7548],[-84.466,33.7548],[-84.4659,33.7548],[-84.4658,33.7548],[-84.4658,33.7548],[-84.4656,33.7547],[-84.4651,33.7546],[-84.4647,33.7545],[-84.4641,33.7543],[-84.463,33.754],[-84.463,33.754],[-84.463,33.7544],[-84.4631,33.7552],[-84.4631,33.7564],[-84.4631,33.7578],[-84.4631,33.7579],[-84.4631,33.758],[-84.4632,33.76],[-84.4622,33.7599],[-84.4612,33.7599],[-84.4604,33.7599],[-84.4602,33.76],[-84.4602,33.7602],[-84.4602,33.761],[-84.4594,33.761],[-84.4591,33.7609],[-84.4589,33.7609],[-84.4579,33.7605],[-84.4575,33.7603],[-84.4573,33.7603],[-84.4572,33.7603],[-84.4569,33.7602],[-84.4555,33.7602],[-84.4518,33.7601],[-84.4505,33.7601],[-84.4505,33.7605],[-84.4505,33.7606],[-84.451,33.7617],[-84.451,33.7619],[-84.4511,33.7622],[-84.4512,33.7627],[-84.4513,33.7641],[-84.4514,33.7645],[-84.4514,33.7647],[-84.4511,33.7648],[-84.451,33.7648],[-84.4508,33.7648],[-84.4506,33.7648],[-84.4505,33.7648],[-84.4504,33.7647],[-84.4502,33.7646],[-84.4501,33.7645],[-84.4497,33.764],[-84.4496,33.7639],[-84.4495,33.7638],[-84.4492,33.7637],[-84.449,33.7636],[-84.4489,33.7636],[-84.4483,33.7636],[-84.4474,33.7636],[-84.447,33.7636],[-84.4467,33.7637],[-84.4464,33.7638],[-84.4461,33.764],[-84.4457,33.7642],[-84.4455,33.7643],[-84.4454,33.7644],[-84.4453,33.7644],[-84.4452,33.7644],[-84.4451,33.7644],[-84.4449,33.7644],[-84.4447,33.7643],[-84.4446,33.7642],[-84.4445,33.7642],[-84.444,33.7638],[-84.4438,33.7637],[-84.4436,33.7636],[-84.4434,33.7636],[-84.4425,33.7636],[-84.441,33.7636],[-84.441,33.7656],[-84.441,33.766],[-84.441,33.7668],[-84.4409,33.7676],[-84.441,33.7678],[-84.441,33.768],[-84.4427,33.768],[-84.4428,33.768],[-84.443,33.7681],[-84.4444,33.7684],[-84.4445,33.7684],[-84.4447,33.7684],[-84.4448,33.7684],[-84.4459,33.7684],[-84.447,33.7684],[-84.4481,33.7685],[-84.4493,33.7685],[-84.4504,33.7685],[-84.4515,33.7685],[-84.4526,33.7685],[-84.4535,33.7685],[-84.4537,33.7685],[-84.454,33.7686],[-84.4543,33.7686],[-84.4545,33.7687],[-84.4548,33.7688],[-84.455,33.7689],[-84.4553,33.769],[-84.4556,33.7691],[-84.4559,33.7694],[-84.456,33.7695],[-84.4562,33.7696],[-84.4563,33.7698],[-84.4564,33.77],[-84.4565,33.7702],[-84.4571,33.7702],[-84.4571,33.7702],[-84.4577,33.7703],[-84.4581,33.7703],[-84.4585,33.7703],[-84.4589,33.7703],[-84.4591,33.7703],[-84.4612,33.7702],[-84.4614,33.7702],[-84.4622,33.7702],[-84.4624,33.7701],[-84.4626,33.7701],[-84.4637,33.7696],[-84.464,33.7695],[-84.4644,33.7694],[-84.4646,33.7694],[-84.465,33.7693],[-84.4653,33.7693],[-84.4656,33.7694],[-84.4664,33.7695],[-84.4667,33.7695],[-84.4669,33.7696],[-84.4675,33.7696],[-84.4682,33.7696],[-84.4687,33.7696],[-84.4699,33.7695],[-84.4702,33.7695],[-84.4714,33.7695],[-84.4714,33.7695]]]}},{"type":"Feature","id":"13121008302","properties":{"GEOID":"13121008302","NAME":"Census Tract 83.02","AREALAND":1890470},"geometry":{"type":"Polygon","coordinates":[[[-84.4632,33.76],[-84.4631,33.758],[-84.4631,33.7579],[-84.4631,33.7578],[-84.4631,33.7564],[-84.4631,33.7552],[-84.463,33.7544],[-84.463,33.754],[-84.463,33.754],[-84.4627,33.7539],[-84.4612,33.7533],[-84.4609,33.7532],[-84.459,33.7526],[-84.4579,33.7522],[-84.4577,33.7521],[-84.4567,33.7518],[-84.4565,33.7517],[-84.4559,33.7515],[-84.4554,33.7514],[-84.4553,33.7513],[-84.455,33.7513],[-84.4546,33.7512],[-84.4543,33.7512],[-84.454,33.7511],[-84.4539,33.7511],[-84.4538,33.7511],[-84.4532,33.7511],[-84.4529,33.7512],[-84.4527,33.7512],[-84.4524,33.7512],[-84.4517,33.7514],[-84.4509,33.7517],[-84.4502,33.7519],[-84.4493,33.7522],[-84.4489,33.7523],[-84.4472,33.7529],[-84.447,33.7529],[-84.4464,33.7532],[-84.446,33.7533],[-84.4459,33.7534],[-84.4453,33.7536],[-84.4444,33.7539],[-84.4444,33.754],[-84.4442,33.7548],[-84.4441,33.7551],[-84.4441,33.7555],[-84.4442,33.756],[-84.4443,33.7565],[-84.4443,33.757],[-84.4443,33.7577],[-84.4443,33.7579],[-84.4442,33.758],[-84.4437,33.7593],[-84.4437,33.7594],[-84.4434,33.7601],[-84.4433,33.7603],[-84.4431,33.7605],[-84.4422,33.7612],[-84.4417,33.7616],[-84.4414,33.7619],[-84.4413,33.762],[-84.4412,33.7621],[-84.4411,33.7624],[-84.441,33.7628],[-84.441,33.7631],[-84.441,33.7636],[-84.4425,33.7636],[-84.4434,33.7636],[-84.4436,33.7636],[-84.4438,33.7637],[-84.444,33.7638],[-84.4445,33.7642],[-84.4446,33.7642],[-84.4447,33.7643],[-84.4449,33.7644],[-84.4451,33.7644],[-84.4452,33.7644],[-84.4453,33.7644],[-84.4454,33.7644],[-84.4455,33.7643],[-84.4457,33.7642],[-84.4461,33.764],[-84.4464,33.7638],[-84.4467,33.7637],[-84.447,33.7636],[-84.4474,33.7636],[-84.4483,33.7636],[-84.4489,33.7636],[-84.449,33.7636],[-84.4492,33.7637],[-84.4495,33.7638],[-84.4496,33.7639],[-84.4497,33.764],[-84.4501,33.7645],[-84.4502,33.7646],[-84.4504,33.7647],[-84.4505,33.7648],[-84.4506,33.7648],[-84.4508,33.7648],[-84.451,33.7648],[-84.4511,33.7648],[-84.4514,33.7647],[-84.4514,33.7645],[-84.4513,33.7641],[-84.4512,33.7627],[-84.4511,33.7622],[-84.451,33.7619],[-84.451,33.7617],[-84.4505,33.7606],[-84.4505,33.7605],[-84.4505,33.7601],[-84.4518,33.7601],[-84.4555,33.7602],[-84.4569,33.7602],[-84.4572,33.7603],[-84.4573,33.7603],[-84.4575,33.7603],[-84.4579,33.7605],[-84.4589,33.7609],[-84.4591,33.7609],[-84.4594,33.761],[-84.4602,33.761],[-84.4602,33.7602],[-84.4602,33.76],[-84.4604,33.7599],[-84.4612,33.7599],[-84.4622,33.7599],[-84.4632,33.76]]]}},{"type":"Feature","id":"13121007602","properties":{"GEOID":"13121007602","NAME":"Census Tract 76.02","AREALAND":3369941},"geometry":{"type":"Polygon","coordinates":[[[-84.4769,33.7051],[-84.4769,33.7048],[-84.4768,33.7047],[-84.4768,33.7045],[-84.4763,33.7036],[-84.4762,33.7034],[-84.4762,33.7032],[-84.4761,33.703],[-84.4762,33.7024],[-84.4743,33.7027],[-84.4741,33.7027],[-84.4729,33.7027],[-84.4725,33.7026],[-84.4712,33.7026],[-84.4707,33.7026],[-84.4701,33.7026],[-84.4699,33.7026],[-84.4697,33.7026],[-84.4693,33.7027],[-84.4687,33.7029],[-84.468,33.7031],[-84.4678,33.7032],[-84.467,33.7037],[-84.4667,33.7038],[-84.4663,33.7039],[-84.466,33.704],[-84.4646,33.7043],[-84.4638,33.7044],[-84.4636,33.7044],[-84.4633,33.7045],[-84.4623,33.7048],[-84.4619,33.7049],[-84.4588,33.7059],[-84.4583,33.7061],[-84.4575,33.7064],[-84.4572,33.7065],[-84.4557,33.7071],[-84.455,33.7074],[-84.4534,33.708],[-84.4519,33.7086],[-84.4507,33.7091],[-84.4506,33.7091],[-84.4488,33.7098],[-84.4485,33.7099],[-84.4482,33.7101],[-84.4476,33.7105],[-84.4469,33.7109],[-84.4468,33.7109],[-84.4466,33.711],[-84.4464,33.7111],[-84.4459,33.7112],[-84.4437,33.7116],[-84.4422,33.7118],[-84.4419,33.7119],[-84.4417,33.7119],[-84.4414,33.712],[-84.4412,33.712],[-84.4408,33.7122],[-84.4397,33.7126],[-84.4395,33.7127],[-84.4381,33.7132],[-84.4376,33.7134],[-84.4347,33.7143],[-84.434,33.7145],[-84.4342,33.7145],[-84.4356,33.7145],[-84.4366,33.7146],[-84.4371,33.7146],[-84.4377,33.7146],[-84.4388,33.7146],[-84.4395,33.7146],[-84.4398,33.7146],[-84.4404,33.7146],[-84.4408,33.7146],[-84.4422,33.7146],[-84.444,33.7146],[-84.4467,33.7147],[-84.4484,33.7147],[-84.4496,33.7147],[-84.452,33.7148],[-84.4535,33.7148],[-84.4569,33.7151],[-84.458,33.7152],[-84.4585,33.7152],[-84.459,33.7153],[-84.4595,33.7154],[-84.4597,33.7154],[-84.4614,33.7154],[-84.4616,33.7155],[-84.4617,33.7155],[-84.4618,33.7155],[-84.4626,33.7161],[-84.4646,33.7175],[-84.4655,33.7182],[-84.4662,33.7187],[-84.467,33.7193],[-84.4671,33.7194],[-84.4673,33.7194],[-84.4674,33.7194],[-84.4681,33.7194],[-84.4687,33.7193],[-84.4692,33.7192],[-84.4692,33.7205],[-84.4692,33.7206],[-84.4715,33.7202],[-84.4715,33.72],[-84.4715,33.7181],[-84.4716,33.7178],[-84.4716,33.7176],[-84.4716,33.7175],[-84.4718,33.717],[-84.4723,33.7162],[-84.4724,33.716],[-84.4725,33.7158],[-84.4728,33.7156],[-84.4729,33.7155],[-84.4732,33.7151],[-84.4734,33.7149],[-84.4736,33.7146],[-84.4736,33.7144],[-84.4737,33.7142],[-84.4738,33.7139],[-84.4738,33.7138],[-84.4745,33.7127],[-84.4745,33.7126],[-84.4746,33.7124],[-84.4746,33.7112],[-84.4746,33.7103],[-84.4746,33.7092],[-84.4745,33.7081],[-84.4745,33.708],[-84.4745,33.7078],[-84.4746,33.7076],[-84.4747,33.7073],[-84.4748,33.7073],[-84.4748,33.7072],[-84.4764,33.7069],[-84.4765,33.7068],[-84.4767,33.7067],[-84.4767,33.7067],[-84.4768,33.7066],[-84.4768,33.7063],[-84.4768,33.7062],[-84.4769,33.7051]]]}},{"type":"Feature","id":"13121006802","properties":{"GEOID":"13121006802","NAME":"Census Tract 68.02","AREALAND":725838},"geometry":{"type":"Polygon","coordinates":[[[-84.3669,33.7047],[-84.3669,33.7046],[-84.3665,33.7041],[-84.3661,33.7036],[-84.3658,33.7033],[-84.3655,33.703],[-84.365,33.7027],[-84.3646,33.7024],[-84.3639,33.7018],[-84.3638,33.7018],[-84.3637,33.7017],[-84.3636,33.7015],[-84.3636,33.7014],[-84.3634,33.7013],[-84.3626,33.7006],[-84.3621,33.7],[-84.3619,33.6998],[-84.3613,33.6991],[-84.3604,33.6983],[-84.3603,33.6981],[-84.3599,33.6978],[-84.3597,33.698],[-84.3595,33.6982],[-84.3594,33.6982],[-84.3593,33.6983],[-84.3588,33.6984],[-84.3589,33.6986],[-84.3589,33.6988],[-84.3589,33.699],[-84.3589,33.6997],[-84.3589,33.7002],[-84.3589,33.7003],[-84.3588,33.7004],[-84.3587,33.7006],[-84.3583,33.7011],[-84.3582,33.7013],[-84.3581,33.7014],[-84.3578,33.7024],[-84.3576,33.7026],[-84.3575,33.7029],[-84.3573,33.7031],[-84.3572,33.7031],[-84.357,33.7033],[-84.3567,33.7034],[-84.3564,33.7035],[-84.3561,33.7036],[-84.3558,33.7036],[-84.3558,33.7042],[-84.3558,33.7044],[-84.3557,33.7046],[-84.3556,33.7048],[-84.3555,33.7051],[-84.3553,33.7053],[-84.3561,33.7058],[-84.3563,33.706],[-84.3566,33.7062],[-84.3569,33.7065],[-84.3583,33.708],[-84.3588,33.7084],[-84.3591,33.7087],[-84.3595,33.709],[-84.3596,33.709],[-84.3606,33.7098],[-84.3612,33.7094],[-84.362,33.7088],[-84.3646,33.7071],[-84.3669,33.7047]]]}},{"type":"Feature","id":"13121003100","properties":{"GEOID":"13121003100","NAME":"Census Tract 31","AREALAND":875795},"geometry":{"type":"Polygon","coordinates":[[[-84.3587,33.7535],[-84.3587,33.7535],[-84.3584,33.7535],[-84.3577,33.7537],[-84.3573,33.7538],[-84.3569,33.7539],[-84.3567,33.7539],[-84.3563,33.7541],[-84.3562,33.7541],[-84.3564,33.754],[-84.3565,33.7538],[-84.3566,33.7538],[-84.3567,33.7536],[-84.3567,33.7534],[-84.3568,33.7534],[-84.3568,33.7532],[-84.3569,33.7531],[-84.357,33.7525],[-84.357,33.7523],[-84.357,33.7519],[-84.357,33.7516],[-84.357,33.7513],[-84.3571,33.7512],[-84.3571,33.7508],[-84.3573,33.7502],[-84.3575,33.7496],[-84.3576,33.7491],[-84.3577,33.749],[-84.3579,33.7483],[-84.358,33.7478],[-84.3581,33.7473],[-84.3582,33.747],[-84.3582,33.7466],[-84.3568,33.7466],[-84.3556,33.7466],[-84.3544,33.7465],[-84.3541,33.7466],[-84.3527,33.7469],[-84.3507,33.7473],[-84.3504,33.7474],[-84.3492,33.7476],[-84.3492,33.7481],[-84.3492,33.7483],[-84.3492,33.7487],[-84.3492,33.7494],[-84.3492,33.7502],[-84.3492,33.7512],[-84.3492,33.7524],[-84.3492,33.7524],[-84.3492,33.7528],[-84.3492,33.7536],[-84.3492,33.7537],[-84.3492,33.754],[-84.3492,33.7546],[-84.3492,33.7554],[-84.3491,33.7562],[-84.3491,33.7567],[-84.3492,33.7574],[-84.3492,33.7577],[-84.3492,33.7582],[-84.3492,33.7584],[-84.3492,33.7586],[-84.3492,33.7586],[-84.3492,33.7592],[-84.3492,33.7596],[-84.3492,33.7597],[-84.3492,33.7597],[-84.3492,33.7598],[-84.3492,33.7598],[-84.3492,33.7599],[-84.3493,33.7599],[-84.3499,33.7595],[-84.35,33.7595],[-84.3502,33.7594],[-84.3506,33.7591],[-84.3509,33.7589],[-84.3513,33.7586],[-84.3529,33.7574],[-84.3535,33.7569],[-84.3538,33.7566],[-84.3545,33.7561],[-84.3551,33.7557],[-84.3555,33.7555],[-84.3558,33.7553],[-84.3565,33.755],[-84.3568,33.7549],[-84.3573,33.7547],[-84.3582,33.7544],[-84.3583,33.7543],[-84.3584,33.7542],[-84.3587,33.7535]]]}},{"type":"Feature","id":"13121008400","properties":{"GEOID":"13121008400","NAME":"Census Tract 84","AREALAND":1778031},"geometry":{"type":"Polygon","coordinates":[[[-84.4444,33.754],[-84.4444,33.7539],[-84.444,33.754],[-84.4435,33.7542],[-84.4432,33.7542],[-84.4422,33.7545],[-84.4421,33.7545],[-84.4415,33.7546],[-84.441,33.7547],[-84.4401,33.7548],[-84.4387,33.7551],[-84.438,33.7552],[-84.4378,33.7552],[-84.4361,33.7555],[-84.4342,33.7558],[-84.4335,33.7559],[-84.4329,33.756],[-84.4328,33.756],[-84.4325,33.7561],[-84.4322,33.7562],[-84.4321,33.7562],[-84.4319,33.7563],[-84.4316,33.7565],[-84.4312,33.7567],[-84.431,33.7569],[-84.4308,33.7572],[-84.4307,33.7574],[-84.4305,33.7577],[-84.4304,33.7579],[-84.4304,33.758],[-84.4304,33.7582],[-84.4304,33.7583],[-84.4304,33.7584],[-84.4303,33.7586],[-84.4304,33.7588],[-84.4304,33.759],[-84.4305,33.7594],[-84.4305,33.7595],[-84.4309,33.7605],[-84.431,33.7608],[-84.4313,33.7617],[-84.4314,33.7622],[-84.4315,33.7624],[-84.4315,33.7625],[-84.4315,33.7628],[-84.4315,33.7631],[-84.4315,33.7632],[-84.4315,33.7634],[-84.4314,33.7635],[-84.4293,33.7635],[-84.4281,33.7635],[-84.4279,33.7635],[-84.4272,33.7635],[-84.4244,33.7635],[-84.4245,33.7639],[-84.4247,33.7647],[-84.4247,33.7648],[-84.425,33.7656],[-84.4255,33.7662],[-84.4256,33.7663],[-84.4257,33.7665],[-84.4258,33.7665],[-84.4255,33.7668],[-84.4255,33.767],[-84.4254,33.7673],[-84.4254,33.7676],[-84.4254,33.7677],[-84.4254,33.768],[-84.4255,33.7686],[-84.426,33.7684],[-84.4264,33.7683],[-84.4268,33.7682],[-84.4271,33.7682],[-84.4274,33.7682],[-84.4274,33.7682],[-84.4275,33.7682],[-84.4276,33.7681],[-84.4281,33.7681],[-84.4286,33.768],[-84.4313,33.7679],[-84.4329,33.7679],[-84.435,33.7679],[-84.4362,33.768],[-84.437,33.768],[-84.4377,33.768],[-84.4388,33.768],[-84.4396,33.768],[-84.441,33.768],[-84.441,33.7678],[-84.4409,33.7676],[-84.441,33.7668],[-84.441,33.766],[-84.441,33.7656],[-84.441,33.7636],[-84.441,33.7631],[-84.441,33.7628],[-84.4411,33.7624],[-84.4412,33.7621],[-84.4413,33.762],[-84.4414,33.7619],[-84.4417,33.7616],[-84.4422,33.7612],[-84.4431,33.7605],[-84.4433,33.7603],[-84.4434,33.7601],[-84.4437,33.7594],[-84.4437,33.7593],[-84.4442,33.758],[-84.4443,33.7579],[-84.4443,33.7577],[-84.4443,33.757],[-84.4443,33.7565],[-84.4442,33.756],[-84.4441,33.7555],[-84.4441,33.7551],[-84.4442,33.7548],[-84.4444,33.754]]]}},{"type":"Feature","id":"13121004000","properties":{"GEOID":"13121004000","NAME":"Census Tract 40","AREALAND":1610456},"geometry":{"type":"Polygon","coordinates":[[[-84.4466,33.7506],[-84.4463,33.7506],[-84.4461,33.7506],[-84.4459,33.7506],[-84.4457,33.7505],[-84.4454,33.7505],[-84.4451,33.7504],[-84.445,33.7503],[-84.4448,33.7502],[-84.4445,33.7501],[-84.4442,33.7498],[-84.444,33.7496],[-84.4424,33.748],[-84.4423,33.7478],[-84.4418,33.7474],[-84.4403,33.7459],[-84.4395,33.7451],[-84.4389,33.7444],[-84.4381,33.7436],[-84.4377,33.7433],[-84.4374,33.743],[-84.4373,33.7429],[-84.4363,33.7427],[-84.4351,33.7425],[-84.4339,33.7424],[-84.4339,33.7428],[-84.4338,33.7433],[-84.4336,33.7438],[-84.4331,33.7445],[-84.4313,33.7462],[-84.4309,33.7465],[-84.4307,33.7467],[-84.43,33.7473],[-84.4284,33.7488],[-84.4281,33.7491],[-84.428,33.7493],[-84.4279,33.7494],[-84.4278,33.7495],[-84.4278,33.7496],[-84.4278,33.7497],[-84.4278,33.7497],[-84.4277,33.7498],[-84.4276,33.7499],[-84.4275,33.75],[-84.4274,33.75],[-84.4273,33.7502],[-84.4273,33.7503],[-84.4273,33.7504],[-84.4273,33.7506],[-84.4272,33.7507],[-84.4271,33.7508],[-84.4269,33.7509],[-84.4269,33.751],[-84.4267,33.751],[-84.4267,33.7512],[-84.4266,33.7515],[-84.4264,33.7522],[-84.426,33.7535],[-84.4265,33.7535],[-84.4273,33.7535],[-84.4281,33.7535],[-84.4284,33.7535],[-84.4288,33.7535],[-84.4298,33.7536],[-84.4321,33.7537],[-84.4328,33.7538],[-84.4333,33.7538],[-84.4335,33.7547],[-84.4335,33.7549],[-84.4335,33.7555],[-84.4335,33.7556],[-84.4335,33.7559],[-84.4342,33.7558],[-84.4361,33.7555],[-84.4378,33.7552],[-84.438,33.7552],[-84.4387,33.7551],[-84.4401,33.7548],[-84.441,33.7547],[-84.4415,33.7546],[-84.4421,33.7545],[-84.4422,33.7545],[-84.4432,33.7542],[-84.4435,33.7542],[-84.444,33.754],[-84.4444,33.7539],[-84.4453,33.7536],[-84.4459,33.7534],[-84.446,33.7533],[-84.446,33.7531],[-84.4461,33.7522],[-84.4461,33.752],[-84.4461,33.7516],[-84.4461,33.7515],[-84.4461,33.7513],[-84.4461,33.751],[-84.4461,33.751],[-84.4461,33.7508],[-84.4461,33.7507],[-84.4466,33.7506]]]}},{"type":"Feature","id":"13121002400","properties":{"GEOID":"13121002400","NAME":"Census Tract 24","AREALAND":1352246},"geometry":{"type":"Polygon","coordinates":[[[-84.4335,33.7559],[-84.4335,33.7556],[-84.4335,33.7555],[-84.4335,33.7549],[-84.4335,33.7547],[-84.4333,33.7538],[-84.4328,33.7538],[-84.4321,33.7537],[-84.4298,33.7536],[-84.4288,33.7535],[-84.4284,33.7535],[-84.4281,33.7535],[-84.4273,33.7535],[-84.4265,33.7535],[-84.426,33.7535],[-84.426,33.7535],[-84.4259,33.7535],[-84.4258,33.7536],[-84.4256,33.7536],[-84.4253,33.7537],[-84.4244,33.7541],[-84.4239,33.7544],[-84.4236,33.7545],[-84.4233,33.7546],[-84.4229,33.7547],[-84.4227,33.7548],[-84.4223,33.7548],[-84.4221,33.7548],[-84.4213,33.7548],[-84.4204,33.7548],[-84.4199,33.7547],[-84.4187,33.7547],[-84.4185,33.7547],[-84.4176,33.7547],[-84.4175,33.7556],[-84.4175,33.7563],[-84.4175,33.7565],[-84.4175,33.7565],[-84.4175,33.7566],[-84.4175,33.7566],[-84.4175,33.7574],[-84.4175,33.7578],[-84.4175,33.7582],[-84.4175,33.7591],[-84.4175,33.7598],[-84.4175,33.7604],[-84.4175,33.7622],[-84.4175,33.7626],[-84.4175,33.7635],[-84.4196,33.7635],[-84.421,33.7635],[-84.4215,33.7635],[-84.422,33.7635],[-84.4235,33.7635],[-84.424,33.7635],[-84.4244,33.7635],[-84.4244,33.7635],[-84.4272,33.7635],[-84.4279,33.7635],[-84.4281,33.7635],[-84.4293,33.7635],[-84.4314,33.7635],[-84.4315,33.7634],[-84.4315,33.7632],[-84.4315,33.7631],[-84.4315,33.7628],[-84.4315,33.7625],[-84.4315,33.7624],[-84.4314,33.7622],[-84.4313,33.7617],[-84.431,33.7608],[-84.4309,33.7605],[-84.4305,33.7595],[-84.4305,33.7594],[-84.4304,33.759],[-84.4304,33.7588],[-84.4303,33.7586],[-84.4304,33.7584],[-84.4304,33.7583],[-84.4304,33.7582],[-84.4304,33.758],[-84.4304,33.7579],[-84.4305,33.7577],[-84.4307,33.7574],[-84.4308,33.7572],[-84.431,33.7569],[-84.4312,33.7567],[-84.4316,33.7565],[-84.4319,33.7563],[-84.4321,33.7562],[-84.4322,33.7562],[-84.4325,33.7561],[-84.4328,33.756],[-84.4329,33.756],[-84.4335,33.7559]]]}},{"type":"Feature","id":"13121004100","properties":{"GEOID":"13121004100","NAME":"Census Tract 41","AREALAND":1265636},"geometry":{"type":"Polygon","coordinates":[[[-84.4373,33.7429],[-84.4366,33.7423],[-84.4351,33.741],[-84.4345,33.7404],[-84.4343,33.7403],[-84.4342,33.7401],[-84.4341,33.7399],[-84.434,33.7398],[-84.434,33.7397],[-84.434,33.7395],[-84.4339,33.7393],[-84.4337,33.7391],[-84.4337,33.7391],[-84.4336,33.739],[-84.4331,33.739],[-84.4331,33.739],[-84.4323,33.7384],[-84.4319,33.7381],[-84.4317,33.7377],[-84.4313,33.7369],[-84.431,33.7365],[-84.4268,33.7338],[-84.4259,33.7334],[-84.4243,33.7323],[-84.424,33.7326],[-84.4235,33.7332],[-84.4235,33.7333],[-84.4234,33.7334],[-84.4234,33.7335],[-84.4234,33.7336],[-84.4234,33.7346],[-84.4234,33.7358],[-84.4234,33.7368],[-84.4234,33.7369],[-84.4234,33.7384],[-84.4233,33.7408],[-84.4233,33.7423],[-84.4233,33.743],[-84.4233,33.7432],[-84.4233,33.7437],[-84.4233,33.7445],[-84.4233,33.7453],[-84.4233,33.7462],[-84.4233,33.747],[-84.4242,33.7471],[-84.4244,33.7471],[-84.4254,33.7472],[-84.4259,33.7473],[-84.4268,33.7473],[-84.427,33.7473],[-84.4271,33.7473],[-84.4275,33.7473],[-84.428,33.7473],[-84.4287,33.7473],[-84.4294,33.7473],[-84.4295,33.7473],[-84.43,33.7473],[-84.4307,33.7467],[-84.4309,33.7465],[-84.4313,33.7462],[-84.4331,33.7445],[-84.4336,33.7438],[-84.4338,33.7433],[-84.4339,33.7428],[-84.4339,33.7424],[-84.4351,33.7425],[-84.4363,33.7427],[-84.4373,33.7429]]]}},{"type":"Feature","id":"13121003900","properties":{"GEOID":"13121003900","NAME":"Census Tract 39","AREALAND":842141},"geometry":{"type":"Polygon","coordinates":[[[-84.43,33.7473],[-84.4295,33.7473],[-84.4294,33.7473],[-84.4287,33.7473],[-84.428,33.7473],[-84.4275,33.7473],[-84.4271,33.7473],[-84.427,33.7473],[-84.4268,33.7473],[-84.4259,33.7473],[-84.4254,33.7472],[-84.4244,33.7471],[-84.4242,33.7471],[-84.4233,33.747],[-84.4233,33.7462],[-84.4233,33.7453],[-84.4223,33.7453],[-84.4214,33.7453],[-84.4205,33.7454],[-84.4193,33.7454],[-84.4193,33.7454],[-84.419,33.7454],[-84.4175,33.7454],[-84.4176,33.7465],[-84.4176,33.7472],[-84.4175,33.7484],[-84.4175,33.7491],[-84.4175,33.7492],[-84.4175,33.7499],[-84.4175,33.7504],[-84.4175,33.7508],[-84.4175,33.7511],[-84.4175,33.7518],[-84.4175,33.7522],[-84.4175,33.7525],[-84.4175,33.7528],[-84.4175,33.7535],[-84.4176,33.7536],[-84.4176,33.7538],[-84.4176,33.7541],[-84.4176,33.7547],[-84.4185,33.7547],[-84.4187,33.7547],[-84.4199,33.7547],[-84.4204,33.7548],[-84.4213,33.7548],[-84.4221,33.7548],[-84.4223,33.7548],[-84.4227,33.7548],[-84.4229,33.7547],[-84.4233,33.7546],[-84.4236,33.7545],[-84.4239,33.7544],[-84.4244,33.7541],[-84.4253,33.7537],[-84.4256,33.7536],[-84.4258,33.7536],[-84.4259,33.7535],[-84.426,33.7535],[-84.426,33.7535],[-84.4264,33.7522],[-84.4266,33.7515],[-84.4267,33.7512],[-84.4267,33.751],[-84.4269,33.751],[-84.4269,33.7509],[-84.4271,33.7508],[-84.4272,33.7507],[-84.4273,33.7506],[-84.4273,33.7504],[-84.4273,33.7503],[-84.4273,33.7502],[-84.4274,33.75],[-84.4275,33.75],[-84.4276,33.7499],[-84.4277,33.7498],[-84.4278,33.7497],[-84.4278,33.7497],[-84.4278,33.7496],[-84.4278,33.7495],[-84.4279,33.7494],[-84.428,33.7493],[-84.4281,33.7491],[-84.4284,33.7488],[-84.43,33.7473]]]}},{"type":"Feature","id":"13121008000","properties":{"GEOID":"13121008000","NAME":"Census Tract 80","AREALAND":5912367},"geometry":{"type":"Polygon","coordinates":[[[-84.4737,33.7359],[-84.475,33.7351],[-84.4721,33.7332],[-84.4697,33.7299],[-84.4697,33.7297],[-84.4698,33.7295],[-84.4706,33.7278],[-84.4715,33.726],[-84.4718,33.7253],[-84.4719,33.725],[-84.472,33.7247],[-84.4721,33.7243],[-84.4722,33.724],[-84.4722,33.7237],[-84.4723,33.7201],[-84.4723,33.72],[-84.4715,33.7202],[-84.4692,33.7206],[-84.4692,33.7205],[-84.4692,33.7192],[-84.4687,33.7193],[-84.4681,33.7194],[-84.4674,33.7194],[-84.4673,33.7194],[-84.4671,33.7194],[-84.467,33.7193],[-84.4662,33.7187],[-84.4655,33.7182],[-84.4646,33.7175],[-84.4626,33.7161],[-84.4618,33.7155],[-84.4617,33.7155],[-84.4616,33.7155],[-84.4614,33.7154],[-84.4597,33.7154],[-84.4595,33.7154],[-84.459,33.7153],[-84.4585,33.7152],[-84.458,33.7152],[-84.4569,33.7151],[-84.4535,33.7148],[-84.452,33.7148],[-84.4496,33.7147],[-84.4484,33.7147],[-84.4467,33.7147],[-84.444,33.7146],[-84.4422,33.7146],[-84.4408,33.7146],[-84.4404,33.7146],[-84.4398,33.7146],[-84.4395,33.7146],[-84.4388,33.7146],[-84.4377,33.7146],[-84.4371,33.7146],[-84.4366,33.7146],[-84.4356,33.7145],[-84.4342,33.7145],[-84.434,33.7145],[-84.4338,33.7146],[-84.4332,33.7148],[-84.4325,33.7151],[-84.4326,33.7152],[-84.4328,33.7156],[-84.4328,33.7157],[-84.4328,33.7158],[-84.4328,33.7175],[-84.4327,33.7177],[-84.4326,33.7181],[-84.4326,33.7184],[-84.4325,33.7224],[-84.4341,33.7224],[-84.4355,33.7225],[-84.4364,33.7225],[-84.4365,33.7225],[-84.4376,33.7225],[-84.4378,33.7225],[-84.4388,33.7225],[-84.4399,33.7225],[-84.4412,33.7225],[-84.4422,33.7225],[-84.4424,33.7225],[-84.4432,33.7225],[-84.4436,33.7225],[-84.4447,33.7225],[-84.4448,33.7225],[-84.4468,33.7225],[-84.4483,33.7225],[-84.4489,33.7225],[-84.4492,33.7226],[-84.4494,33.7226],[-84.4496,33.7227],[-84.4498,33.7228],[-84.4499,33.7229],[-84.4502,33.7232],[-84.4503,33.7233],[-84.4504,33.7235],[-84.4504,33.7235],[-84.4502,33.7242],[-84.4501,33.7245],[-84.45,33.7248],[-84.4499,33.725],[-84.4498,33.7252],[-84.4496,33.7253],[-84.4495,33.7254],[-84.4491,33.7256],[-84.4485,33.7258],[-84.4482,33.7259],[-84.4475,33.7261],[-84.4472,33.7263],[-84.4465,33.7265],[-84.4463,33.7266],[-84.4461,33.7266],[-84.4454,33.7267],[-84.4453,33.7267],[-84.4451,33.7266],[-84.4449,33.7268],[-84.4439,33.7274],[-84.4435,33.7277],[-84.4436,33.7278],[-84.4461,33.729],[-84.4463,33.7291],[-84.4464,33.7291],[-84.4464,33.7293],[-84.4464,33.7308],[-84.4463,33.7309],[-84.4463,33.7309],[-84.4451,33.7309],[-84.4451,33.7315],[-84.4451,33.7326],[-84.4451,33.7337],[-84.4475,33.7337],[-84.4482,33.7337],[-84.4483,33.7332],[-84.4483,33.7325],[-84.4484,33.7316],[-84.4484,33.7315],[-84.4483,33.7309],[-84.452,33.7308],[-84.4555,33.7337],[-84.457,33.7347],[-84.4589,33.7369],[-84.4586,33.738],[-84.4612,33.7382],[-84.4644,33.7368],[-84.4642,33.7344],[-84.4641,33.7342],[-84.4658,33.7338],[-84.4671,33.7348],[-84.4684,33.7358],[-84.4685,33.7359],[-84.4705,33.7382],[-84.4735,33.7395],[-84.4729,33.7387],[-84.473,33.7382],[-84.4737,33.7359]]]}},{"type":"Feature","id":"13121011900","properties":{"GEOID":"13121011900","NAME":"Census Tract 119","AREALAND":1530826},"geometry":{"type":"Polygon","coordinates":[[[-84.395,33.7585],[-84.3944,33.7572],[-84.394,33.7563],[-84.3938,33.7551],[-84.3938,33.7549],[-84.3934,33.7547],[-84.3932,33.7546],[-84.3932,33.7546],[-84.3928,33.7544],[-84.3924,33.7542],[-84.3922,33.7541],[-84.3915,33.7538],[-84.3913,33.7537],[-84.3908,33.7534],[-84.3899,33.7528],[-84.3889,33.7521],[-84.3879,33.7515],[-84.3876,33.7512],[-84.3864,33.7505],[-84.3857,33.75],[-84.3852,33.7497],[-84.3849,33.7494],[-84.3846,33.7493],[-84.3843,33.7492],[-84.3843,33.7492],[-84.3841,33.7491],[-84.3839,33.749],[-84.3837,33.749],[-84.3835,33.7489],[-84.3833,33.7489],[-84.3829,33.7489],[-84.3827,33.7489],[-84.3825,33.7489],[-84.3821,33.7489],[-84.3815,33.7489],[-84.381,33.7489],[-84.3808,33.7489],[-84.3805,33.7489],[-84.3801,33.7489],[-84.3797,33.7489],[-84.3795,33.7489],[-84.379,33.7489],[-84.3788,33.749],[-84.3784,33.749],[-84.3777,33.7492],[-84.3769,33.7494],[-84.3766,33.7495],[-84.3763,33.7496],[-84.3751,33.7499],[-84.3741,33.7503],[-84.3733,33.7505],[-84.3722,33.7509],[-84.371,33.7513],[-84.3705,33.7514],[-84.3699,33.7516],[-84.3691,33.7518],[-84.3684,33.7521],[-84.3672,33.7524],[-84.3671,33.7525],[-84.367,33.7526],[-84.3669,33.7527],[-84.3668,33.7528],[-84.3666,33.753],[-84.3663,33.7532],[-84.3663,33.7533],[-84.3658,33.7539],[-84.3656,33.7542],[-84.3656,33.7543],[-84.3659,33.7543],[-84.3664,33.7543],[-84.3666,33.7543],[-84.3675,33.7543],[-84.368,33.7543],[-84.3686,33.7543],[-84.3688,33.7543],[-84.3698,33.7543],[-84.3713,33.7543],[-84.3721,33.7543],[-84.3724,33.7543],[-84.3734,33.7543],[-84.3744,33.7543],[-84.3755,33.7544],[-84.3766,33.7544],[-84.3771,33.7544],[-84.3773,33.7544],[-84.3774,33.7544],[-84.378,33.7544],[-84.3783,33.7544],[-84.3783,33.7544],[-84.3787,33.7544],[-84.3792,33.7544],[-84.3794,33.7544],[-84.3795,33.7544],[-84.3802,33.7544],[-84.3803,33.7544],[-84.3814,33.7544],[-84.3818,33.7544],[-84.3819,33.7544],[-84.3823,33.7544],[-84.3834,33.7545],[-84.3843,33.7545],[-84.3843,33.7545],[-84.3843,33.7547],[-84.3843,33.7556],[-84.3842,33.7571],[-84.3842,33.7584],[-84.3842,33.7597],[-84.3861,33.7597],[-84.3875,33.7597],[-84.3876,33.7597],[-84.3891,33.7597],[-84.3898,33.7597],[-84.3906,33.7597],[-84.3921,33.7597],[-84.3928,33.7597],[-84.3932,33.7597],[-84.3933,33.7597],[-84.3934,33.7596],[-84.3935,33.7596],[-84.3938,33.7593],[-84.3943,33.759],[-84.395,33.7585]]]}},{"type":"Feature","id":"13121012000","properties":{"GEOID":"13121012000","NAME":"Census Tract 120","AREALAND":2302195},"geometry":{"type":"Polygon","coordinates":[[[-84.401,33.7345],[-84.4013,33.7345],[-84.4005,33.7336],[-84.3986,33.7314],[-84.3974,33.7301],[-84.3965,33.729],[-84.3962,33.7287],[-84.3952,33.7276],[-84.3947,33.7272],[-84.3944,33.7269],[-84.3944,33.7266],[-84.3943,33.7265],[-84.3939,33.7262],[-84.3938,33.7261],[-84.3935,33.7259],[-84.3932,33.7256],[-84.3916,33.7242],[-84.3916,33.7242],[-84.3907,33.7234],[-84.3902,33.7229],[-84.3895,33.7224],[-84.3889,33.7221],[-84.3885,33.7219],[-84.3883,33.7219],[-84.3881,33.7218],[-84.3881,33.7219],[-84.3881,33.7228],[-84.3881,33.7244],[-84.3881,33.725],[-84.3881,33.7255],[-84.388,33.7266],[-84.388,33.728],[-84.388,33.7294],[-84.388,33.7304],[-84.3879,33.7317],[-84.3879,33.7327],[-84.3879,33.7329],[-84.3879,33.7332],[-84.3879,33.7342],[-84.3879,33.7344],[-84.3879,33.7356],[-84.3879,33.7368],[-84.3879,33.7371],[-84.3878,33.738],[-84.3878,33.7419],[-84.3878,33.7431],[-84.3878,33.7433],[-84.3878,33.7435],[-84.3878,33.744],[-84.3878,33.7442],[-84.3878,33.7445],[-84.3878,33.7446],[-84.3877,33.745],[-84.3877,33.7452],[-84.3877,33.7463],[-84.3877,33.7466],[-84.3877,33.7467],[-84.3877,33.7469],[-84.3878,33.7469],[-84.3881,33.7469],[-84.3886,33.7469],[-84.3888,33.7469],[-84.3892,33.7469],[-84.3906,33.7469],[-84.3909,33.7469],[-84.3922,33.7469],[-84.3928,33.7469],[-84.3944,33.7469],[-84.3957,33.747],[-84.3968,33.747],[-84.3969,33.7469],[-84.397,33.747],[-84.3972,33.7469],[-84.3974,33.7468],[-84.3979,33.7465],[-84.3979,33.7461],[-84.398,33.7459],[-84.398,33.7458],[-84.3981,33.7453],[-84.3981,33.7451],[-84.3981,33.745],[-84.3981,33.7449],[-84.3981,33.7448],[-84.3982,33.7444],[-84.3982,33.7433],[-84.3982,33.7429],[-84.3982,33.7422],[-84.3982,33.7421],[-84.3982,33.742],[-84.3983,33.7418],[-84.3983,33.7408],[-84.3983,33.7395],[-84.3983,33.7381],[-84.3983,33.7369],[-84.3983,33.7356],[-84.3983,33.735],[-84.3983,33.7344],[-84.3991,33.7344],[-84.4,33.7344],[-84.4,33.7344],[-84.4004,33.7344],[-84.4006,33.7344],[-84.4008,33.7346],[-84.401,33.7345]]]}},{"type":"Feature","id":"13121012300","properties":{"GEOID":"13121012300","NAME":"Census Tract 123","AREALAND":3596901},"geometry":{"type":"Polygon","coordinates":[[[-84.453,33.6421],[-84.453,33.642],[-84.4525,33.6425],[-84.452,33.643],[-84.4508,33.6442],[-84.4503,33.6447],[-84.4501,33.645],[-84.45,33.6451],[-84.45,33.6451],[-84.4496,33.6455],[-84.4484,33.6467],[-84.4483,33.6468],[-84.4483,33.6469],[-84.4483,33.6471],[-84.4483,33.6481],[-84.4483,33.6485],[-84.4483,33.6488],[-84.4476,33.6488],[-84.4475,33.6488],[-84.446,33.6488],[-84.4459,33.6488],[-84.4458,33.6488],[-84.4457,33.6489],[-84.4453,33.6491],[-84.444,33.6497],[-84.4436,33.6499],[-84.4429,33.6502],[-84.4422,33.6506],[-84.4408,33.6514],[-84.4403,33.6517],[-84.4401,33.6519],[-84.4393,33.6524],[-84.439,33.6526],[-84.4386,33.6529],[-84.438,33.6534],[-84.4375,33.654],[-84.4366,33.6548],[-84.4346,33.6567],[-84.4346,33.6567],[-84.4341,33.6571],[-84.4339,33.6572],[-84.4327,33.6582],[-84.4316,33.659],[-84.4306,33.6598],[-84.4302,33.66],[-84.4297,33.6603],[-84.4296,33.6604],[-84.4288,33.6608],[-84.4285,33.661],[-84.4283,33.6611],[-84.4269,33.6619],[-84.4268,33.6622],[-84.4266,33.6624],[-84.4263,33.6627],[-84.4261,33.6629],[-84.4259,33.663],[-84.4256,33.6632],[-84.4254,33.6633],[-84.4252,33.6633],[-84.4249,33.6634],[-84.4236,33.6636],[-84.4236,33.6639],[-84.4236,33.6643],[-84.4237,33.6646],[-84.4237,33.6653],[-84.4235,33.6654],[-84.4232,33.6654],[-84.4234,33.6655],[-84.4246,33.6659],[-84.4249,33.666],[-84.4255,33.6662],[-84.4256,33.6662],[-84.4273,33.6668],[-84.4284,33.6671],[-84.4303,33.6677],[-84.4324,33.6684],[-84.4336,33.6688],[-84.4343,33.669],[-84.435,33.6692],[-84.4355,33.6695],[-84.4361,33.6698],[-84.4366,33.6702],[-84.437,33.6707],[-84.4375,33.6713],[-84.4378,33.6716],[-84.438,33.672],[-84.4382,33.6724],[-84.4383,33.6727],[-84.4383,33.673],[-84.4384,33.6735],[-84.4389,33.6757],[-84.4389,33.6758],[-84.4389,33.6761],[-84.4391,33.6769],[-84.4392,33.6776],[-84.4395,33.6787],[-84.4395,33.6791],[-84.4396,33.6794],[-84.4397,33.6794],[-84.4398,33.6794],[-84.4399,33.6794],[-84.44,33.6794],[-84.4402,33.6794],[-84.4405,33.6785],[-84.4407,33.6778],[-84.4411,33.6768],[-84.4416,33.6754],[-84.4421,33.6741],[-84.4424,33.6734],[-84.4429,33.6721],[-84.4433,33.671],[-84.4436,33.6703],[-84.4437,33.6699],[-84.4441,33.6688],[-84.4446,33.6676],[-84.4452,33.6661],[-84.4456,33.6649],[-84.446,33.664],[-84.4461,33.6636],[-84.4465,33.6626],[-84.4468,33.6617],[-84.4469,33.6616],[-84.4473,33.6604],[-84.4476,33.6598],[-84.4478,33.6592],[-84.4478,33.659],[-84.4482,33.6581],[-84.4485,33.6572],[-84.4487,33.6569],[-84.4492,33.6555],[-84.4493,33.6551],[-84.4494,33.6546],[-84.4495,33.6541],[-84.4495,33.6534],[-84.4496,33.6522],[-84.4497,33.6511],[-84.4498,33.6499],[-84.4498,33.6489],[-84.45,33.648],[-84.4502,33.6475],[-84.4502,33.6474],[-84.4503,33.6468],[-84.4505,33.6464],[-84.4508,33.6458],[-84.4511,33.6455],[-84.4512,33.6455],[-84.4512,33.6454],[-84.4513,33.6454],[-84.4515,33.6452],[-84.4522,33.6446],[-84.4523,33.6446],[-84.4527,33.6443],[-84.4527,33.6443],[-84.4529,33.6441],[-84.4529,33.6441],[-84.4529,33.6438],[-84.4529,33.6437],[-84.4529,33.6434],[-84.4529,33.6434],[-84.453,33.6429],[-84.453,33.6425],[-84.453,33.6423],[-84.453,33.6421],[-84.453,33.6421]]]}},{"type":"Feature","id":"13121008700","properties":{"GEOID":"13121008700","NAME":"Census Tract 87","AREALAND":7711781},"geometry":{"type":"Polygon","coordinates":[[[-84.4973,33.8063],[-84.4969,33.8062],[-84.4959,33.8061],[-84.4957,33.8061],[-84.4955,33.8061],[-84.4953,33.8062],[-84.4952,33.8062],[-84.495,33.8062],[-84.4946,33.8063],[-84.4944,33.8062],[-84.4941,33.8062],[-84.4938,33.8061],[-84.4933,33.806],[-84.4931,33.806],[-84.4926,33.806],[-84.4924,33.8059],[-84.4922,33.8059],[-84.4922,33.8059],[-84.4919,33.8057],[-84.4917,33.8057],[-84.4915,33.8056],[-84.4912,33.8054],[-84.491,33.8053],[-84.4908,33.8053],[-84.4907,33.8054],[-84.4905,33.8054],[-84.4903,33.8054],[-84.49,33.8054],[-84.4899,33.8054],[-84.4898,33.8054],[-84.4896,33.8055],[-84.4894,33.8055],[-84.4893,33.8054],[-84.4891,33.8054],[-84.4888,33.8054],[-84.4887,33.8054],[-84.4885,33.8055],[-84.4881,33.8056],[-84.488,33.8055],[-84.4877,33.8054],[-84.4877,33.8054],[-84.4875,33.8052],[-84.4874,33.8051],[-84.4873,33.8049],[-84.4872,33.8047],[-84.4871,33.8047],[-84.487,33.8045],[-84.487,33.8044],[-84.4871,33.8043],[-84.4872,33.8043],[-84.4874,33.8042],[-84.4875,33.8041],[-84.4877,33.804],[-84.4878,33.8039],[-84.488,33.8037],[-84.488,33.8036],[-84.488,33.8035],[-84.4881,33.8033],[-84.4881,33.8032],[-84.4882,33.8031],[-84.4884,33.803],[-84.4885,33.8029],[-84.4885,33.8028],[-84.4886,33.8026],[-84.4886,33.8024],[-84.4887,33.8023],[-84.4887,33.8022],[-84.4888,33.8021],[-84.4889,33.8019],[-84.489,33.8017],[-84.4891,33.8014],[-84.4895,33.8013],[-84.4895,33.8013],[-84.4897,33.8011],[-84.4898,33.8011],[-84.4898,33.8009],[-84.4899,33.8008],[-84.4899,33.8006],[-84.4898,33.8003],[-84.4895,33.7997],[-84.4894,33.7996],[-84.4892,33.7996],[-84.489,33.7996],[-84.4888,33.7996],[-84.4887,33.7996],[-84.4886,33.7994],[-84.4884,33.7994],[-84.4882,33.7994],[-84.4877,33.7995],[-84.487,33.7995],[-84.4865,33.7992],[-84.4864,33.7992],[-84.4862,33.7991],[-84.486,33.799],[-84.4859,33.7989],[-84.4856,33.7989],[-84.4855,33.7989],[-84.4854,33.799],[-84.4853,33.7991],[-84.485,33.7992],[-84.4848,33.7993],[-84.4847,33.7993],[-84.4843,33.7994],[-84.4842,33.7995],[-84.4839,33.7995],[-84.4836,33.7995],[-84.4835,33.7995],[-84.4833,33.7995],[-84.4832,33.7994],[-84.483,33.7994],[-84.4828,33.7993],[-84.4827,33.7993],[-84.4825,33.7992],[-84.4823,33.7991],[-84.4821,33.799],[-84.482,33.7989],[-84.4819,33.7989],[-84.4817,33.7988],[-84.4815,33.7988],[-84.4814,33.7987],[-84.4812,33.7987],[-84.4809,33.7986],[-84.4808,33.7985],[-84.4807,33.7985],[-84.4805,33.7984],[-84.4804,33.7984],[-84.4803,33.7984],[-84.4803,33.7984],[-84.4802,33.7984],[-84.4801,33.7983],[-84.4801,33.7982],[-84.4801,33.7981],[-84.4801,33.798],[-84.4801,33.7978],[-84.4801,33.7977],[-84.48,33.7975],[-84.48,33.7974],[-84.48,33.7973],[-84.4799,33.7972],[-84.4798,33.7972],[-84.4798,33.7971],[-84.4797,33.7969],[-84.4795,33.7967],[-84.4794,33.7966],[-84.4794,33.7965],[-84.4794,33.7964],[-84.4794,33.7963],[-84.4793,33.7961],[-84.4792,33.796],[-84.4791,33.7959],[-84.479,33.7958],[-84.479,33.7957],[-84.4789,33.7955],[-84.4789,33.7954],[-84.4788,33.7953],[-84.4787,33.7952],[-84.4787,33.7952],[-84.4786,33.7952],[-84.4785,33.7952],[-84.4784,33.7952],[-84.4783,33.7952],[-84.4782,33.7952],[-84.4781,33.7952],[-84.478,33.7951],[-84.4779,33.795],[-84.4778,33.7949],[-84.4778,33.7948],[-84.4778,33.7948],[-84.4777,33.7947],[-84.4777,33.7946],[-84.4776,33.7945],[-84.4774,33.7944],[-84.4773,33.7943],[-84.4772,33.7943],[-84.4771,33.7943],[-84.477,33.7944],[-84.4769,33.7944],[-84.4768,33.7945],[-84.4768,33.7946],[-84.4768,33.7947],[-84.4768,33.7947],[-84.4767,33.795],[-84.4767,33.795],[-84.4766,33.7951],[-84.4766,33.7951],[-84.4765,33.7952],[-84.4764,33.7952],[-84.4764,33.7953],[-84.4764,33.7954],[-84.4764,33.7955],[-84.4762,33.7956],[-84.476,33.7957],[-84.4759,33.7956],[-84.4759,33.7955],[-84.4758,33.7954],[-84.4757,33.7953],[-84.4756,33.7951],[-84.4756,33.7951],[-84.4755,33.7951],[-84.4755,33.795],[-84.4755,33.795],[-84.4754,33.7949],[-84.4753,33.7948],[-84.4751,33.7946],[-84.4749,33.7945],[-84.4748,33.7944],[-84.4745,33.7944],[-84.4743,33.7944],[-84.4742,33.7945],[-84.474,33.7946],[-84.4739,33.7947],[-84.4737,33.7948],[-84.4735,33.7949],[-84.4734,33.795],[-84.4732,33.7951],[-84.4729,33.7952],[-84.4724,33.7953],[-84.472,33.7954],[-84.4711,33.7955],[-84.4703,33.7958],[-84.4699,33.7959],[-84.4696,33.7959],[-84.4696,33.7957],[-84.4694,33.7941],[-84.4693,33.7941],[-84.4692,33.7942],[-84.4688,33.7947],[-84.4688,33.7947],[-84.4687,33.7948],[-84.4686,33.7947],[-84.4683,33.7947],[-84.468,33.7947],[-84.4678,33.7947],[-84.4675,33.7946],[-84.4667,33.7944],[-84.4665,33.7944],[-84.4664,33.7943],[-84.466,33.7941],[-84.4655,33.7938],[-84.465,33.7935],[-84.4648,33.7934],[-84.4639,33.7932],[-84.4638,33.7932],[-84.4635,33.793],[-84.4628,33.7925],[-84.4622,33.7921],[-84.4615,33.7916],[-84.4614,33.7915],[-84.4613,33.7914],[-84.4612,33.7911],[-84.4611,33.7911],[-84.4609,33.7905],[-84.4604,33.7897],[-84.4603,33.7895],[-84.4602,33.7894],[-84.4602,33.7894],[-84.4599,33.7893],[-84.4597,33.7892],[-84.4579,33.7894],[-84.4563,33.7899],[-84.4562,33.7899],[-84.4561,33.7899],[-84.4551,33.7902],[-84.4527,33.7903],[-84.4526,33.7902],[-84.4526,33.7902],[-84.4524,33.7901],[-84.4521,33.7899],[-84.4519,33.7898],[-84.4517,33.7896],[-84.4516,33.7895],[-84.4516,33.7894],[-84.4516,33.7893],[-84.4516,33.7891],[-84.4517,33.789],[-84.4518,33.7889],[-84.452,33.7887],[-84.452,33.7885],[-84.452,33.7885],[-84.452,33.7883],[-84.452,33.7882],[-84.452,33.7881],[-84.4519,33.7878],[-84.4518,33.7877],[-84.4518,33.7875],[-84.4517,33.7875],[-84.4517,33.7874],[-84.4516,33.7872],[-84.4514,33.7871],[-84.4513,33.7871],[-84.4512,33.787],[-84.451,33.787],[-84.4509,33.7868],[-84.4508,33.7866],[-84.4507,33.7865],[-84.4507,33.7864],[-84.4506,33.7864],[-84.4506,33.7862],[-84.4505,33.7861],[-84.4505,33.7859],[-84.4505,33.7858],[-84.4505,33.7856],[-84.4505,33.7855],[-84.4505,33.7854],[-84.4505,33.7853],[-84.4505,33.7852],[-84.4505,33.785],[-84.4505,33.7849],[-84.4505,33.7848],[-84.4505,33.7846],[-84.4505,33.7844],[-84.4504,33.7843],[-84.4504,33.7841],[-84.4504,33.784],[-84.4505,33.7839],[-84.4506,33.7838],[-84.4507,33.7838],[-84.4508,33.7837],[-84.4511,33.7837],[-84.4511,33.7836],[-84.4511,33.7835],[-84.4509,33.7834],[-84.4506,33.7832],[-84.4505,33.7831],[-84.4503,33.783],[-84.45,33.7831],[-84.4496,33.7831],[-84.4489,33.7834],[-84.4486,33.7834],[-84.4483,33.7835],[-84.448,33.7836],[-84.4478,33.7835],[-84.4476,33.7835],[-84.4475,33.7835],[-84.4473,33.7835],[-84.4471,33.7836],[-84.447,33.7836],[-84.4468,33.7837],[-84.4466,33.7836],[-84.4464,33.7837],[-84.4462,33.7837],[-84.4459,33.7838],[-84.4457,33.7839],[-84.4455,33.7839],[-84.4453,33.7837],[-84.4451,33.7835],[-84.4451,33.7834],[-84.4451,33.7832],[-84.4451,33.7828],[-84.445,33.7827],[-84.445,33.7825],[-84.4449,33.7823],[-84.4446,33.7821],[-84.4446,33.782],[-84.4445,33.7819],[-84.4445,33.7818],[-84.4445,33.7816],[-84.4445,33.7815],[-84.4444,33.7814],[-84.4444,33.7812],[-84.4444,33.7811],[-84.4443,33.781],[-84.4443,33.7809],[-84.4443,33.7808],[-84.4443,33.7807],[-84.4442,33.7806],[-84.4441,33.7805],[-84.4441,33.7804],[-84.444,33.7803],[-84.4438,33.7801],[-84.4437,33.7799],[-84.4435,33.7798],[-84.4432,33.7796],[-84.443,33.7792],[-84.4429,33.7787],[-84.4431,33.7784],[-84.4432,33.778],[-84.4432,33.7778],[-84.4432,33.7776],[-84.4431,33.7775],[-84.443,33.7773],[-84.443,33.777],[-84.4428,33.7769],[-84.4425,33.777],[-84.4424,33.777],[-84.4422,33.7771],[-84.4421,33.7771],[-84.4419,33.7772],[-84.4418,33.7772],[-84.4416,33.7772],[-84.4415,33.7771],[-84.4414,33.7769],[-84.4413,33.7768],[-84.4413,33.7767],[-84.4412,33.7767],[-84.441,33.7766],[-84.4409,33.7766],[-84.4407,33.7766],[-84.4406,33.7766],[-84.4405,33.7764],[-84.4405,33.7763],[-84.4405,33.7761],[-84.4405,33.7761],[-84.4406,33.7759],[-84.4407,33.7758],[-84.4408,33.7758],[-84.4408,33.7757],[-84.441,33.7757],[-84.4412,33.7756],[-84.4413,33.7755],[-84.4414,33.7754],[-84.4414,33.7753],[-84.4414,33.7752],[-84.4412,33.7752],[-84.441,33.7751],[-84.4408,33.7752],[-84.4406,33.7753],[-84.4405,33.7753],[-84.4403,33.7754],[-84.4401,33.7755],[-84.4399,33.7756],[-84.4397,33.7757],[-84.4395,33.7758],[-84.4394,33.7758],[-84.4392,33.7758],[-84.439,33.7758],[-84.4389,33.7758],[-84.4387,33.7759],[-84.4383,33.776],[-84.4379,33.7761],[-84.4375,33.7762],[-84.4374,33.7762],[-84.4372,33.7763],[-84.4369,33.7763],[-84.4368,33.7764],[-84.4366,33.7764],[-84.4364,33.7765],[-84.4362,33.7766],[-84.4359,33.7767],[-84.4357,33.7768],[-84.4355,33.7768],[-84.4354,33.7768],[-84.4352,33.7768],[-84.4351,33.7768],[-84.4349,33.7767],[-84.4347,33.7768],[-84.4345,33.7768],[-84.4343,33.7768],[-84.4342,33.7768],[-84.434,33.7768],[-84.4338,33.7768],[-84.4336,33.7767],[-84.4335,33.7767],[-84.4334,33.7767],[-84.4332,33.7767],[-84.433,33.7767],[-84.4328,33.7766],[-84.4327,33.7765],[-84.4324,33.7763],[-84.4313,33.7754],[-84.4312,33.7755],[-84.4312,33.7755],[-84.4311,33.7755],[-84.431,33.7756],[-84.4309,33.7756],[-84.4308,33.7756],[-84.4306,33.7757],[-84.4304,33.7757],[-84.4303,33.7758],[-84.4302,33.7758],[-84.4302,33.7759],[-84.4301,33.776],[-84.43,33.7761],[-84.4299,33.7762],[-84.4298,33.7762],[-84.4298,33.7762],[-84.4298,33.7762],[-84.4297,33.7763],[-84.4297,33.7763],[-84.4297,33.7764],[-84.4296,33.7764],[-84.4296,33.7765],[-84.4295,33.7766],[-84.4295,33.7766],[-84.4294,33.7766],[-84.4294,33.7767],[-84.4293,33.7767],[-84.4292,33.7767],[-84.4292,33.7768],[-84.4291,33.7768],[-84.429,33.7769],[-84.4289,33.7769],[-84.4288,33.777],[-84.4288,33.7771],[-84.4287,33.7771],[-84.4287,33.7772],[-84.4286,33.7772],[-84.4285,33.7773],[-84.4285,33.7773],[-84.4284,33.7773],[-84.4283,33.7773],[-84.4283,33.7773],[-84.4283,33.7774],[-84.4282,33.7774],[-84.4281,33.7775],[-84.428,33.7775],[-84.428,33.7775],[-84.4279,33.7775],[-84.4277,33.7779],[-84.4284,33.7787],[-84.4296,33.7801],[-84.4306,33.7812],[-84.4311,33.7818],[-84.4313,33.7821],[-84.4316,33.7826],[-84.4318,33.7832],[-84.432,33.7837],[-84.4321,33.784],[-84.4322,33.7847],[-84.4323,33.7854],[-84.4323,33.7863],[-84.4324,33.7863],[-84.4326,33.7863],[-84.4328,33.7863],[-84.4329,33.7864],[-84.433,33.7865],[-84.4331,33.7865],[-84.4336,33.7869],[-84.434,33.7872],[-84.434,33.7872],[-84.4345,33.7875],[-84.4351,33.7878],[-84.4358,33.788],[-84.4366,33.7884],[-84.4364,33.7887],[-84.4362,33.789],[-84.4361,33.7892],[-84.436,33.7893],[-84.436,33.7895],[-84.4364,33.7898],[-84.4371,33.7905],[-84.4375,33.7908],[-84.4381,33.7912],[-84.439,33.7918],[-84.4406,33.7929],[-84.4424,33.7942],[-84.4435,33.7949],[-84.4445,33.7955],[-84.4451,33.7959],[-84.4456,33.7963],[-84.4458,33.7964],[-84.4473,33.7973],[-84.4478,33.7977],[-84.4497,33.7988],[-84.4504,33.7992],[-84.4507,33.7993],[-84.4513,33.7997],[-84.4518,33.8],[-84.4523,33.8003],[-84.453,33.801],[-84.4535,33.8015],[-84.4548,33.8026],[-84.4557,33.8035],[-84.4566,33.8044],[-84.4566,33.8044],[-84.4574,33.8051],[-84.4576,33.8053],[-84.4586,33.8061],[-84.4592,33.8064],[-84.4597,33.8066],[-84.4601,33.8067],[-84.4611,33.8069],[-84.4618,33.8069],[-84.4623,33.8069],[-84.4631,33.807],[-84.4635,33.8069],[-84.464,33.8069],[-84.4651,33.8068],[-84.4663,33.8066],[-84.4666,33.8065],[-84.467,33.8065],[-84.4677,33.8064],[-84.4683,33.8064],[-84.4693,33.8064],[-84.471,33.8063],[-84.4745,33.8061],[-84.4758,33.8061],[-84.4765,33.806],[-84.4787,33.8059],[-84.4798,33.8057],[-84.4805,33.8057],[-84.4813,33.8057],[-84.4814,33.8057],[-84.4816,33.8057],[-84.482,33.8057],[-84.4823,33.8057],[-84.4824,33.8057],[-84.4827,33.8058],[-84.4829,33.8058],[-84.4833,33.8059],[-84.4838,33.8061],[-84.4838,33.8061],[-84.484,33.8062],[-84.4844,33.8064],[-84.4848,33.8067],[-84.4851,33.8069],[-84.4854,33.8072],[-84.4857,33.8076],[-84.4859,33.8078],[-84.4861,33.8081],[-84.4862,33.8081],[-84.4865,33.8087],[-84.4871,33.8098],[-84.4879,33.8111],[-84.4888,33.8125],[-84.489,33.8128],[-84.489,33.8128],[-84.4906,33.8117],[-84.4907,33.8117],[-84.4912,33.8113],[-84.4926,33.8102],[-84.495,33.8086],[-84.4951,33.8085],[-84.4953,33.8084],[-84.4973,33.8063]]]}},{"type":"Feature","id":"13121001002","properties":{"GEOID":"13121001002","NAME":"Census Tract 10.02","AREALAND":1774571},"geometry":{"type":"Polygon","coordinates":[[[-84.413,33.7799],[-84.4128,33.7798],[-84.4123,33.7793],[-84.4107,33.7778],[-84.41,33.7772],[-84.4098,33.7769],[-84.4095,33.7766],[-84.4093,33.7764],[-84.4093,33.7764],[-84.4092,33.7762],[-84.4089,33.7757],[-84.4087,33.7755],[-84.4084,33.775],[-84.4082,33.7747],[-84.4082,33.7746],[-84.4081,33.7743],[-84.4079,33.7741],[-84.4077,33.7738],[-84.4075,33.7736],[-84.407,33.7731],[-84.4073,33.7731],[-84.4071,33.7729],[-84.4069,33.7727],[-84.4066,33.7725],[-84.4063,33.7723],[-84.406,33.7721],[-84.4055,33.7719],[-84.4051,33.7718],[-84.4047,33.7717],[-84.4046,33.7717],[-84.4041,33.7716],[-84.4035,33.7716],[-84.4029,33.7715],[-84.4024,33.7715],[-84.4017,33.7713],[-84.4013,33.7712],[-84.401,33.771],[-84.4006,33.7708],[-84.4004,33.7707],[-84.4002,33.7707],[-84.4,33.7709],[-84.3997,33.771],[-84.3995,33.771],[-84.3992,33.7712],[-84.399,33.7712],[-84.3988,33.7713],[-84.3986,33.7713],[-84.3984,33.7714],[-84.3982,33.7714],[-84.3966,33.7714],[-84.3964,33.7714],[-84.3963,33.7714],[-84.3961,33.7713],[-84.3959,33.7713],[-84.3955,33.7713],[-84.3949,33.7713],[-84.3947,33.7713],[-84.3946,33.7713],[-84.3945,33.7713],[-84.3944,33.7713],[-84.3943,33.7713],[-84.3943,33.7713],[-84.3934,33.7713],[-84.3929,33.7713],[-84.3921,33.7713],[-84.3907,33.7713],[-84.3905,33.7713],[-84.3904,33.7718],[-84.3903,33.7735],[-84.3903,33.7737],[-84.3904,33.774],[-84.3905,33.7744],[-84.3906,33.7751],[-84.391,33.7769],[-84.391,33.777],[-84.3911,33.7777],[-84.3911,33.7781],[-84.3912,33.7785],[-84.3912,33.7787],[-84.3912,33.78],[-84.3912,33.7801],[-84.3911,33.7815],[-84.3916,33.7815],[-84.3919,33.7815],[-84.3936,33.7815],[-84.3942,33.7815],[-84.3946,33.7815],[-84.3948,33.7815],[-84.396,33.7815],[-84.397,33.7815],[-84.3977,33.7815],[-84.3991,33.7815],[-84.3993,33.7815],[-84.3999,33.7815],[-84.4006,33.7815],[-84.4008,33.7815],[-84.4013,33.7815],[-84.4026,33.7815],[-84.4026,33.7814],[-84.4027,33.7806],[-84.4027,33.7801],[-84.4028,33.7801],[-84.4028,33.78],[-84.4025,33.7797],[-84.4026,33.7797],[-84.4027,33.7796],[-84.4042,33.7797],[-84.4045,33.7797],[-84.405,33.7797],[-84.406,33.7797],[-84.4061,33.7796],[-84.4069,33.7796],[-84.4069,33.7799],[-84.407,33.7798],[-84.4075,33.7796],[-84.4082,33.7796],[-84.4084,33.7796],[-84.4092,33.7797],[-84.4093,33.7797],[-84.4102,33.7797],[-84.4104,33.7797],[-84.4121,33.7798],[-84.4124,33.7799],[-84.413,33.7799]]]}},{"type":"Feature","id":"13121000700","properties":{"GEOID":"13121000700","NAME":"Census Tract 7","AREALAND":1740177},"geometry":{"type":"Polygon","coordinates":[[[-84.4323,33.7862],[-84.4323,33.7863],[-84.4323,33.7854],[-84.4322,33.7847],[-84.4321,33.784],[-84.432,33.7837],[-84.4318,33.7832],[-84.4316,33.7826],[-84.4313,33.7821],[-84.4311,33.7818],[-84.4306,33.7812],[-84.4296,33.7801],[-84.4284,33.7787],[-84.4277,33.7779],[-84.4275,33.7777],[-84.4273,33.7774],[-84.4272,33.7772],[-84.4271,33.7771],[-84.4271,33.7769],[-84.4269,33.7766],[-84.4268,33.7763],[-84.4268,33.776],[-84.4267,33.7757],[-84.4267,33.7756],[-84.4267,33.7754],[-84.4266,33.7752],[-84.4264,33.7741],[-84.4262,33.7727],[-84.4261,33.7723],[-84.4252,33.7727],[-84.4251,33.7726],[-84.425,33.7726],[-84.4248,33.7727],[-84.4247,33.7729],[-84.4242,33.7731],[-84.424,33.7731],[-84.4237,33.7732],[-84.4234,33.7732],[-84.4231,33.7732],[-84.4221,33.7732],[-84.4221,33.7714],[-84.4212,33.7714],[-84.4209,33.7714],[-84.4204,33.7714],[-84.4202,33.7714],[-84.4196,33.7714],[-84.4187,33.7714],[-84.4182,33.7714],[-84.4174,33.7714],[-84.4174,33.7722],[-84.4174,33.773],[-84.4174,33.7741],[-84.4174,33.7749],[-84.4174,33.7751],[-84.4174,33.7751],[-84.4174,33.7756],[-84.4173,33.7762],[-84.4173,33.7802],[-84.4173,33.7825],[-84.4173,33.7826],[-84.4173,33.7827],[-84.4172,33.7827],[-84.4162,33.7814],[-84.4157,33.7808],[-84.4155,33.7806],[-84.4153,33.7804],[-84.4151,33.7803],[-84.415,33.7803],[-84.4149,33.7802],[-84.4147,33.7802],[-84.4144,33.7801],[-84.4133,33.78],[-84.413,33.7799],[-84.4134,33.7803],[-84.4141,33.7809],[-84.4144,33.7812],[-84.4155,33.7822],[-84.4159,33.7826],[-84.4165,33.7832],[-84.4175,33.7841],[-84.418,33.7846],[-84.4181,33.7846],[-84.4184,33.7848],[-84.4187,33.785],[-84.4189,33.7851],[-84.4194,33.7853],[-84.4198,33.7854],[-84.4208,33.7857],[-84.4215,33.7859],[-84.423,33.7862],[-84.4232,33.7863],[-84.4238,33.7865],[-84.4241,33.7866],[-84.4243,33.7866],[-84.4249,33.7867],[-84.4254,33.7867],[-84.4257,33.7868],[-84.426,33.787],[-84.4267,33.7873],[-84.4269,33.7872],[-84.4271,33.7872],[-84.4275,33.7872],[-84.428,33.7873],[-84.428,33.7872],[-84.4279,33.787],[-84.4279,33.7869],[-84.4279,33.7868],[-84.4279,33.7868],[-84.4279,33.7866],[-84.4279,33.7863],[-84.4284,33.7863],[-84.4303,33.7863],[-84.4323,33.7862]]]}},{"type":"Feature","id":"13121006000","properties":{"GEOID":"13121006000","NAME":"Census Tract 60","AREALAND":1560675},"geometry":{"type":"Polygon","coordinates":[[[-84.4474,33.7345],[-84.4475,33.7337],[-84.4451,33.7337],[-84.4448,33.7337],[-84.4438,33.7337],[-84.4414,33.7337],[-84.4405,33.7337],[-84.4389,33.7337],[-84.4386,33.7336],[-84.4384,33.7336],[-84.4377,33.7334],[-84.4373,33.7334],[-84.4369,33.7334],[-84.4362,33.7334],[-84.4354,33.7333],[-84.4339,33.7333],[-84.4316,33.7333],[-84.4305,33.7332],[-84.4294,33.7332],[-84.4271,33.7332],[-84.4271,33.7331],[-84.4248,33.7317],[-84.4243,33.7323],[-84.4259,33.7334],[-84.4268,33.7338],[-84.431,33.7365],[-84.4313,33.7369],[-84.4317,33.7377],[-84.4319,33.7381],[-84.4323,33.7384],[-84.4331,33.739],[-84.4331,33.739],[-84.4336,33.739],[-84.4337,33.7391],[-84.4337,33.7391],[-84.4339,33.7393],[-84.434,33.7395],[-84.434,33.7397],[-84.434,33.7398],[-84.4341,33.7399],[-84.4342,33.7401],[-84.4343,33.7403],[-84.4345,33.7404],[-84.4351,33.741],[-84.4366,33.7423],[-84.4373,33.7429],[-84.4374,33.743],[-84.4377,33.7433],[-84.4381,33.7436],[-84.4389,33.7444],[-84.4395,33.7451],[-84.4403,33.7459],[-84.4404,33.744],[-84.4465,33.7441],[-84.4466,33.7392],[-84.4466,33.7388],[-84.4467,33.7387],[-84.4469,33.7373],[-84.447,33.7363],[-84.4472,33.7354],[-84.4474,33.7345]]]}},{"type":"Feature","id":"13121008101","properties":{"GEOID":"13121008101","NAME":"Census Tract 81.01","AREALAND":903032},"geometry":{"type":"Polygon","coordinates":[[[-84.4656,33.7389],[-84.4658,33.7338],[-84.4641,33.7342],[-84.4642,33.7344],[-84.4644,33.7368],[-84.4612,33.7382],[-84.4586,33.738],[-84.4589,33.7369],[-84.457,33.7347],[-84.4555,33.7337],[-84.452,33.7308],[-84.4483,33.7309],[-84.4484,33.7315],[-84.4484,33.7316],[-84.4483,33.7325],[-84.4483,33.7332],[-84.4482,33.7337],[-84.4475,33.7337],[-84.4474,33.7345],[-84.4472,33.7354],[-84.447,33.7363],[-84.4469,33.7373],[-84.4467,33.7387],[-84.4466,33.7388],[-84.4468,33.7388],[-84.447,33.7388],[-84.4471,33.7392],[-84.4562,33.7393],[-84.4562,33.7389],[-84.4565,33.7389],[-84.4611,33.7388],[-84.4656,33.7389]]]}},{"type":"Feature","id":"13121001600","properties":{"GEOID":"13121001600","NAME":"Census Tract 16","AREALAND":921679},"geometry":{"type":"Polygon","coordinates":[[[-84.3639,33.7711],[-84.3635,33.7703],[-84.363,33.7697],[-84.3627,33.7693],[-84.3625,33.769],[-84.3623,33.7688],[-84.3614,33.7679],[-84.3609,33.7674],[-84.3605,33.767],[-84.36,33.7663],[-84.3598,33.7658],[-84.3597,33.7657],[-84.3596,33.7651],[-84.3596,33.7646],[-84.3596,33.7645],[-84.3596,33.7645],[-84.3596,33.7643],[-84.3596,33.7641],[-84.3598,33.7636],[-84.36,33.7631],[-84.36,33.7631],[-84.3601,33.763],[-84.3602,33.7627],[-84.3604,33.7625],[-84.3607,33.7622],[-84.3611,33.7618],[-84.3617,33.7613],[-84.3613,33.7613],[-84.3611,33.7614],[-84.3609,33.7614],[-84.3607,33.7615],[-84.3606,33.7615],[-84.3601,33.7618],[-84.3581,33.7629],[-84.3579,33.763],[-84.3573,33.7634],[-84.356,33.7641],[-84.3558,33.7642],[-84.3556,33.7643],[-84.3553,33.7646],[-84.3547,33.7651],[-84.3547,33.765],[-84.3538,33.7643],[-84.3537,33.7642],[-84.3536,33.7644],[-84.3535,33.7644],[-84.3531,33.7639],[-84.3522,33.7631],[-84.3503,33.7646],[-84.3498,33.7649],[-84.3492,33.7655],[-84.3491,33.7657],[-84.349,33.7661],[-84.349,33.7674],[-84.349,33.7678],[-84.349,33.7683],[-84.349,33.7686],[-84.349,33.769],[-84.349,33.7693],[-84.349,33.7697],[-84.349,33.77],[-84.349,33.7704],[-84.349,33.7711],[-84.3499,33.7711],[-84.3508,33.7711],[-84.3521,33.7711],[-84.3525,33.7711],[-84.3537,33.7711],[-84.3544,33.7711],[-84.3574,33.7711],[-84.3587,33.7711],[-84.3594,33.7711],[-84.3595,33.7711],[-84.3609,33.7711],[-84.361,33.7711],[-84.3612,33.7711],[-84.3623,33.7711],[-84.363,33.7711],[-84.3639,33.7711]]]}},{"type":"Feature","id":"13121006100","properties":{"GEOID":"13121006100","NAME":"Census Tract 61","AREALAND":2246950},"geometry":{"type":"Polygon","coordinates":[[[-84.4504,33.7235],[-84.4504,33.7235],[-84.4503,33.7233],[-84.4502,33.7232],[-84.4499,33.7229],[-84.4498,33.7228],[-84.4496,33.7227],[-84.4494,33.7226],[-84.4492,33.7226],[-84.4489,33.7225],[-84.4483,33.7225],[-84.4468,33.7225],[-84.4448,33.7225],[-84.4447,33.7225],[-84.4436,33.7225],[-84.4432,33.7225],[-84.4424,33.7225],[-84.4422,33.7225],[-84.4412,33.7225],[-84.4399,33.7225],[-84.4388,33.7225],[-84.4378,33.7225],[-84.4376,33.7225],[-84.4365,33.7225],[-84.4364,33.7225],[-84.4355,33.7225],[-84.4341,33.7224],[-84.4325,33.7224],[-84.4308,33.7224],[-84.4307,33.7224],[-84.4286,33.7223],[-84.4274,33.7223],[-84.4274,33.724],[-84.4274,33.7254],[-84.4274,33.7256],[-84.4273,33.7259],[-84.4273,33.7261],[-84.4273,33.7264],[-84.4273,33.7273],[-84.4273,33.7281],[-84.4273,33.7287],[-84.4272,33.7297],[-84.4272,33.7307],[-84.4256,33.7307],[-84.4254,33.731],[-84.4248,33.7317],[-84.4271,33.7331],[-84.4271,33.7332],[-84.4294,33.7332],[-84.4305,33.7332],[-84.4316,33.7333],[-84.4339,33.7333],[-84.4354,33.7333],[-84.4362,33.7334],[-84.4369,33.7334],[-84.4373,33.7334],[-84.4377,33.7334],[-84.4384,33.7336],[-84.4386,33.7336],[-84.4389,33.7337],[-84.4405,33.7337],[-84.4414,33.7337],[-84.4438,33.7337],[-84.4448,33.7337],[-84.4451,33.7337],[-84.4451,33.7326],[-84.4451,33.7315],[-84.4451,33.7309],[-84.4463,33.7309],[-84.4463,33.7309],[-84.4464,33.7308],[-84.4464,33.7293],[-84.4464,33.7291],[-84.4463,33.7291],[-84.4461,33.729],[-84.4436,33.7278],[-84.4435,33.7277],[-84.4439,33.7274],[-84.4449,33.7268],[-84.4451,33.7266],[-84.4453,33.7267],[-84.4454,33.7267],[-84.4461,33.7266],[-84.4463,33.7266],[-84.4465,33.7265],[-84.4472,33.7263],[-84.4475,33.7261],[-84.4482,33.7259],[-84.4485,33.7258],[-84.4491,33.7256],[-84.4495,33.7254],[-84.4496,33.7253],[-84.4498,33.7252],[-84.4499,33.725],[-84.45,33.7248],[-84.4501,33.7245],[-84.4502,33.7242],[-84.4504,33.7235]]]}},{"type":"Feature","id":"13121006200","properties":{"GEOID":"13121006200","NAME":"Census Tract 62","AREALAND":1040291},"geometry":{"type":"Polygon","coordinates":[[[-84.4274,33.724],[-84.4274,33.7223],[-84.4254,33.7223],[-84.4253,33.7223],[-84.423,33.7223],[-84.4227,33.7226],[-84.4223,33.7231],[-84.4214,33.7238],[-84.4211,33.7241],[-84.4201,33.7249],[-84.4192,33.7258],[-84.4185,33.7264],[-84.4183,33.7266],[-84.4175,33.7273],[-84.4169,33.728],[-84.4169,33.728],[-84.4159,33.7293],[-84.415,33.7304],[-84.4144,33.7311],[-84.4141,33.7315],[-84.4141,33.7316],[-84.4143,33.7324],[-84.4142,33.7324],[-84.4141,33.7334],[-84.4154,33.7334],[-84.4177,33.7334],[-84.4191,33.7334],[-84.4205,33.7334],[-84.4229,33.7334],[-84.4234,33.7334],[-84.4235,33.7333],[-84.4235,33.7332],[-84.424,33.7326],[-84.4243,33.7323],[-84.4248,33.7317],[-84.4254,33.731],[-84.4256,33.7307],[-84.4272,33.7307],[-84.4272,33.7297],[-84.4273,33.7287],[-84.4273,33.7281],[-84.4273,33.7273],[-84.4273,33.7264],[-84.4273,33.7261],[-84.4273,33.7259],[-84.4274,33.7256],[-84.4274,33.7254],[-84.4274,33.724]]]}},{"type":"Feature","id":"13121006602","properties":{"GEOID":"13121006602","NAME":"Census Tract 66.02","AREALAND":634877},"geometry":{"type":"Polygon","coordinates":[[[-84.4332,33.7148],[-84.4338,33.7146],[-84.4312,33.7146],[-84.4301,33.7145],[-84.4294,33.7145],[-84.4282,33.7145],[-84.4272,33.7144],[-84.4261,33.7146],[-84.4259,33.7151],[-84.4256,33.716],[-84.4253,33.7168],[-84.4248,33.7182],[-84.4244,33.7196],[-84.424,33.7205],[-84.4239,33.7208],[-84.4237,33.7213],[-84.4235,33.7216],[-84.4234,33.7218],[-84.423,33.7223],[-84.4253,33.7223],[-84.4254,33.7223],[-84.4274,33.7223],[-84.4286,33.7223],[-84.4307,33.7224],[-84.4308,33.7224],[-84.4325,33.7224],[-84.4326,33.7184],[-84.4326,33.7181],[-84.4327,33.7177],[-84.4328,33.7175],[-84.4328,33.7158],[-84.4328,33.7157],[-84.4328,33.7156],[-84.4326,33.7152],[-84.4325,33.7151],[-84.4332,33.7148]]]}},{"type":"Feature","id":"13121006601","properties":{"GEOID":"13121006601","NAME":"Census Tract 66.01","AREALAND":1954145},"geometry":{"type":"Polygon","coordinates":[[[-84.4292,33.7005],[-84.4293,33.6998],[-84.429,33.6999],[-84.4287,33.7],[-84.4286,33.7],[-84.4285,33.7],[-84.4286,33.6995],[-84.4287,33.6988],[-84.4283,33.6989],[-84.4284,33.699],[-84.4285,33.699],[-84.4285,33.6991],[-84.4285,33.6993],[-84.4284,33.7001],[-84.4283,33.7007],[-84.4282,33.7014],[-84.4278,33.7014],[-84.4275,33.7014],[-84.4271,33.7014],[-84.4266,33.7015],[-84.4262,33.7016],[-84.426,33.7016],[-84.4249,33.7015],[-84.4216,33.7015],[-84.4209,33.7015],[-84.4208,33.7015],[-84.4196,33.7014],[-84.4183,33.7014],[-84.4183,33.7018],[-84.4183,33.7021],[-84.4183,33.7027],[-84.4182,33.7049],[-84.4182,33.705],[-84.4182,33.7059],[-84.4182,33.7069],[-84.4182,33.7078],[-84.4182,33.7092],[-84.4182,33.7101],[-84.4182,33.7111],[-84.4182,33.7121],[-84.4181,33.7128],[-84.4181,33.7139],[-84.4181,33.7143],[-84.4181,33.7143],[-84.4181,33.7162],[-84.4181,33.717],[-84.4181,33.7183],[-84.4181,33.7193],[-84.4181,33.7196],[-84.418,33.7212],[-84.418,33.7222],[-84.418,33.7236],[-84.418,33.7242],[-84.418,33.7245],[-84.418,33.7263],[-84.418,33.7263],[-84.4176,33.7266],[-84.4171,33.7271],[-84.4169,33.7273],[-84.4165,33.7277],[-84.4166,33.7278],[-84.4167,33.7278],[-84.4168,33.7279],[-84.4169,33.728],[-84.4175,33.7273],[-84.4183,33.7266],[-84.4185,33.7264],[-84.4192,33.7258],[-84.4201,33.7249],[-84.4211,33.7241],[-84.4214,33.7238],[-84.4223,33.7231],[-84.4227,33.7226],[-84.423,33.7223],[-84.4234,33.7218],[-84.4235,33.7216],[-84.4237,33.7213],[-84.4239,33.7208],[-84.424,33.7205],[-84.4244,33.7196],[-84.4248,33.7182],[-84.4253,33.7168],[-84.4256,33.716],[-84.4259,33.7151],[-84.4261,33.7146],[-84.4267,33.7127],[-84.4267,33.7126],[-84.4268,33.7124],[-84.4271,33.7115],[-84.4271,33.7114],[-84.4272,33.7113],[-84.4272,33.7111],[-84.4274,33.7106],[-84.4275,33.7101],[-84.4277,33.7084],[-84.4277,33.7083],[-84.428,33.7067],[-84.4281,33.7059],[-84.4282,33.7054],[-84.4283,33.7049],[-84.429,33.7025],[-84.429,33.7021],[-84.4291,33.7016],[-84.4291,33.7015],[-84.4292,33.7005]]]}},{"type":"Feature","id":"13121000600","properties":{"GEOID":"13121000600","NAME":"Census Tract 6","AREALAND":1457852},"geometry":{"type":"Polygon","coordinates":[[[-84.4153,33.7841],[-84.4153,33.784],[-84.4153,33.7835],[-84.4152,33.7832],[-84.415,33.7822],[-84.4149,33.782],[-84.4148,33.7817],[-84.4146,33.7815],[-84.4144,33.7812],[-84.4141,33.7809],[-84.4134,33.7803],[-84.413,33.7799],[-84.4124,33.7799],[-84.4121,33.7798],[-84.4104,33.7797],[-84.4102,33.7797],[-84.4093,33.7797],[-84.4092,33.7797],[-84.4084,33.7796],[-84.4082,33.7796],[-84.4075,33.7796],[-84.407,33.7798],[-84.4069,33.7799],[-84.4069,33.7796],[-84.4061,33.7796],[-84.406,33.7797],[-84.405,33.7797],[-84.4045,33.7797],[-84.4042,33.7797],[-84.4027,33.7796],[-84.4026,33.7797],[-84.4025,33.7797],[-84.4028,33.78],[-84.4028,33.7801],[-84.4027,33.7801],[-84.4027,33.7806],[-84.4026,33.7814],[-84.4026,33.7815],[-84.4013,33.7815],[-84.4008,33.7815],[-84.4006,33.7815],[-84.3999,33.7815],[-84.3993,33.7815],[-84.3991,33.7815],[-84.3991,33.7825],[-84.399,33.7828],[-84.399,33.7834],[-84.399,33.7837],[-84.3989,33.7842],[-84.3987,33.7861],[-84.3987,33.7862],[-84.3987,33.7874],[-84.3987,33.7887],[-84.3987,33.7897],[-84.3987,33.79],[-84.3987,33.7902],[-84.3987,33.7907],[-84.3987,33.7908],[-84.3987,33.7909],[-84.3987,33.7911],[-84.3987,33.7913],[-84.3987,33.7917],[-84.3987,33.792],[-84.3987,33.7923],[-84.3987,33.7924],[-84.3995,33.7923],[-84.3996,33.7923],[-84.3996,33.7923],[-84.3997,33.7923],[-84.3997,33.7923],[-84.3998,33.7923],[-84.3998,33.7923],[-84.3998,33.7923],[-84.3999,33.7923],[-84.3999,33.7923],[-84.4002,33.7921],[-84.4003,33.7922],[-84.4007,33.7925],[-84.4009,33.7927],[-84.4016,33.7922],[-84.4016,33.7921],[-84.4023,33.7917],[-84.403,33.7912],[-84.4038,33.7908],[-84.4045,33.7904],[-84.4049,33.7902],[-84.4058,33.7897],[-84.4065,33.7893],[-84.4076,33.7886],[-84.4077,33.7886],[-84.4083,33.7882],[-84.4089,33.7878],[-84.4095,33.7874],[-84.4106,33.7869],[-84.411,33.7867],[-84.4117,33.7865],[-84.4131,33.786],[-84.4134,33.7859],[-84.4139,33.7857],[-84.4142,33.7855],[-84.4144,33.7854],[-84.4145,33.7853],[-84.4147,33.7851],[-84.4149,33.785],[-84.415,33.7849],[-84.415,33.7848],[-84.4151,33.7846],[-84.4152,33.7844],[-84.4153,33.7843],[-84.4153,33.7841]]]}},{"type":"Feature","id":"13121002300","properties":{"GEOID":"13121002300","NAME":"Census Tract 23","AREALAND":1128389},"geometry":{"type":"Polygon","coordinates":[[[-84.4261,33.7723],[-84.4261,33.772],[-84.426,33.7714],[-84.4257,33.77],[-84.4255,33.7686],[-84.4254,33.768],[-84.4254,33.7677],[-84.4254,33.7676],[-84.4254,33.7673],[-84.4255,33.767],[-84.4255,33.7668],[-84.4258,33.7665],[-84.4257,33.7665],[-84.4256,33.7663],[-84.4255,33.7662],[-84.425,33.7656],[-84.4247,33.7648],[-84.4247,33.7647],[-84.4245,33.7639],[-84.4244,33.7635],[-84.4244,33.7635],[-84.424,33.7635],[-84.4235,33.7635],[-84.422,33.7635],[-84.4215,33.7635],[-84.421,33.7635],[-84.4196,33.7635],[-84.4175,33.7635],[-84.4156,33.7635],[-84.4151,33.7635],[-84.4148,33.7635],[-84.4139,33.7634],[-84.4126,33.7634],[-84.4112,33.7634],[-84.41,33.7634],[-84.4089,33.7634],[-84.4089,33.7643],[-84.4088,33.766],[-84.4088,33.7668],[-84.4088,33.7673],[-84.4099,33.7673],[-84.4112,33.7673],[-84.4126,33.7673],[-84.4135,33.7674],[-84.4138,33.7674],[-84.4145,33.7674],[-84.4145,33.7682],[-84.4145,33.7701],[-84.4154,33.7701],[-84.4155,33.7701],[-84.4159,33.7701],[-84.4165,33.77],[-84.4174,33.77],[-84.4174,33.7701],[-84.4174,33.7705],[-84.4174,33.7707],[-84.4174,33.7714],[-84.4182,33.7714],[-84.4187,33.7714],[-84.4196,33.7714],[-84.4202,33.7714],[-84.4204,33.7714],[-84.4209,33.7714],[-84.4212,33.7714],[-84.4221,33.7714],[-84.4221,33.7732],[-84.4231,33.7732],[-84.4234,33.7732],[-84.4237,33.7732],[-84.424,33.7731],[-84.4242,33.7731],[-84.4247,33.7729],[-84.4248,33.7727],[-84.425,33.7726],[-84.4251,33.7726],[-84.4252,33.7727],[-84.4261,33.7723]]]}},{"type":"Feature","id":"13121002500","properties":{"GEOID":"13121002500","NAME":"Census Tract 25","AREALAND":872200},"geometry":{"type":"Polygon","coordinates":[[[-84.4175,33.7556],[-84.4176,33.7547],[-84.4151,33.7547],[-84.4147,33.7547],[-84.4144,33.7547],[-84.4139,33.7547],[-84.4136,33.7547],[-84.4128,33.7547],[-84.4118,33.7547],[-84.411,33.7547],[-84.4104,33.7547],[-84.4101,33.7547],[-84.4095,33.7547],[-84.409,33.7547],[-84.4079,33.7547],[-84.4079,33.7555],[-84.4078,33.7564],[-84.4078,33.7569],[-84.4078,33.7575],[-84.4078,33.7581],[-84.4078,33.7587],[-84.4078,33.7593],[-84.4078,33.7601],[-84.4078,33.7611],[-84.4078,33.7612],[-84.4078,33.7622],[-84.4078,33.7628],[-84.4078,33.7634],[-84.4089,33.7634],[-84.41,33.7634],[-84.4112,33.7634],[-84.4126,33.7634],[-84.4139,33.7634],[-84.4148,33.7635],[-84.4151,33.7635],[-84.4156,33.7635],[-84.4175,33.7635],[-84.4175,33.7626],[-84.4175,33.7622],[-84.4175,33.7604],[-84.4175,33.7598],[-84.4175,33.7591],[-84.4175,33.7582],[-84.4175,33.7578],[-84.4175,33.7574],[-84.4175,33.7566],[-84.4175,33.7566],[-84.4175,33.7565],[-84.4175,33.7565],[-84.4175,33.7563],[-84.4175,33.7556]]]}},{"type":"Feature","id":"13121003800","properties":{"GEOID":"13121003800","NAME":"Census Tract 38","AREALAND":834768},"geometry":{"type":"Polygon","coordinates":[[[-84.4176,33.7541],[-84.4176,33.7538],[-84.4176,33.7536],[-84.4175,33.7535],[-84.4175,33.7528],[-84.4175,33.7525],[-84.4175,33.7522],[-84.4175,33.7518],[-84.4175,33.7511],[-84.4175,33.7508],[-84.4175,33.7504],[-84.4175,33.7499],[-84.4175,33.7492],[-84.4175,33.7491],[-84.4175,33.7484],[-84.4176,33.7472],[-84.4176,33.7465],[-84.4174,33.7466],[-84.4172,33.7466],[-84.4171,33.7467],[-84.4158,33.7466],[-84.4156,33.7466],[-84.4151,33.7466],[-84.415,33.7466],[-84.4148,33.7465],[-84.4148,33.7465],[-84.4147,33.7465],[-84.4139,33.7468],[-84.4137,33.7469],[-84.413,33.7471],[-84.4128,33.7471],[-84.4127,33.7471],[-84.4126,33.7471],[-84.4111,33.7471],[-84.4111,33.748],[-84.4111,33.7493],[-84.4113,33.7493],[-84.4113,33.7503],[-84.4113,33.7506],[-84.4113,33.7509],[-84.4113,33.7513],[-84.4105,33.7513],[-84.4101,33.7513],[-84.4094,33.7513],[-84.4094,33.7503],[-84.4094,33.75],[-84.4094,33.7493],[-84.4092,33.7493],[-84.4092,33.7487],[-84.4092,33.7485],[-84.4093,33.748],[-84.4091,33.748],[-84.409,33.7474],[-84.4085,33.7467],[-84.4083,33.7467],[-84.4081,33.7468],[-84.4078,33.7468],[-84.4075,33.7467],[-84.4074,33.7467],[-84.4072,33.7466],[-84.4071,33.7466],[-84.407,33.7465],[-84.4067,33.7464],[-84.4066,33.7463],[-84.4062,33.7467],[-84.4058,33.7471],[-84.4057,33.7472],[-84.4056,33.7474],[-84.4051,33.748],[-84.4045,33.7489],[-84.4058,33.7491],[-84.4066,33.7492],[-84.4066,33.7513],[-84.4066,33.7517],[-84.4066,33.7521],[-84.4066,33.7528],[-84.4065,33.7538],[-84.4065,33.7539],[-84.4065,33.7543],[-84.4065,33.7547],[-84.4069,33.7547],[-84.4071,33.7547],[-84.4075,33.7547],[-84.4076,33.7547],[-84.4077,33.7547],[-84.4079,33.7547],[-84.409,33.7547],[-84.4095,33.7547],[-84.4101,33.7547],[-84.4104,33.7547],[-84.411,33.7547],[-84.4118,33.7547],[-84.4128,33.7547],[-84.4136,33.7547],[-84.4139,33.7547],[-84.4144,33.7547],[-84.4147,33.7547],[-84.4151,33.7547],[-84.4176,33.7547],[-84.4176,33.7541]]]}},{"type":"Feature","id":"13121004200","properties":{"GEOID":"13121004200","NAME":"Census Tract 42","AREALAND":1247413},"geometry":{"type":"Polygon","coordinates":[[[-84.4234,33.7335],[-84.4234,33.7334],[-84.4229,33.7334],[-84.4205,33.7334],[-84.4191,33.7334],[-84.4177,33.7334],[-84.4154,33.7334],[-84.4141,33.7334],[-84.4142,33.7324],[-84.4143,33.7324],[-84.4141,33.7316],[-84.4141,33.7315],[-84.4139,33.7317],[-84.4137,33.7321],[-84.4135,33.7323],[-84.4134,33.7326],[-84.4132,33.733],[-84.4132,33.733],[-84.4131,33.7333],[-84.413,33.7337],[-84.4129,33.734],[-84.4129,33.734],[-84.4129,33.7343],[-84.4128,33.7348],[-84.4128,33.7353],[-84.4128,33.737],[-84.4128,33.7382],[-84.4128,33.7387],[-84.4127,33.739],[-84.4126,33.7394],[-84.4125,33.7397],[-84.4125,33.7398],[-84.4123,33.7402],[-84.4121,33.7406],[-84.4118,33.741],[-84.4117,33.7411],[-84.4117,33.7412],[-84.4115,33.7414],[-84.4112,33.7416],[-84.4113,33.7417],[-84.4114,33.7417],[-84.4132,33.7418],[-84.4136,33.7418],[-84.4141,33.7418],[-84.414,33.7428],[-84.414,33.743],[-84.414,33.7443],[-84.414,33.7444],[-84.4141,33.7444],[-84.4153,33.7444],[-84.4161,33.7445],[-84.4175,33.7445],[-84.4175,33.7454],[-84.419,33.7454],[-84.4193,33.7454],[-84.4193,33.7454],[-84.4205,33.7454],[-84.4214,33.7453],[-84.4223,33.7453],[-84.4233,33.7453],[-84.4233,33.7445],[-84.4233,33.7437],[-84.4233,33.7432],[-84.4233,33.743],[-84.4233,33.7423],[-84.4233,33.7408],[-84.4234,33.7384],[-84.4234,33.7369],[-84.4234,33.7368],[-84.4234,33.7358],[-84.4234,33.7346],[-84.4234,33.7336],[-84.4234,33.7335]]]}},{"type":"Feature","id":"13121005501","properties":{"GEOID":"13121005501","NAME":"Census Tract 55.01","AREALAND":1192738},"geometry":{"type":"Polygon","coordinates":[[[-84.3881,33.7244],[-84.3881,33.7228],[-84.3881,33.7219],[-84.3881,33.7218],[-84.3879,33.7218],[-84.3878,33.7219],[-84.3869,33.7223],[-84.3851,33.7232],[-84.3838,33.7238],[-84.3836,33.7238],[-84.3836,33.7238],[-84.3829,33.724],[-84.3827,33.7241],[-84.3825,33.7241],[-84.3823,33.7242],[-84.3821,33.7242],[-84.382,33.7242],[-84.3815,33.7243],[-84.3809,33.7243],[-84.3798,33.7243],[-84.3789,33.7243],[-84.3786,33.7243],[-84.3786,33.7265],[-84.3785,33.7274],[-84.3785,33.7284],[-84.3785,33.7291],[-84.3785,33.7303],[-84.38,33.7303],[-84.3799,33.7315],[-84.3799,33.7323],[-84.3799,33.7331],[-84.3799,33.7343],[-84.3799,33.7355],[-84.3799,33.7365],[-84.3799,33.7367],[-84.3809,33.7368],[-84.3815,33.7368],[-84.3823,33.7368],[-84.3841,33.7368],[-84.3848,33.7368],[-84.3856,33.7368],[-84.3863,33.7368],[-84.3869,33.7368],[-84.3871,33.7368],[-84.3873,33.7368],[-84.3875,33.7368],[-84.3879,33.7368],[-84.3879,33.7356],[-84.3879,33.7344],[-84.3879,33.7342],[-84.3879,33.7332],[-84.3879,33.7329],[-84.3879,33.7327],[-84.3879,33.7317],[-84.388,33.7304],[-84.388,33.7294],[-84.388,33.728],[-84.388,33.7266],[-84.3881,33.7255],[-84.3881,33.725],[-84.3881,33.7244]]]}},{"type":"Feature","id":"13121003200","properties":{"GEOID":"13121003200","NAME":"Census Tract 32","AREALAND":1063938},"geometry":{"type":"Polygon","coordinates":[[[-84.3766,33.7495],[-84.3766,33.7492],[-84.3757,33.7496],[-84.3752,33.7497],[-84.375,33.7498],[-84.3751,33.7496],[-84.3751,33.7487],[-84.3751,33.7481],[-84.3752,33.7474],[-84.3752,33.7472],[-84.3752,33.7468],[-84.3749,33.7468],[-84.3734,33.7468],[-84.3725,33.7468],[-84.3714,33.7468],[-84.3697,33.7467],[-84.3681,33.7467],[-84.3674,33.7467],[-84.3667,33.7467],[-84.3657,33.7467],[-84.3652,33.7467],[-84.3647,33.7467],[-84.3637,33.7467],[-84.3631,33.7467],[-84.3623,33.7466],[-84.3591,33.7466],[-84.3583,33.7466],[-84.3582,33.7466],[-84.3582,33.747],[-84.3581,33.7473],[-84.358,33.7478],[-84.3579,33.7483],[-84.3577,33.749],[-84.3576,33.7491],[-84.3575,33.7496],[-84.3573,33.7502],[-84.3571,33.7508],[-84.3571,33.7512],[-84.357,33.7513],[-84.357,33.7516],[-84.357,33.7519],[-84.357,33.7523],[-84.357,33.7525],[-84.3569,33.7531],[-84.3568,33.7532],[-84.3568,33.7534],[-84.3567,33.7534],[-84.3567,33.7536],[-84.3566,33.7538],[-84.3565,33.7538],[-84.3564,33.754],[-84.3562,33.7541],[-84.3563,33.7541],[-84.3567,33.7539],[-84.3569,33.7539],[-84.3573,33.7538],[-84.3577,33.7537],[-84.3584,33.7535],[-84.3587,33.7535],[-84.3587,33.7535],[-84.3584,33.7542],[-84.3583,33.7543],[-84.3582,33.7544],[-84.3585,33.7544],[-84.3594,33.7542],[-84.361,33.754],[-84.362,33.7538],[-84.3634,33.7535],[-84.3638,33.7534],[-84.3656,33.753],[-84.367,33.7526],[-84.3671,33.7525],[-84.3672,33.7524],[-84.3684,33.7521],[-84.3691,33.7518],[-84.3699,33.7516],[-84.3705,33.7514],[-84.371,33.7513],[-84.3722,33.7509],[-84.3733,33.7505],[-84.3741,33.7503],[-84.3751,33.7499],[-84.3763,33.7496],[-84.3766,33.7495]]]}},{"type":"Feature","id":"13121004400","properties":{"GEOID":"13121004400","NAME":"Census Tract 44","AREALAND":827263},"geometry":{"type":"Polygon","coordinates":[[[-84.4072,33.7416],[-84.4072,33.7414],[-84.4072,33.7412],[-84.4072,33.7409],[-84.407,33.7404],[-84.4067,33.7399],[-84.4065,33.7394],[-84.4063,33.739],[-84.4061,33.7388],[-84.406,33.7387],[-84.4058,33.7384],[-84.4056,33.7382],[-84.4055,33.7382],[-84.4048,33.7376],[-84.4046,33.7374],[-84.4038,33.7368],[-84.4033,33.7364],[-84.4032,33.7364],[-84.4028,33.7361],[-84.4023,33.7356],[-84.4023,33.7356],[-84.4019,33.7352],[-84.4018,33.735],[-84.4017,33.7349],[-84.4013,33.7345],[-84.401,33.7345],[-84.4008,33.7346],[-84.4006,33.7344],[-84.4004,33.7344],[-84.4,33.7344],[-84.4,33.7344],[-84.3991,33.7344],[-84.3983,33.7344],[-84.3983,33.735],[-84.3983,33.7356],[-84.3983,33.7369],[-84.3983,33.7381],[-84.3983,33.7395],[-84.3983,33.7408],[-84.3983,33.7418],[-84.3982,33.742],[-84.3982,33.7421],[-84.3982,33.7422],[-84.3982,33.7429],[-84.3982,33.7433],[-84.3982,33.7444],[-84.3981,33.7448],[-84.3981,33.7449],[-84.3981,33.745],[-84.3981,33.7451],[-84.3981,33.7453],[-84.398,33.7458],[-84.398,33.7459],[-84.3979,33.7461],[-84.3979,33.7465],[-84.3979,33.7471],[-84.3979,33.7476],[-84.398,33.748],[-84.398,33.7481],[-84.3981,33.7477],[-84.3982,33.7471],[-84.3997,33.7471],[-84.3998,33.7471],[-84.3999,33.7472],[-84.4,33.7472],[-84.4001,33.7473],[-84.4007,33.7466],[-84.4008,33.7466],[-84.4009,33.7465],[-84.4015,33.7459],[-84.4017,33.7457],[-84.402,33.7455],[-84.4023,33.7453],[-84.4026,33.7451],[-84.4034,33.7447],[-84.4037,33.7446],[-84.4045,33.7443],[-84.4053,33.744],[-84.4055,33.744],[-84.4056,33.7439],[-84.4056,33.7439],[-84.4057,33.7438],[-84.4061,33.7435],[-84.4064,33.7432],[-84.4065,33.7431],[-84.4067,33.7429],[-84.4069,33.7427],[-84.407,33.7425],[-84.4071,33.7424],[-84.4071,33.7422],[-84.4072,33.7421],[-84.4072,33.7419],[-84.4072,33.7416]]]}},{"type":"Feature","id":"13121002100","properties":{"GEOID":"13121002100","NAME":"Census Tract 21","AREALAND":807923},"geometry":{"type":"Polygon","coordinates":[[[-84.4002,33.7707],[-84.4004,33.7707],[-84.4001,33.7704],[-84.3999,33.7703],[-84.3997,33.7701],[-84.3995,33.7699],[-84.3993,33.7696],[-84.3992,33.7695],[-84.3991,33.7692],[-84.3988,33.7687],[-84.3987,33.7683],[-84.3986,33.7681],[-84.3985,33.7677],[-84.3985,33.7673],[-84.3983,33.7662],[-84.3983,33.7658],[-84.3983,33.7656],[-84.3982,33.7648],[-84.3981,33.7644],[-84.3981,33.7643],[-84.3981,33.764],[-84.398,33.7638],[-84.398,33.7637],[-84.3979,33.7634],[-84.3978,33.7634],[-84.3977,33.7631],[-84.3975,33.7627],[-84.3973,33.7623],[-84.3968,33.7616],[-84.3965,33.7612],[-84.3964,33.7611],[-84.3962,33.7607],[-84.3961,33.7605],[-84.3958,33.7599],[-84.3957,33.7596],[-84.3956,33.7597],[-84.395,33.7585],[-84.3943,33.759],[-84.3938,33.7593],[-84.3935,33.7596],[-84.3934,33.7596],[-84.3933,33.7597],[-84.3932,33.7597],[-84.3928,33.7597],[-84.3921,33.7597],[-84.3906,33.7597],[-84.3906,33.761],[-84.3905,33.7623],[-84.3905,33.7632],[-84.3905,33.7633],[-84.3905,33.7635],[-84.3904,33.7637],[-84.3904,33.7637],[-84.3904,33.7639],[-84.3904,33.764],[-84.3903,33.7647],[-84.3903,33.7651],[-84.3903,33.7652],[-84.3903,33.7653],[-84.3902,33.7654],[-84.3902,33.7655],[-84.3902,33.7656],[-84.39,33.7657],[-84.3897,33.7659],[-84.39,33.7659],[-84.3901,33.7659],[-84.3902,33.766],[-84.3903,33.766],[-84.3903,33.766],[-84.3904,33.766],[-84.3905,33.766],[-84.3918,33.7659],[-84.3919,33.766],[-84.392,33.766],[-84.3931,33.766],[-84.393,33.7666],[-84.393,33.7678],[-84.393,33.7689],[-84.3921,33.7689],[-84.3921,33.769],[-84.3922,33.7691],[-84.3921,33.7698],[-84.3921,33.7706],[-84.3921,33.7711],[-84.3921,33.7713],[-84.3929,33.7713],[-84.3934,33.7713],[-84.3943,33.7713],[-84.3943,33.7713],[-84.3944,33.7713],[-84.3945,33.7713],[-84.3946,33.7713],[-84.3947,33.7713],[-84.3949,33.7713],[-84.3955,33.7713],[-84.3959,33.7713],[-84.3961,33.7713],[-84.3963,33.7714],[-84.3964,33.7714],[-84.3966,33.7714],[-84.3982,33.7714],[-84.3984,33.7714],[-84.3986,33.7713],[-84.3988,33.7713],[-84.399,33.7712],[-84.3992,33.7712],[-84.3995,33.771],[-84.3997,33.771],[-84.4,33.7709],[-84.4002,33.7707]]]}},{"type":"Feature","id":"13121001900","properties":{"GEOID":"13121001900","NAME":"Census Tract 19","AREALAND":996265},"geometry":{"type":"Polygon","coordinates":[[[-84.393,33.7666],[-84.3931,33.766],[-84.392,33.766],[-84.3919,33.766],[-84.3918,33.7659],[-84.3905,33.766],[-84.3904,33.766],[-84.3903,33.766],[-84.3903,33.766],[-84.3902,33.766],[-84.3901,33.7659],[-84.39,33.7659],[-84.3897,33.7659],[-84.39,33.7657],[-84.3902,33.7656],[-84.3902,33.7655],[-84.3902,33.7654],[-84.3903,33.7653],[-84.3903,33.7652],[-84.3903,33.7651],[-84.3903,33.7647],[-84.3904,33.764],[-84.3904,33.7639],[-84.3904,33.7637],[-84.3904,33.7637],[-84.3905,33.7635],[-84.3905,33.7633],[-84.3905,33.7632],[-84.3905,33.7623],[-84.3906,33.761],[-84.3906,33.7597],[-84.3898,33.7597],[-84.3891,33.7597],[-84.3876,33.7597],[-84.3875,33.7597],[-84.3861,33.7597],[-84.3842,33.7597],[-84.3842,33.7609],[-84.3842,33.7622],[-84.3841,33.7632],[-84.3841,33.7641],[-84.3841,33.7644],[-84.3841,33.7646],[-84.3841,33.7646],[-84.3841,33.7648],[-84.3841,33.765],[-84.3841,33.7654],[-84.3841,33.7655],[-84.382,33.7656],[-84.382,33.766],[-84.382,33.7664],[-84.382,33.7667],[-84.382,33.7675],[-84.382,33.7679],[-84.382,33.7687],[-84.3819,33.7699],[-84.3819,33.77],[-84.3819,33.7708],[-84.3819,33.7713],[-84.3831,33.7713],[-84.3833,33.7713],[-84.3834,33.7713],[-84.3836,33.7713],[-84.385,33.7713],[-84.3861,33.7713],[-84.3869,33.7713],[-84.3872,33.7713],[-84.3873,33.7713],[-84.3874,33.7713],[-84.3876,33.7712],[-84.3888,33.7712],[-84.3894,33.7712],[-84.3898,33.7713],[-84.3901,33.7713],[-84.3905,33.7713],[-84.3907,33.7713],[-84.3921,33.7713],[-84.3921,33.7711],[-84.3921,33.7706],[-84.3921,33.7698],[-84.3922,33.7691],[-84.3921,33.769],[-84.3921,33.7689],[-84.393,33.7689],[-84.393,33.7678],[-84.393,33.7666]]]}},{"type":"Feature","id":"13121001300","properties":{"GEOID":"13121001300","NAME":"Census Tract 13","AREALAND":1316973},"geometry":{"type":"Polygon","coordinates":[[[-84.3777,33.7724],[-84.3777,33.7712],[-84.3765,33.7712],[-84.3748,33.7712],[-84.3728,33.7712],[-84.3718,33.7712],[-84.3703,33.7712],[-84.3689,33.7711],[-84.3677,33.7711],[-84.3649,33.7711],[-84.3639,33.7711],[-84.364,33.7713],[-84.3642,33.7718],[-84.3646,33.7734],[-84.365,33.7747],[-84.3654,33.7768],[-84.3655,33.7771],[-84.3656,33.7777],[-84.3657,33.7778],[-84.3659,33.7784],[-84.366,33.7787],[-84.3661,33.7788],[-84.3665,33.7794],[-84.3666,33.7795],[-84.3672,33.7805],[-84.3673,33.7806],[-84.3678,33.7812],[-84.3684,33.7819],[-84.3686,33.7821],[-84.3687,33.7817],[-84.3688,33.7818],[-84.3688,33.7818],[-84.3728,33.7818],[-84.3741,33.7818],[-84.3777,33.7818],[-84.3777,33.7807],[-84.3777,33.7806],[-84.3777,33.7795],[-84.3777,33.7784],[-84.3777,33.7781],[-84.3777,33.7778],[-84.3777,33.7769],[-84.3777,33.7762],[-84.3777,33.7757],[-84.3777,33.7753],[-84.3777,33.7745],[-84.3777,33.7734],[-84.3777,33.7727],[-84.3777,33.7726],[-84.3777,33.7724]]]}},{"type":"Feature","id":"13121001800","properties":{"GEOID":"13121001800","NAME":"Census Tract 18","AREALAND":916981},"geometry":{"type":"Polygon","coordinates":[[[-84.3841,33.7632],[-84.3842,33.7622],[-84.3824,33.7622],[-84.3821,33.7622],[-84.3817,33.7622],[-84.3815,33.7622],[-84.3814,33.7622],[-84.3811,33.7622],[-84.3809,33.7622],[-84.3806,33.7622],[-84.3804,33.7621],[-84.3803,33.762],[-84.3802,33.762],[-84.3801,33.7619],[-84.3799,33.7619],[-84.3798,33.7618],[-84.3797,33.7617],[-84.3797,33.7617],[-84.3795,33.7616],[-84.3794,33.7616],[-84.379,33.7614],[-84.3789,33.7614],[-84.3787,33.7614],[-84.3785,33.7614],[-84.3779,33.7614],[-84.3776,33.7614],[-84.3769,33.7614],[-84.3765,33.7614],[-84.3743,33.7614],[-84.3742,33.7626],[-84.3742,33.7627],[-84.3742,33.7628],[-84.3737,33.764],[-84.3736,33.7641],[-84.3735,33.7649],[-84.3735,33.7655],[-84.3734,33.7663],[-84.3732,33.7676],[-84.3732,33.7679],[-84.3731,33.7687],[-84.373,33.7693],[-84.3729,33.7699],[-84.3728,33.7711],[-84.3728,33.7712],[-84.3748,33.7712],[-84.3765,33.7712],[-84.3777,33.7712],[-84.3784,33.7712],[-84.3792,33.7712],[-84.3795,33.7713],[-84.3796,33.7713],[-84.3804,33.7713],[-84.3805,33.7713],[-84.381,33.7713],[-84.3813,33.7713],[-84.3819,33.7713],[-84.3819,33.7708],[-84.3819,33.77],[-84.3819,33.7699],[-84.382,33.7687],[-84.382,33.7679],[-84.382,33.7675],[-84.382,33.7667],[-84.382,33.7664],[-84.382,33.766],[-84.382,33.7656],[-84.3841,33.7655],[-84.3841,33.7654],[-84.3841,33.765],[-84.3841,33.7648],[-84.3841,33.7646],[-84.3841,33.7646],[-84.3841,33.7644],[-84.3841,33.7641],[-84.3841,33.7632]]]}},{"type":"Feature","id":"13121002800","properties":{"GEOID":"13121002800","NAME":"Census Tract 28","AREALAND":748079},"geometry":{"type":"Polygon","coordinates":[[[-84.3843,33.7545],[-84.3843,33.7545],[-84.3834,33.7545],[-84.3823,33.7544],[-84.3819,33.7544],[-84.3818,33.7544],[-84.3814,33.7544],[-84.3803,33.7544],[-84.3802,33.7544],[-84.3795,33.7544],[-84.3794,33.7544],[-84.3792,33.7544],[-84.3787,33.7544],[-84.3783,33.7544],[-84.3783,33.7544],[-84.378,33.7544],[-84.3774,33.7544],[-84.3773,33.7544],[-84.3771,33.7544],[-84.3766,33.7544],[-84.3755,33.7544],[-84.3744,33.7543],[-84.3744,33.7544],[-84.3744,33.7547],[-84.3744,33.7555],[-84.3744,33.7559],[-84.3743,33.7577],[-84.3743,33.7588],[-84.3743,33.7595],[-84.3743,33.7601],[-84.3743,33.7603],[-84.3743,33.7614],[-84.3765,33.7614],[-84.3769,33.7614],[-84.3776,33.7614],[-84.3779,33.7614],[-84.3785,33.7614],[-84.3787,33.7614],[-84.3789,33.7614],[-84.379,33.7614],[-84.3794,33.7616],[-84.3795,33.7616],[-84.3797,33.7617],[-84.3797,33.7617],[-84.3798,33.7618],[-84.3799,33.7619],[-84.3801,33.7619],[-84.3802,33.762],[-84.3803,33.762],[-84.3804,33.7621],[-84.3806,33.7622],[-84.3809,33.7622],[-84.3811,33.7622],[-84.3814,33.7622],[-84.3815,33.7622],[-84.3817,33.7622],[-84.3821,33.7622],[-84.3824,33.7622],[-84.3842,33.7622],[-84.3842,33.7609],[-84.3842,33.7597],[-84.3842,33.7584],[-84.3842,33.7571],[-84.3843,33.7556],[-84.3843,33.7547],[-84.3843,33.7545]]]}},{"type":"Feature","id":"13121004800","properties":{"GEOID":"13121004800","NAME":"Census Tract 48","AREALAND":393122},"geometry":{"type":"Polygon","coordinates":[[[-84.3878,33.7431],[-84.3878,33.7419],[-84.3875,33.7419],[-84.3867,33.7419],[-84.3863,33.7419],[-84.3859,33.742],[-84.3857,33.742],[-84.384,33.742],[-84.384,33.7416],[-84.3815,33.7415],[-84.3815,33.7416],[-84.3815,33.7424],[-84.3805,33.7424],[-84.3794,33.7424],[-84.3794,33.7425],[-84.3794,33.7428],[-84.3794,33.7432],[-84.3794,33.7434],[-84.3794,33.7438],[-84.3793,33.7438],[-84.3793,33.7439],[-84.3793,33.744],[-84.3797,33.744],[-84.3801,33.744],[-84.3804,33.744],[-84.3804,33.744],[-84.3805,33.744],[-84.3805,33.7456],[-84.3804,33.7469],[-84.3807,33.7469],[-84.3815,33.7469],[-84.3827,33.7469],[-84.3838,33.7469],[-84.3851,33.7469],[-84.3862,33.7469],[-84.3869,33.7469],[-84.3872,33.7469],[-84.3877,33.7469],[-84.3877,33.7467],[-84.3877,33.7466],[-84.3877,33.7463],[-84.3877,33.7452],[-84.3877,33.745],[-84.3878,33.7446],[-84.3878,33.7445],[-84.3878,33.7442],[-84.3878,33.744],[-84.3878,33.7435],[-84.3878,33.7433],[-84.3878,33.7431]]]}},{"type":"Feature","id":"13121004900","properties":{"GEOID":"13121004900","NAME":"Census Tract 49","AREALAND":1094034},"geometry":{"type":"Polygon","coordinates":[[[-84.3879,33.7371],[-84.3879,33.7368],[-84.3875,33.7368],[-84.3873,33.7368],[-84.3871,33.7368],[-84.3869,33.7368],[-84.3863,33.7368],[-84.3856,33.7368],[-84.3848,33.7368],[-84.3841,33.7368],[-84.3823,33.7368],[-84.3815,33.7368],[-84.3809,33.7368],[-84.3799,33.7367],[-84.3784,33.7367],[-84.3775,33.7367],[-84.3765,33.7367],[-84.3751,33.7366],[-84.3736,33.7366],[-84.3736,33.7377],[-84.3736,33.7388],[-84.3736,33.74],[-84.3736,33.7412],[-84.3736,33.7416],[-84.3734,33.7422],[-84.3734,33.7423],[-84.3734,33.743],[-84.3734,33.7433],[-84.3734,33.7435],[-84.3734,33.7437],[-84.3734,33.7443],[-84.3734,33.7449],[-84.3734,33.7455],[-84.3734,33.7468],[-84.3749,33.7468],[-84.3752,33.7468],[-84.3759,33.7468],[-84.3764,33.7468],[-84.3767,33.7468],[-84.377,33.7468],[-84.3782,33.7468],[-84.3794,33.7469],[-84.3804,33.7469],[-84.3805,33.7456],[-84.3805,33.744],[-84.3804,33.744],[-84.3804,33.744],[-84.3801,33.744],[-84.3797,33.744],[-84.3793,33.744],[-84.3793,33.7439],[-84.3793,33.7438],[-84.3794,33.7438],[-84.3794,33.7434],[-84.3794,33.7432],[-84.3794,33.7428],[-84.3794,33.7425],[-84.3794,33.7424],[-84.3805,33.7424],[-84.3815,33.7424],[-84.3815,33.7416],[-84.3815,33.7415],[-84.384,33.7416],[-84.384,33.742],[-84.3857,33.742],[-84.3859,33.742],[-84.3863,33.7419],[-84.3867,33.7419],[-84.3875,33.7419],[-84.3878,33.7419],[-84.3878,33.738],[-84.3879,33.7371]]]}},{"type":"Feature","id":"13121001201","properties":{"GEOID":"13121001201","NAME":"Census Tract 12.01","AREALAND":567397},"geometry":{"type":"Polygon","coordinates":[[[-84.3834,33.7714],[-84.3834,33.7713],[-84.3833,33.7713],[-84.3831,33.7713],[-84.3819,33.7713],[-84.3813,33.7713],[-84.381,33.7713],[-84.3805,33.7713],[-84.3804,33.7713],[-84.3796,33.7713],[-84.3795,33.7713],[-84.3792,33.7712],[-84.3784,33.7712],[-84.3777,33.7712],[-84.3777,33.7724],[-84.3777,33.7726],[-84.3777,33.7727],[-84.3777,33.7734],[-84.3777,33.7745],[-84.3777,33.7753],[-84.3777,33.7757],[-84.3777,33.7762],[-84.3777,33.7769],[-84.3777,33.7778],[-84.3777,33.7781],[-84.3777,33.7784],[-84.3777,33.7795],[-84.3777,33.7806],[-84.3777,33.7807],[-84.3777,33.7818],[-84.3779,33.7818],[-84.3794,33.7818],[-84.3805,33.7818],[-84.3817,33.7818],[-84.3824,33.7818],[-84.3825,33.7817],[-84.3826,33.7812],[-84.3826,33.781],[-84.3826,33.7808],[-84.3826,33.7806],[-84.3826,33.7803],[-84.3826,33.7795],[-84.3827,33.7784],[-84.3828,33.7776],[-84.3828,33.7772],[-84.3829,33.7768],[-84.3829,33.7762],[-84.383,33.776],[-84.3831,33.7748],[-84.3832,33.7736],[-84.3833,33.7724],[-84.3834,33.7714]]]}},{"type":"Feature","id":"13121009101","properties":{"GEOID":"13121009101","NAME":"Census Tract 91.01","AREALAND":1701634},"geometry":{"type":"Polygon","coordinates":[[[-84.4047,33.8165],[-84.4047,33.8164],[-84.4047,33.8163],[-84.4046,33.8162],[-84.4046,33.8162],[-84.4044,33.8157],[-84.4044,33.8156],[-84.4043,33.8155],[-84.4043,33.8154],[-84.4042,33.8153],[-84.4042,33.8151],[-84.4041,33.8151],[-84.4041,33.815],[-84.404,33.8149],[-84.404,33.8148],[-84.4039,33.8148],[-84.4038,33.8147],[-84.4038,33.8146],[-84.4037,33.8145],[-84.4037,33.8144],[-84.4036,33.8142],[-84.4035,33.8138],[-84.4033,33.8135],[-84.4032,33.8134],[-84.4031,33.8133],[-84.4031,33.8133],[-84.403,33.8132],[-84.4029,33.8132],[-84.4028,33.8131],[-84.4027,33.8131],[-84.4026,33.8131],[-84.4025,33.813],[-84.4025,33.8129],[-84.4025,33.8127],[-84.4025,33.8127],[-84.4024,33.8126],[-84.4024,33.8124],[-84.4024,33.8123],[-84.4023,33.8122],[-84.4021,33.812],[-84.402,33.8118],[-84.4019,33.8117],[-84.4017,33.8115],[-84.4016,33.8114],[-84.4015,33.8114],[-84.4014,33.8113],[-84.4013,33.8113],[-84.4011,33.8112],[-84.4011,33.8111],[-84.401,33.811],[-84.401,33.811],[-84.4011,33.8109],[-84.4011,33.8108],[-84.4012,33.8107],[-84.4013,33.8107],[-84.4014,33.8107],[-84.4015,33.8107],[-84.4016,33.8107],[-84.4018,33.8106],[-84.402,33.8106],[-84.4021,33.8106],[-84.4022,33.8105],[-84.4023,33.8105],[-84.4024,33.8105],[-84.4026,33.8104],[-84.4027,33.8104],[-84.4027,33.8104],[-84.403,33.8103],[-84.403,33.8101],[-84.4031,33.81],[-84.4031,33.8099],[-84.403,33.8098],[-84.403,33.8097],[-84.4029,33.8096],[-84.4029,33.8096],[-84.4028,33.8096],[-84.4027,33.8094],[-84.4027,33.8093],[-84.4027,33.8092],[-84.4027,33.8091],[-84.4026,33.8089],[-84.4025,33.8085],[-84.4024,33.8084],[-84.4024,33.8084],[-84.4023,33.8083],[-84.4023,33.8083],[-84.4022,33.8082],[-84.4022,33.8081],[-84.4021,33.808],[-84.402,33.8079],[-84.402,33.8078],[-84.4019,33.8077],[-84.4017,33.8073],[-84.4016,33.8072],[-84.4015,33.807],[-84.4015,33.8069],[-84.4015,33.8068],[-84.4014,33.8067],[-84.4013,33.8067],[-84.4013,33.8066],[-84.4012,33.8065],[-84.4011,33.8065],[-84.401,33.8065],[-84.4009,33.8064],[-84.4008,33.8064],[-84.4007,33.8063],[-84.4007,33.8063],[-84.4007,33.8062],[-84.4006,33.8062],[-84.4006,33.8061],[-84.4006,33.806],[-84.4006,33.8059],[-84.4007,33.8058],[-84.4007,33.8057],[-84.4007,33.8056],[-84.4007,33.8055],[-84.4008,33.8053],[-84.4008,33.8052],[-84.4009,33.8051],[-84.4009,33.805],[-84.401,33.805],[-84.401,33.8049],[-84.4011,33.8048],[-84.4012,33.8048],[-84.4013,33.8047],[-84.4013,33.8046],[-84.4014,33.8046],[-84.4014,33.8043],[-84.4014,33.8041],[-84.4014,33.804],[-84.4014,33.8039],[-84.4013,33.8038],[-84.4013,33.8037],[-84.4013,33.8036],[-84.4012,33.8035],[-84.4011,33.8032],[-84.4011,33.8031],[-84.4011,33.803],[-84.4011,33.803],[-84.4011,33.8029],[-84.4011,33.8027],[-84.4011,33.8026],[-84.4011,33.8024],[-84.4012,33.8023],[-84.4011,33.8022],[-84.4011,33.8021],[-84.401,33.802],[-84.401,33.802],[-84.4009,33.8019],[-84.4008,33.8019],[-84.4007,33.8018],[-84.4006,33.8018],[-84.4005,33.8017],[-84.4005,33.8013],[-84.4004,33.8013],[-84.3996,33.8012],[-84.3991,33.8011],[-84.3988,33.801],[-84.3984,33.8008],[-84.3984,33.8008],[-84.3978,33.8006],[-84.3976,33.8005],[-84.3974,33.8003],[-84.3972,33.8002],[-84.397,33.8],[-84.3968,33.7999],[-84.3968,33.7999],[-84.3966,33.7997],[-84.3965,33.7995],[-84.3961,33.7991],[-84.396,33.7989],[-84.3958,33.7985],[-84.3955,33.798],[-84.3954,33.7978],[-84.3952,33.7976],[-84.395,33.7973],[-84.3947,33.7976],[-84.3946,33.7977],[-84.3942,33.7981],[-84.3937,33.7984],[-84.3929,33.7991],[-84.3924,33.7995],[-84.3923,33.7996],[-84.3922,33.7997],[-84.3922,33.7998],[-84.3923,33.7999],[-84.3924,33.8002],[-84.3925,33.8004],[-84.3926,33.8007],[-84.3927,33.801],[-84.3927,33.8013],[-84.3927,33.8015],[-84.3927,33.802],[-84.3927,33.8022],[-84.3928,33.8024],[-84.3928,33.8027],[-84.3929,33.8028],[-84.3929,33.803],[-84.393,33.8033],[-84.393,33.8034],[-84.393,33.8034],[-84.393,33.8034],[-84.3932,33.8039],[-84.3935,33.8048],[-84.3936,33.8049],[-84.3937,33.8052],[-84.3938,33.8056],[-84.3938,33.8056],[-84.3939,33.8058],[-84.3939,33.8062],[-84.3939,33.8064],[-84.3938,33.8067],[-84.3938,33.8072],[-84.3936,33.8078],[-84.3935,33.8083],[-84.393,33.8096],[-84.3929,33.8097],[-84.3928,33.8099],[-84.3928,33.8101],[-84.3924,33.8109],[-84.3923,33.8114],[-84.3922,33.8116],[-84.3922,33.8117],[-84.3922,33.8119],[-84.3922,33.8122],[-84.3922,33.8123],[-84.3923,33.8126],[-84.3924,33.8127],[-84.3924,33.8129],[-84.3924,33.8131],[-84.3924,33.8132],[-84.3922,33.8137],[-84.3922,33.8137],[-84.392,33.8143],[-84.3918,33.8148],[-84.3916,33.815],[-84.3915,33.8152],[-84.3913,33.8154],[-84.3911,33.8156],[-84.3908,33.8158],[-84.3905,33.816],[-84.3903,33.8162],[-84.3901,33.8164],[-84.3897,33.8168],[-84.3894,33.8172],[-84.3892,33.8174],[-84.3891,33.8176],[-84.3891,33.8176],[-84.3891,33.8177],[-84.3892,33.8177],[-84.3901,33.8181],[-84.3904,33.8182],[-84.3906,33.8183],[-84.3908,33.8183],[-84.391,33.8184],[-84.3912,33.8184],[-84.3914,33.8184],[-84.392,33.8185],[-84.3923,33.8186],[-84.3928,33.8187],[-84.393,33.8187],[-84.3932,33.8188],[-84.3934,33.8188],[-84.3937,33.8188],[-84.3938,33.8188],[-84.3939,33.8188],[-84.394,33.8188],[-84.3941,33.8187],[-84.3942,33.8186],[-84.3944,33.8185],[-84.3946,33.8184],[-84.3947,33.8183],[-84.395,33.8179],[-84.3951,33.8177],[-84.3959,33.8166],[-84.3959,33.8166],[-84.396,33.8165],[-84.396,33.8164],[-84.3961,33.8163],[-84.3962,33.8163],[-84.3963,33.8162],[-84.3963,33.8162],[-84.3963,33.8161],[-84.3964,33.8161],[-84.3965,33.816],[-84.3966,33.816],[-84.3967,33.816],[-84.3968,33.8159],[-84.397,33.8159],[-84.3971,33.8159],[-84.3973,33.8159],[-84.3974,33.8159],[-84.3976,33.8159],[-84.3981,33.8159],[-84.3983,33.8159],[-84.3983,33.8159],[-84.3984,33.8159],[-84.3987,33.8159],[-84.3988,33.8159],[-84.399,33.8158],[-84.3992,33.8158],[-84.3993,33.8158],[-84.3994,33.8157],[-84.3995,33.8157],[-84.3996,33.8157],[-84.3997,33.8157],[-84.3998,33.8157],[-84.3998,33.8157],[-84.3999,33.8157],[-84.4001,33.8157],[-84.4004,33.8157],[-84.4005,33.8157],[-84.4007,33.8158],[-84.4009,33.8158],[-84.4011,33.8159],[-84.4013,33.816],[-84.4014,33.816],[-84.4014,33.8161],[-84.4015,33.8161],[-84.4016,33.8162],[-84.4017,33.8163],[-84.4018,33.8165],[-84.402,33.8167],[-84.4021,33.817],[-84.4022,33.8171],[-84.4027,33.8179],[-84.4028,33.8181],[-84.4029,33.8184],[-84.403,33.8185],[-84.403,33.8184],[-84.4033,33.8181],[-84.4033,33.818],[-84.4034,33.8179],[-84.4034,33.8178],[-84.4034,33.8177],[-84.4035,33.8176],[-84.4035,33.8175],[-84.4036,33.8174],[-84.4036,33.8174],[-84.4037,33.8173],[-84.4037,33.8172],[-84.404,33.8171],[-84.4041,33.817],[-84.4042,33.8169],[-84.4044,33.8168],[-84.4045,33.8167],[-84.4046,33.8167],[-84.4046,33.8166],[-84.4047,33.8165]]]}},{"type":"Feature","id":"13121001001","properties":{"GEOID":"13121001001","NAME":"Census Tract 10.01","AREALAND":935254},"geometry":{"type":"Polygon","coordinates":[[[-84.3991,33.7825],[-84.3991,33.7815],[-84.3977,33.7815],[-84.397,33.7815],[-84.396,33.7815],[-84.3948,33.7815],[-84.3946,33.7815],[-84.3942,33.7815],[-84.3936,33.7815],[-84.3919,33.7815],[-84.3916,33.7815],[-84.3911,33.7815],[-84.3912,33.7801],[-84.3912,33.78],[-84.3912,33.7787],[-84.3912,33.7785],[-84.3911,33.7781],[-84.3911,33.7777],[-84.391,33.777],[-84.391,33.7769],[-84.3906,33.7751],[-84.3905,33.7744],[-84.3904,33.774],[-84.3903,33.7737],[-84.3903,33.7735],[-84.3904,33.7718],[-84.3905,33.7713],[-84.3901,33.7713],[-84.3898,33.7713],[-84.3894,33.7712],[-84.3888,33.7712],[-84.3876,33.7712],[-84.3874,33.7713],[-84.3874,33.7715],[-84.3874,33.7723],[-84.3873,33.7738],[-84.3873,33.7751],[-84.3873,33.7759],[-84.3873,33.7763],[-84.3873,33.7768],[-84.3873,33.7775],[-84.3873,33.778],[-84.3873,33.7787],[-84.3873,33.7795],[-84.3873,33.78],[-84.3873,33.7802],[-84.3874,33.7804],[-84.3875,33.7807],[-84.3877,33.7812],[-84.3878,33.7813],[-84.3878,33.7815],[-84.3878,33.7817],[-84.3878,33.782],[-84.3878,33.7833],[-84.3878,33.7844],[-84.3878,33.7846],[-84.3878,33.7857],[-84.3878,33.7867],[-84.3892,33.7867],[-84.3906,33.7867],[-84.3908,33.7867],[-84.3914,33.7867],[-84.3915,33.7867],[-84.3917,33.7867],[-84.3919,33.7867],[-84.3926,33.7867],[-84.393,33.7867],[-84.3933,33.7866],[-84.3945,33.7865],[-84.3958,33.7863],[-84.3961,33.7863],[-84.3967,33.7862],[-84.3972,33.7862],[-84.3977,33.7862],[-84.3987,33.7862],[-84.3987,33.7861],[-84.3989,33.7842],[-84.399,33.7837],[-84.399,33.7834],[-84.399,33.7828],[-84.3991,33.7825]]]}},{"type":"Feature","id":"13121006500","properties":{"GEOID":"13121006500","NAME":"Census Tract 65","AREALAND":3280609},"geometry":{"type":"Polygon","coordinates":[[[-84.4182,33.7049],[-84.4183,33.7027],[-84.4171,33.7027],[-84.416,33.7027],[-84.4156,33.7027],[-84.4155,33.7027],[-84.4153,33.7028],[-84.415,33.7029],[-84.4148,33.7031],[-84.4145,33.7032],[-84.4142,33.7033],[-84.414,33.7033],[-84.4136,33.7034],[-84.4136,33.703],[-84.4136,33.7029],[-84.4135,33.7028],[-84.4135,33.7027],[-84.4134,33.7026],[-84.4132,33.7025],[-84.413,33.7024],[-84.4129,33.7024],[-84.4126,33.7023],[-84.4119,33.7022],[-84.4119,33.7026],[-84.4117,33.7033],[-84.4116,33.7035],[-84.4116,33.7037],[-84.4116,33.7039],[-84.4118,33.7044],[-84.4118,33.7045],[-84.4119,33.7047],[-84.412,33.7048],[-84.4121,33.7049],[-84.4122,33.705],[-84.4122,33.705],[-84.4119,33.7052],[-84.4118,33.7052],[-84.4117,33.7052],[-84.4117,33.7051],[-84.4116,33.7051],[-84.4115,33.705],[-84.4114,33.705],[-84.4113,33.705],[-84.4112,33.7051],[-84.4111,33.7052],[-84.411,33.7052],[-84.4109,33.7052],[-84.4108,33.7052],[-84.4106,33.7053],[-84.41,33.7056],[-84.4099,33.7057],[-84.4098,33.7057],[-84.4097,33.7058],[-84.4096,33.7058],[-84.4095,33.7057],[-84.4093,33.7057],[-84.4092,33.7057],[-84.4091,33.7057],[-84.4088,33.7058],[-84.4085,33.7056],[-84.4081,33.7054],[-84.408,33.7054],[-84.408,33.7073],[-84.4068,33.7073],[-84.4062,33.7073],[-84.4062,33.7063],[-84.406,33.7061],[-84.4051,33.7052],[-84.404,33.7043],[-84.4038,33.7041],[-84.4037,33.7044],[-84.4037,33.7047],[-84.4035,33.7052],[-84.4034,33.7058],[-84.4032,33.7065],[-84.4031,33.7068],[-84.4031,33.7071],[-84.4029,33.7073],[-84.402,33.7099],[-84.4018,33.7104],[-84.4016,33.7108],[-84.4014,33.7113],[-84.4012,33.7117],[-84.4011,33.712],[-84.4008,33.7124],[-84.3996,33.7138],[-84.3993,33.7142],[-84.399,33.7146],[-84.399,33.7147],[-84.3989,33.7148],[-84.3987,33.7152],[-84.3985,33.7158],[-84.3984,33.716],[-84.3981,33.7168],[-84.3979,33.7175],[-84.3972,33.7187],[-84.397,33.7189],[-84.3965,33.7196],[-84.3968,33.7197],[-84.397,33.7198],[-84.398,33.72],[-84.3984,33.7201],[-84.3988,33.7201],[-84.3998,33.7202],[-84.4008,33.7202],[-84.4019,33.7202],[-84.4028,33.7203],[-84.4042,33.7203],[-84.405,33.7203],[-84.406,33.7204],[-84.4063,33.7204],[-84.4072,33.7204],[-84.4079,33.7204],[-84.4085,33.7205],[-84.4088,33.7206],[-84.4093,33.7207],[-84.4093,33.7207],[-84.4095,33.7208],[-84.4103,33.7211],[-84.4107,33.7213],[-84.4109,33.7215],[-84.411,33.7216],[-84.4112,33.7217],[-84.4113,33.7217],[-84.4113,33.7218],[-84.4116,33.7221],[-84.4117,33.7224],[-84.4124,33.7236],[-84.4124,33.7237],[-84.4129,33.7245],[-84.4134,33.7254],[-84.4135,33.7255],[-84.4136,33.7256],[-84.4136,33.7256],[-84.4137,33.7257],[-84.4141,33.7261],[-84.4143,33.7264],[-84.4145,33.7265],[-84.4147,33.7267],[-84.4151,33.7269],[-84.4152,33.727],[-84.4161,33.7275],[-84.4165,33.7277],[-84.4165,33.7277],[-84.4169,33.7273],[-84.4171,33.7271],[-84.4176,33.7266],[-84.418,33.7263],[-84.418,33.7263],[-84.418,33.7245],[-84.418,33.7242],[-84.418,33.7236],[-84.418,33.7222],[-84.418,33.7212],[-84.4181,33.7196],[-84.4181,33.7193],[-84.4181,33.7183],[-84.4181,33.717],[-84.4181,33.7162],[-84.4181,33.7143],[-84.4181,33.7143],[-84.4181,33.7139],[-84.4181,33.7128],[-84.4182,33.7121],[-84.4182,33.7111],[-84.4182,33.7101],[-84.4182,33.7092],[-84.4182,33.7078],[-84.4182,33.7069],[-84.4182,33.7059],[-84.4182,33.705],[-84.4182,33.7049]]]}},{"type":"Feature","id":"13121005700","properties":{"GEOID":"13121005700","NAME":"Census Tract 57","AREALAND":832269},"geometry":{"type":"Polygon","coordinates":[[[-84.4082,33.7382],[-84.4082,33.7381],[-84.4082,33.7379],[-84.4081,33.7369],[-84.4081,33.7361],[-84.4081,33.7344],[-84.4081,33.7336],[-84.4081,33.7328],[-84.4081,33.7319],[-84.4081,33.7312],[-84.408,33.7306],[-84.408,33.7297],[-84.408,33.7293],[-84.408,33.7284],[-84.408,33.7281],[-84.407,33.7281],[-84.406,33.7281],[-84.4048,33.7281],[-84.404,33.7281],[-84.4032,33.7281],[-84.4032,33.7293],[-84.4024,33.7293],[-84.4016,33.7293],[-84.4008,33.7293],[-84.4,33.7293],[-84.3992,33.7293],[-84.3992,33.7281],[-84.3992,33.7277],[-84.3992,33.7269],[-84.3985,33.7269],[-84.3984,33.7269],[-84.3984,33.7266],[-84.398,33.7266],[-84.3979,33.7266],[-84.3976,33.7266],[-84.3967,33.7266],[-84.3962,33.7266],[-84.3958,33.7266],[-84.3958,33.7263],[-84.3944,33.7263],[-84.3944,33.7266],[-84.3944,33.7269],[-84.3947,33.7272],[-84.3952,33.7276],[-84.3962,33.7287],[-84.3965,33.729],[-84.3974,33.7301],[-84.3986,33.7314],[-84.4005,33.7336],[-84.4013,33.7345],[-84.4017,33.7349],[-84.4018,33.735],[-84.4019,33.7352],[-84.4023,33.7356],[-84.4023,33.7356],[-84.4028,33.7361],[-84.4032,33.7364],[-84.4033,33.7364],[-84.4038,33.7368],[-84.4046,33.7374],[-84.4048,33.7376],[-84.4055,33.7382],[-84.4068,33.7382],[-84.4082,33.7382]]]}},{"type":"Feature","id":"13121006300","properties":{"GEOID":"13121006300","NAME":"Census Tract 63","AREALAND":1325764},"geometry":{"type":"Polygon","coordinates":[[[-84.408,33.7281],[-84.4079,33.7272],[-84.4079,33.7259],[-84.4079,33.7257],[-84.4079,33.7247],[-84.4079,33.7235],[-84.4079,33.7222],[-84.4079,33.7204],[-84.4072,33.7204],[-84.4063,33.7204],[-84.406,33.7204],[-84.405,33.7203],[-84.4042,33.7203],[-84.4028,33.7203],[-84.4019,33.7202],[-84.4008,33.7202],[-84.3998,33.7202],[-84.3988,33.7201],[-84.3984,33.7201],[-84.398,33.72],[-84.397,33.7198],[-84.3968,33.7197],[-84.3965,33.7196],[-84.3964,33.7196],[-84.3963,33.7196],[-84.396,33.7195],[-84.3952,33.7193],[-84.395,33.7193],[-84.3948,33.7193],[-84.3942,33.7193],[-84.394,33.7194],[-84.3937,33.7194],[-84.3935,33.7194],[-84.3934,33.7195],[-84.3933,33.7195],[-84.3929,33.7196],[-84.3922,33.7198],[-84.3912,33.7202],[-84.3907,33.7204],[-84.3904,33.7205],[-84.3901,33.7206],[-84.3888,33.7212],[-84.3883,33.7215],[-84.3881,33.7216],[-84.3881,33.7218],[-84.3883,33.7219],[-84.3885,33.7219],[-84.3889,33.7221],[-84.3895,33.7224],[-84.3902,33.7229],[-84.3907,33.7234],[-84.3916,33.7242],[-84.3916,33.7242],[-84.3932,33.7256],[-84.3935,33.7259],[-84.3938,33.7261],[-84.3939,33.7262],[-84.3943,33.7265],[-84.3944,33.7266],[-84.3944,33.7263],[-84.3958,33.7263],[-84.3958,33.7266],[-84.3962,33.7266],[-84.3967,33.7266],[-84.3976,33.7266],[-84.3979,33.7266],[-84.398,33.7266],[-84.3984,33.7266],[-84.3984,33.7269],[-84.3985,33.7269],[-84.3992,33.7269],[-84.3992,33.7277],[-84.3992,33.7281],[-84.3992,33.7293],[-84.4,33.7293],[-84.4008,33.7293],[-84.4016,33.7293],[-84.4024,33.7293],[-84.4032,33.7293],[-84.4032,33.7281],[-84.404,33.7281],[-84.4048,33.7281],[-84.406,33.7281],[-84.407,33.7281],[-84.408,33.7281]]]}},{"type":"Feature","id":"13121006700","properties":{"GEOID":"13121006700","NAME":"Census Tract 67","AREALAND":3381410},"geometry":{"type":"Polygon","coordinates":[[[-84.4036,33.703],[-84.4036,33.7023],[-84.4036,33.7018],[-84.4036,33.6996],[-84.4035,33.6989],[-84.4034,33.6987],[-84.4033,33.6986],[-84.4032,33.6984],[-84.4031,33.6983],[-84.4029,33.6982],[-84.4027,33.6981],[-84.4025,33.6981],[-84.4022,33.6981],[-84.4017,33.6981],[-84.4011,33.6981],[-84.4009,33.6981],[-84.4005,33.6982],[-84.3995,33.6981],[-84.399,33.6981],[-84.3971,33.6982],[-84.3966,33.6982],[-84.3961,33.6982],[-84.3959,33.6982],[-84.3957,33.6983],[-84.3951,33.6983],[-84.3938,33.6985],[-84.3933,33.6985],[-84.393,33.6987],[-84.3928,33.6989],[-84.3927,33.699],[-84.3924,33.6992],[-84.3922,33.6993],[-84.3915,33.6997],[-84.3912,33.6999],[-84.391,33.6999],[-84.3905,33.7001],[-84.3888,33.7006],[-84.3879,33.7008],[-84.3872,33.701],[-84.3871,33.701],[-84.3867,33.7012],[-84.3866,33.7012],[-84.3862,33.7014],[-84.3855,33.7019],[-84.3851,33.7021],[-84.3838,33.7029],[-84.3821,33.7039],[-84.3816,33.7041],[-84.3808,33.7046],[-84.3807,33.7047],[-84.3805,33.7048],[-84.3804,33.7049],[-84.3803,33.7051],[-84.3791,33.705],[-84.3786,33.705],[-84.3785,33.7051],[-84.3785,33.7051],[-84.3772,33.7061],[-84.3764,33.7067],[-84.3753,33.7076],[-84.3749,33.708],[-84.3748,33.7081],[-84.3747,33.7081],[-84.3746,33.7083],[-84.3742,33.7088],[-84.3741,33.709],[-84.3739,33.7093],[-84.3738,33.7096],[-84.3738,33.7099],[-84.3738,33.7099],[-84.3745,33.7102],[-84.375,33.7104],[-84.3754,33.7106],[-84.3758,33.711],[-84.3762,33.7113],[-84.3764,33.7116],[-84.3766,33.7118],[-84.3768,33.7122],[-84.3771,33.7128],[-84.3772,33.713],[-84.3777,33.714],[-84.3781,33.7148],[-84.3784,33.7153],[-84.3785,33.7156],[-84.3786,33.7157],[-84.3791,33.7163],[-84.3792,33.7165],[-84.3795,33.7168],[-84.3799,33.7174],[-84.3806,33.7175],[-84.3806,33.7174],[-84.3806,33.7174],[-84.3799,33.716],[-84.3794,33.7149],[-84.381,33.7146],[-84.383,33.7142],[-84.3828,33.7139],[-84.3827,33.7133],[-84.3837,33.7131],[-84.3854,33.7127],[-84.386,33.7127],[-84.3871,33.7127],[-84.3883,33.7127],[-84.3883,33.7119],[-84.3883,33.7111],[-84.3883,33.7103],[-84.3883,33.7102],[-84.3883,33.7096],[-84.3883,33.7095],[-84.3883,33.7092],[-84.3883,33.7089],[-84.388,33.7082],[-84.3879,33.7071],[-84.3881,33.7062],[-84.3881,33.706],[-84.3881,33.7051],[-84.3885,33.7051],[-84.3889,33.7052],[-84.3891,33.7052],[-84.3895,33.7052],[-84.3899,33.7053],[-84.3903,33.7054],[-84.3906,33.7056],[-84.3908,33.7057],[-84.3908,33.7057],[-84.391,33.7058],[-84.3912,33.706],[-84.3914,33.7062],[-84.3918,33.7067],[-84.3926,33.708],[-84.3927,33.7081],[-84.3928,33.7082],[-84.3931,33.7086],[-84.3931,33.7086],[-84.3932,33.7087],[-84.3934,33.7087],[-84.3935,33.7088],[-84.3935,33.7097],[-84.3935,33.7098],[-84.3935,33.7101],[-84.3935,33.7111],[-84.3935,33.7117],[-84.3935,33.7121],[-84.3935,33.7133],[-84.3935,33.7141],[-84.3934,33.7158],[-84.3934,33.7171],[-84.3934,33.7177],[-84.3934,33.7184],[-84.3934,33.7185],[-84.3934,33.7195],[-84.3935,33.7194],[-84.3937,33.7194],[-84.394,33.7194],[-84.3942,33.7193],[-84.3948,33.7193],[-84.395,33.7193],[-84.3952,33.7193],[-84.396,33.7195],[-84.3963,33.7196],[-84.3964,33.7196],[-84.3965,33.7196],[-84.397,33.7189],[-84.3972,33.7187],[-84.3979,33.7175],[-84.3981,33.7168],[-84.3984,33.716],[-84.3985,33.7158],[-84.3987,33.7152],[-84.3989,33.7148],[-84.399,33.7147],[-84.399,33.7146],[-84.3993,33.7142],[-84.3996,33.7138],[-84.4008,33.7124],[-84.4011,33.712],[-84.4012,33.7117],[-84.4014,33.7113],[-84.4016,33.7108],[-84.4018,33.7104],[-84.402,33.7099],[-84.4029,33.7073],[-84.4031,33.7071],[-84.4031,33.7068],[-84.4032,33.7065],[-84.4034,33.7058],[-84.4035,33.7052],[-84.4036,33.7039],[-84.4036,33.703]]]}},{"type":"Feature","id":"13121007001","properties":{"GEOID":"13121007001","NAME":"Census Tract 70.01","AREALAND":4561614},"geometry":{"type":"Polygon","coordinates":[[[-84.4047,33.6966],[-84.4048,33.6962],[-84.4047,33.6958],[-84.4046,33.6954],[-84.4046,33.6953],[-84.4045,33.695],[-84.4043,33.6946],[-84.4036,33.6934],[-84.4022,33.6918],[-84.4018,33.6912],[-84.4001,33.6891],[-84.3996,33.6884],[-84.3993,33.688],[-84.3991,33.6876],[-84.399,33.6872],[-84.3988,33.6864],[-84.3987,33.686],[-84.3987,33.6859],[-84.3986,33.6851],[-84.3987,33.6845],[-84.3986,33.6838],[-84.3986,33.6824],[-84.3986,33.682],[-84.3984,33.6812],[-84.3984,33.6812],[-84.3984,33.6811],[-84.3984,33.6811],[-84.3979,33.6811],[-84.3963,33.6811],[-84.3937,33.6811],[-84.3931,33.6811],[-84.3903,33.6811],[-84.3888,33.6811],[-84.3876,33.6811],[-84.3843,33.681],[-84.3843,33.6813],[-84.3843,33.6816],[-84.3842,33.6819],[-84.3842,33.682],[-84.384,33.6821],[-84.3824,33.6835],[-84.3821,33.6836],[-84.3803,33.6842],[-84.3801,33.6843],[-84.3799,33.6844],[-84.3798,33.6845],[-84.3797,33.6846],[-84.3796,33.6847],[-84.3788,33.6863],[-84.3784,33.6871],[-84.3783,33.6872],[-84.3782,33.6874],[-84.3778,33.6877],[-84.3772,33.6882],[-84.3771,33.6883],[-84.3769,33.6884],[-84.3766,33.6886],[-84.3765,33.6887],[-84.3763,33.6888],[-84.3761,33.6888],[-84.3759,33.6888],[-84.3743,33.6888],[-84.3742,33.6888],[-84.3739,33.6888],[-84.3739,33.6905],[-84.3739,33.6915],[-84.3738,33.6937],[-84.3738,33.6947],[-84.3738,33.6956],[-84.3738,33.6966],[-84.3738,33.6968],[-84.3739,33.6969],[-84.3761,33.6969],[-84.3781,33.6969],[-84.379,33.697],[-84.3804,33.697],[-84.3803,33.698],[-84.3815,33.698],[-84.3815,33.6988],[-84.3816,33.6991],[-84.3816,33.6992],[-84.3815,33.7012],[-84.3815,33.7017],[-84.3815,33.7021],[-84.3821,33.7022],[-84.3826,33.7022],[-84.3832,33.7023],[-84.3836,33.7024],[-84.3838,33.7024],[-84.384,33.7024],[-84.3841,33.7024],[-84.3843,33.7023],[-84.3845,33.7022],[-84.3848,33.702],[-84.385,33.7019],[-84.3851,33.7019],[-84.3852,33.7019],[-84.3854,33.7018],[-84.3855,33.7019],[-84.3862,33.7014],[-84.3866,33.7012],[-84.3867,33.7012],[-84.3871,33.701],[-84.3872,33.701],[-84.3879,33.7008],[-84.3888,33.7006],[-84.3905,33.7001],[-84.391,33.6999],[-84.3912,33.6999],[-84.3915,33.6997],[-84.3922,33.6993],[-84.3924,33.6992],[-84.3927,33.699],[-84.3928,33.6989],[-84.393,33.6987],[-84.3933,33.6985],[-84.3938,33.6985],[-84.3951,33.6983],[-84.3957,33.6983],[-84.3959,33.6982],[-84.3961,33.6982],[-84.3966,33.6982],[-84.3971,33.6982],[-84.399,33.6981],[-84.3995,33.6981],[-84.4005,33.6982],[-84.4009,33.6981],[-84.4011,33.6981],[-84.4017,33.6981],[-84.4022,33.6981],[-84.4025,33.6981],[-84.4027,33.6981],[-84.4029,33.6982],[-84.4031,33.6983],[-84.4032,33.6984],[-84.4033,33.6986],[-84.4034,33.6987],[-84.4035,33.6989],[-84.4036,33.6996],[-84.4036,33.7018],[-84.4036,33.7023],[-84.4036,33.703],[-84.4036,33.7039],[-84.4035,33.7052],[-84.4037,33.7047],[-84.4037,33.7044],[-84.4038,33.7041],[-84.4038,33.7041],[-84.4038,33.7039],[-84.4038,33.7035],[-84.4038,33.7031],[-84.4039,33.7031],[-84.4038,33.7026],[-84.4038,33.7024],[-84.404,33.7008],[-84.4041,33.6997],[-84.4043,33.699],[-84.4043,33.6989],[-84.4044,33.6986],[-84.4047,33.6971],[-84.4047,33.697],[-84.4047,33.6969],[-84.4047,33.6966]]]}},{"type":"Feature","id":"13121005502","properties":{"GEOID":"13121005502","NAME":"Census Tract 55.02","AREALAND":1702168},"geometry":{"type":"Polygon","coordinates":[[[-84.3935,33.7097],[-84.3935,33.7088],[-84.3934,33.7087],[-84.3932,33.7087],[-84.3931,33.7086],[-84.3931,33.7086],[-84.3928,33.7082],[-84.3927,33.7081],[-84.3926,33.708],[-84.3918,33.7067],[-84.3914,33.7062],[-84.3912,33.706],[-84.391,33.7058],[-84.3908,33.7057],[-84.3908,33.7057],[-84.3906,33.7056],[-84.3903,33.7054],[-84.3899,33.7053],[-84.3895,33.7052],[-84.3891,33.7052],[-84.3889,33.7052],[-84.3885,33.7051],[-84.3881,33.7051],[-84.3881,33.706],[-84.3881,33.7062],[-84.3879,33.7071],[-84.388,33.7082],[-84.3883,33.7089],[-84.3883,33.7092],[-84.3883,33.7095],[-84.3883,33.7096],[-84.3883,33.7102],[-84.3883,33.7103],[-84.3883,33.7111],[-84.3883,33.7119],[-84.3883,33.7127],[-84.3871,33.7127],[-84.386,33.7127],[-84.3854,33.7127],[-84.3837,33.7131],[-84.3827,33.7133],[-84.3828,33.7139],[-84.383,33.7142],[-84.381,33.7146],[-84.3794,33.7149],[-84.3799,33.716],[-84.3806,33.7174],[-84.3806,33.7174],[-84.3806,33.7175],[-84.3799,33.7174],[-84.3797,33.7173],[-84.3795,33.7173],[-84.3793,33.7172],[-84.3785,33.7169],[-84.3788,33.7174],[-84.3788,33.719],[-84.3787,33.7201],[-84.3787,33.7205],[-84.3787,33.721],[-84.3787,33.722],[-84.3786,33.7243],[-84.3789,33.7243],[-84.3798,33.7243],[-84.3809,33.7243],[-84.3815,33.7243],[-84.382,33.7242],[-84.3821,33.7242],[-84.3823,33.7242],[-84.3825,33.7241],[-84.3827,33.7241],[-84.3829,33.724],[-84.3836,33.7238],[-84.3836,33.7238],[-84.3838,33.7238],[-84.3851,33.7232],[-84.3869,33.7223],[-84.3878,33.7219],[-84.3879,33.7218],[-84.3881,33.7218],[-84.3881,33.7216],[-84.3883,33.7215],[-84.3888,33.7212],[-84.3901,33.7206],[-84.3904,33.7205],[-84.3907,33.7204],[-84.3912,33.7202],[-84.3922,33.7198],[-84.3929,33.7196],[-84.3933,33.7195],[-84.3934,33.7195],[-84.3934,33.7185],[-84.3934,33.7184],[-84.3934,33.7177],[-84.3934,33.7171],[-84.3934,33.7158],[-84.3935,33.7141],[-84.3935,33.7133],[-84.3935,33.7121],[-84.3935,33.7117],[-84.3935,33.7111],[-84.3935,33.7101],[-84.3935,33.7098],[-84.3935,33.7097]]]}},{"type":"Feature","id":"13121005300","properties":{"GEOID":"13121005300","NAME":"Census Tract 53","AREALAND":2215221},"geometry":{"type":"Polygon","coordinates":[[[-84.3799,33.7315],[-84.38,33.7303],[-84.3785,33.7303],[-84.3785,33.7291],[-84.3785,33.7284],[-84.3785,33.7274],[-84.3786,33.7265],[-84.3786,33.7243],[-84.3779,33.7243],[-84.3766,33.7243],[-84.3764,33.7243],[-84.3757,33.7243],[-84.3754,33.7243],[-84.3753,33.7243],[-84.3752,33.7243],[-84.375,33.7243],[-84.3748,33.7243],[-84.3745,33.7244],[-84.374,33.7245],[-84.3734,33.7246],[-84.3721,33.7251],[-84.3714,33.7253],[-84.3708,33.7255],[-84.3695,33.7259],[-84.3684,33.7262],[-84.3682,33.7263],[-84.3679,33.7264],[-84.3678,33.7264],[-84.3672,33.7266],[-84.3668,33.7268],[-84.3664,33.7269],[-84.3662,33.7269],[-84.3657,33.7272],[-84.3656,33.7272],[-84.3654,33.7273],[-84.3653,33.7273],[-84.3648,33.7276],[-84.3646,33.7277],[-84.364,33.7281],[-84.3638,33.7283],[-84.3636,33.7284],[-84.3632,33.7287],[-84.3632,33.7288],[-84.3629,33.7291],[-84.3624,33.7295],[-84.362,33.7301],[-84.3617,33.7305],[-84.3615,33.7307],[-84.3613,33.7313],[-84.3611,33.7316],[-84.361,33.7318],[-84.3609,33.7321],[-84.3606,33.7326],[-84.3605,33.7328],[-84.3603,33.7337],[-84.3599,33.7349],[-84.3598,33.7352],[-84.3593,33.7365],[-84.3602,33.7365],[-84.3611,33.7365],[-84.3628,33.7366],[-84.364,33.7366],[-84.365,33.7368],[-84.3652,33.7368],[-84.3667,33.7368],[-84.3682,33.7368],[-84.3682,33.7372],[-84.3696,33.7372],[-84.3699,33.7371],[-84.3698,33.7386],[-84.3698,33.7398],[-84.3698,33.7411],[-84.3698,33.7416],[-84.372,33.7416],[-84.3736,33.7416],[-84.3736,33.7412],[-84.3736,33.74],[-84.3736,33.7388],[-84.3736,33.7377],[-84.3736,33.7366],[-84.3751,33.7366],[-84.3765,33.7367],[-84.3775,33.7367],[-84.3784,33.7367],[-84.3799,33.7367],[-84.3799,33.7365],[-84.3799,33.7355],[-84.3799,33.7343],[-84.3799,33.7331],[-84.3799,33.7323],[-84.3799,33.7315]]]}},{"type":"Feature","id":"13121010108","properties":{"GEOID":"13121010108","NAME":"Census Tract 101.08","AREALAND":4966018},"geometry":{"type":"Polygon","coordinates":[[[-84.3025,33.9627],[-84.3025,33.9618],[-84.3025,33.9601],[-84.301,33.9595],[-84.3009,33.9595],[-84.3006,33.9594],[-84.3003,33.9594],[-84.3001,33.9594],[-84.2998,33.9593],[-84.2995,33.9594],[-84.2991,33.9595],[-84.2987,33.9597],[-84.2986,33.9597],[-84.2983,33.9598],[-84.298,33.9598],[-84.2978,33.9598],[-84.297,33.9598],[-84.2968,33.9598],[-84.2965,33.9598],[-84.2963,33.9597],[-84.2951,33.9598],[-84.2949,33.9598],[-84.2945,33.9598],[-84.2941,33.9597],[-84.2935,33.9596],[-84.2934,33.9595],[-84.293,33.9594],[-84.2926,33.9592],[-84.292,33.9588],[-84.2918,33.9587],[-84.2911,33.9584],[-84.2909,33.9583],[-84.2906,33.9583],[-84.2906,33.9582],[-84.2902,33.9582],[-84.2898,33.9581],[-84.2887,33.958],[-84.2887,33.958],[-84.2885,33.958],[-84.288,33.9579],[-84.2878,33.9579],[-84.2875,33.9577],[-84.2869,33.9575],[-84.2862,33.9572],[-84.2861,33.9571],[-84.2849,33.9566],[-84.2846,33.9565],[-84.2843,33.9564],[-84.2843,33.9564],[-84.2839,33.9563],[-84.2836,33.9563],[-84.2835,33.9563],[-84.2827,33.9562],[-84.2823,33.9562],[-84.2805,33.956],[-84.279,33.957],[-84.2787,33.9571],[-84.2784,33.9573],[-84.2781,33.9574],[-84.2777,33.9576],[-84.2773,33.9578],[-84.2771,33.9576],[-84.2771,33.9576],[-84.2769,33.9577],[-84.2769,33.9577],[-84.2768,33.9577],[-84.2764,33.9578],[-84.2763,33.9578],[-84.2752,33.9581],[-84.2741,33.9583],[-84.2741,33.9584],[-84.2737,33.9588],[-84.273,33.9594],[-84.2725,33.9588],[-84.2724,33.9589],[-84.2719,33.9593],[-84.2717,33.9594],[-84.2715,33.9595],[-84.2712,33.9598],[-84.2707,33.9602],[-84.2694,33.961],[-84.2691,33.9613],[-84.2688,33.9615],[-84.2687,33.9616],[-84.2685,33.9619],[-84.2684,33.9622],[-84.2683,33.9624],[-84.2677,33.9635],[-84.2676,33.9638],[-84.2676,33.9638],[-84.2673,33.9639],[-84.2666,33.9642],[-84.2657,33.9646],[-84.2655,33.9648],[-84.2652,33.9649],[-84.2647,33.9652],[-84.2644,33.9653],[-84.2641,33.9655],[-84.2634,33.9659],[-84.2629,33.9661],[-84.2622,33.9665],[-84.2613,33.967],[-84.2602,33.9676],[-84.2598,33.9677],[-84.2594,33.9678],[-84.2591,33.9679],[-84.2591,33.9679],[-84.2589,33.968],[-84.2583,33.9681],[-84.2581,33.9682],[-84.2582,33.9682],[-84.2585,33.9684],[-84.2601,33.9699],[-84.2604,33.9702],[-84.2608,33.9706],[-84.2609,33.9707],[-84.261,33.9709],[-84.2611,33.971],[-84.2613,33.9713],[-84.2617,33.972],[-84.262,33.9724],[-84.2622,33.9727],[-84.2625,33.9732],[-84.2627,33.9734],[-84.2627,33.9734],[-84.2628,33.9737],[-84.2633,33.9733],[-84.2657,33.9722],[-84.2663,33.972],[-84.2667,33.972],[-84.2673,33.9721],[-84.2679,33.9723],[-84.2682,33.9724],[-84.2698,33.9732],[-84.2706,33.9737],[-84.2718,33.9742],[-84.2721,33.9742],[-84.2721,33.9745],[-84.2721,33.9749],[-84.2724,33.9752],[-84.2724,33.9752],[-84.2724,33.9753],[-84.2738,33.9785],[-84.2756,33.9797],[-84.2766,33.9801],[-84.2774,33.9801],[-84.2781,33.9798],[-84.2798,33.978],[-84.2801,33.9778],[-84.2803,33.9776],[-84.2802,33.9775],[-84.2799,33.9769],[-84.2797,33.9767],[-84.2797,33.9766],[-84.2797,33.9766],[-84.2796,33.9765],[-84.2796,33.9764],[-84.2793,33.9758],[-84.2793,33.9758],[-84.2792,33.9757],[-84.2791,33.9755],[-84.2789,33.9754],[-84.2788,33.9753],[-84.2788,33.9752],[-84.2788,33.9751],[-84.279,33.9749],[-84.2792,33.9748],[-84.2792,33.9747],[-84.2792,33.9745],[-84.2793,33.9744],[-84.2794,33.9743],[-84.2795,33.9742],[-84.2796,33.9741],[-84.2801,33.9738],[-84.2804,33.9736],[-84.2805,33.9734],[-84.2805,33.9733],[-84.2805,33.9732],[-84.2803,33.973],[-84.2802,33.9729],[-84.2804,33.9727],[-84.2807,33.9726],[-84.2809,33.9726],[-84.281,33.9726],[-84.2812,33.9725],[-84.2815,33.9725],[-84.2826,33.9721],[-84.2832,33.972],[-84.2836,33.9719],[-84.2839,33.9719],[-84.2841,33.9718],[-84.2842,33.9718],[-84.2843,33.9718],[-84.2845,33.9717],[-84.2849,33.9716],[-84.285,33.9715],[-84.2851,33.9714],[-84.2852,33.9713],[-84.2852,33.9712],[-84.2853,33.9711],[-84.2855,33.9711],[-84.2855,33.9711],[-84.2855,33.9711],[-84.2856,33.9711],[-84.2857,33.971],[-84.2858,33.9711],[-84.2857,33.9711],[-84.2857,33.9711],[-84.2857,33.9712],[-84.2858,33.9712],[-84.2859,33.9713],[-84.286,33.9715],[-84.2861,33.9716],[-84.2861,33.9716],[-84.2862,33.9716],[-84.2863,33.9715],[-84.2865,33.9715],[-84.2869,33.9712],[-84.2871,33.9711],[-84.2871,33.971],[-84.2872,33.9709],[-84.2872,33.9708],[-84.2872,33.9707],[-84.2873,33.9706],[-84.2874,33.9706],[-84.2874,33.9706],[-84.2874,33.9705],[-84.2874,33.9705],[-84.2875,33.9704],[-84.2876,33.9704],[-84.2876,33.9704],[-84.2876,33.9704],[-84.2876,33.9703],[-84.2875,33.9702],[-84.2875,33.9701],[-84.2875,33.9701],[-84.2879,33.9701],[-84.288,33.9701],[-84.2881,33.97],[-84.2881,33.97],[-84.2882,33.9699],[-84.2885,33.9697],[-84.2887,33.9696],[-84.2889,33.9696],[-84.289,33.9697],[-84.2892,33.9697],[-84.2894,33.9697],[-84.2895,33.9696],[-84.2898,33.9694],[-84.2899,33.9693],[-84.2901,33.9691],[-84.2902,33.969],[-84.2903,33.9688],[-84.2904,33.9687],[-84.2905,33.9686],[-84.2905,33.9684],[-84.2905,33.9684],[-84.2906,33.9684],[-84.2907,33.9683],[-84.2909,33.968],[-84.2909,33.968],[-84.291,33.9679],[-84.2912,33.9676],[-84.2912,33.9675],[-84.2913,33.9675],[-84.2914,33.9673],[-84.2914,33.9672],[-84.2915,33.9672],[-84.2918,33.967],[-84.2921,33.9669],[-84.2923,33.9668],[-84.2925,33.9667],[-84.2926,33.9666],[-84.2928,33.9666],[-84.293,33.9665],[-84.2931,33.9665],[-84.2936,33.9662],[-84.2938,33.9661],[-84.2941,33.9659],[-84.2942,33.9658],[-84.2946,33.9656],[-84.2947,33.9655],[-84.2949,33.9654],[-84.295,33.9652],[-84.295,33.9651],[-84.295,33.965],[-84.2963,33.9651],[-84.2975,33.9651],[-84.3008,33.9652],[-84.3009,33.9652],[-84.3017,33.964],[-84.3019,33.9638],[-84.3023,33.9632],[-84.3024,33.9631],[-84.3025,33.963],[-84.3025,33.9628],[-84.3025,33.9627]]]}},{"type":"Feature","id":"13121009102","properties":{"GEOID":"13121009102","NAME":"Census Tract 91.02","AREALAND":1571987},"geometry":{"type":"Polygon","coordinates":[[[-84.3939,33.8064],[-84.3939,33.8062],[-84.3939,33.8058],[-84.3938,33.8056],[-84.3938,33.8056],[-84.3937,33.8052],[-84.3936,33.8049],[-84.3935,33.8048],[-84.3932,33.8039],[-84.393,33.8034],[-84.393,33.8034],[-84.393,33.8034],[-84.393,33.8033],[-84.3929,33.803],[-84.3929,33.8028],[-84.3928,33.8027],[-84.3928,33.8024],[-84.3927,33.8022],[-84.3927,33.802],[-84.3927,33.8015],[-84.3927,33.8013],[-84.3927,33.801],[-84.3926,33.8007],[-84.3925,33.8004],[-84.3924,33.8002],[-84.3923,33.7999],[-84.3922,33.7998],[-84.3922,33.7997],[-84.3921,33.7997],[-84.3916,33.8001],[-84.3903,33.8009],[-84.3893,33.8014],[-84.3886,33.802],[-84.3876,33.8026],[-84.3863,33.8035],[-84.3854,33.8042],[-84.3854,33.8042],[-84.3853,33.8043],[-84.3848,33.8046],[-84.3845,33.8048],[-84.3837,33.8054],[-84.3821,33.8065],[-84.3812,33.8072],[-84.381,33.8073],[-84.381,33.8073],[-84.3798,33.8082],[-84.3791,33.8088],[-84.3783,33.8096],[-84.3776,33.8106],[-84.3771,33.8114],[-84.3766,33.8121],[-84.3758,33.8131],[-84.3758,33.8132],[-84.3753,33.8139],[-84.3749,33.8143],[-84.3746,33.8148],[-84.3742,33.8154],[-84.374,33.8156],[-84.374,33.8157],[-84.374,33.8158],[-84.3743,33.8158],[-84.3748,33.8158],[-84.3752,33.8158],[-84.3757,33.8158],[-84.3759,33.8157],[-84.3762,33.8157],[-84.3764,33.8156],[-84.3765,33.8156],[-84.3767,33.8155],[-84.3768,33.8154],[-84.3779,33.815],[-84.3782,33.8148],[-84.3788,33.8146],[-84.3794,33.8144],[-84.3802,33.8142],[-84.3809,33.8139],[-84.3816,33.8137],[-84.3821,33.8136],[-84.3825,33.8134],[-84.383,33.8135],[-84.3831,33.8135],[-84.3832,33.8135],[-84.3833,33.8135],[-84.3834,33.8135],[-84.3836,33.8134],[-84.3841,33.8133],[-84.3843,33.8132],[-84.3846,33.8131],[-84.3849,33.8131],[-84.3852,33.813],[-84.3853,33.813],[-84.3854,33.813],[-84.3855,33.813],[-84.3856,33.813],[-84.3857,33.8129],[-84.3858,33.8129],[-84.3859,33.8129],[-84.3861,33.8127],[-84.3862,33.8127],[-84.3863,33.8126],[-84.3863,33.8126],[-84.3864,33.8125],[-84.3865,33.8125],[-84.3866,33.8124],[-84.3867,33.8124],[-84.3868,33.8124],[-84.3874,33.8124],[-84.3875,33.8125],[-84.3876,33.8125],[-84.3877,33.8126],[-84.3877,33.8127],[-84.3878,33.8127],[-84.3878,33.8128],[-84.3878,33.8129],[-84.3878,33.813],[-84.3879,33.8131],[-84.3881,33.8134],[-84.3881,33.8135],[-84.3882,33.8135],[-84.3883,33.8137],[-84.3885,33.8138],[-84.3887,33.8139],[-84.3888,33.8139],[-84.3889,33.814],[-84.389,33.814],[-84.3894,33.8142],[-84.39,33.8146],[-84.3901,33.8146],[-84.3902,33.8147],[-84.3902,33.8148],[-84.3903,33.8148],[-84.3903,33.8149],[-84.3903,33.815],[-84.3902,33.8151],[-84.3901,33.8153],[-84.3899,33.8155],[-84.3894,33.816],[-84.3892,33.8162],[-84.3888,33.8166],[-84.3885,33.8169],[-84.3885,33.817],[-84.3885,33.817],[-84.3885,33.8171],[-84.3885,33.8172],[-84.3885,33.8173],[-84.3886,33.8174],[-84.3886,33.8175],[-84.3888,33.8175],[-84.3891,33.8177],[-84.3891,33.8176],[-84.3891,33.8176],[-84.3892,33.8174],[-84.3894,33.8172],[-84.3897,33.8168],[-84.3901,33.8164],[-84.3903,33.8162],[-84.3905,33.816],[-84.3908,33.8158],[-84.3911,33.8156],[-84.3913,33.8154],[-84.3915,33.8152],[-84.3916,33.815],[-84.3918,33.8148],[-84.392,33.8143],[-84.3922,33.8137],[-84.3922,33.8137],[-84.3924,33.8132],[-84.3924,33.8131],[-84.3924,33.8129],[-84.3924,33.8127],[-84.3923,33.8126],[-84.3922,33.8123],[-84.3922,33.8122],[-84.3922,33.8119],[-84.3922,33.8117],[-84.3922,33.8116],[-84.3923,33.8114],[-84.3924,33.8109],[-84.3928,33.8101],[-84.3928,33.8099],[-84.3929,33.8097],[-84.393,33.8096],[-84.3935,33.8083],[-84.3936,33.8078],[-84.3938,33.8072],[-84.3938,33.8067],[-84.3939,33.8064]]]}},{"type":"Feature","id":"13121001202","properties":{"GEOID":"13121001202","NAME":"Census Tract 12.02","AREALAND":481228},"geometry":{"type":"Polygon","coordinates":[[[-84.3878,33.782],[-84.3878,33.7817],[-84.3878,33.7815],[-84.3878,33.7813],[-84.3877,33.7812],[-84.3875,33.7807],[-84.3874,33.7804],[-84.3873,33.7802],[-84.3873,33.78],[-84.3873,33.7795],[-84.3873,33.7787],[-84.3873,33.778],[-84.3873,33.7775],[-84.3873,33.7768],[-84.3873,33.7763],[-84.3873,33.7759],[-84.3873,33.7751],[-84.3873,33.7738],[-84.3874,33.7723],[-84.3874,33.7715],[-84.3874,33.7713],[-84.3873,33.7713],[-84.3872,33.7713],[-84.3869,33.7713],[-84.3861,33.7713],[-84.385,33.7713],[-84.3836,33.7713],[-84.3834,33.7713],[-84.3834,33.7714],[-84.3833,33.7724],[-84.3832,33.7736],[-84.3831,33.7748],[-84.383,33.776],[-84.3829,33.7762],[-84.3829,33.7768],[-84.3828,33.7772],[-84.3828,33.7776],[-84.3827,33.7784],[-84.3826,33.7795],[-84.3826,33.7803],[-84.3826,33.7806],[-84.3826,33.7808],[-84.3826,33.781],[-84.3826,33.7812],[-84.3825,33.7817],[-84.3826,33.7817],[-84.3832,33.7817],[-84.3838,33.7817],[-84.384,33.7817],[-84.3844,33.7817],[-84.3845,33.7817],[-84.3847,33.7816],[-84.3849,33.7816],[-84.385,33.7819],[-84.385,33.7819],[-84.3863,33.782],[-84.3864,33.782],[-84.3878,33.782]]]}},{"type":"Feature","id":"13121003000","properties":{"GEOID":"13121003000","NAME":"Census Tract 30","AREALAND":1183370},"geometry":{"type":"Polygon","coordinates":[[[-84.3669,33.7527],[-84.367,33.7526],[-84.3656,33.753],[-84.3638,33.7534],[-84.3634,33.7535],[-84.362,33.7538],[-84.361,33.754],[-84.3594,33.7542],[-84.3585,33.7544],[-84.3582,33.7544],[-84.3573,33.7547],[-84.3568,33.7549],[-84.3565,33.755],[-84.3558,33.7553],[-84.3555,33.7555],[-84.3551,33.7557],[-84.3545,33.7561],[-84.3538,33.7566],[-84.3535,33.7569],[-84.3529,33.7574],[-84.3513,33.7586],[-84.3509,33.7589],[-84.3506,33.7591],[-84.3502,33.7594],[-84.35,33.7595],[-84.3499,33.7595],[-84.3493,33.7599],[-84.3492,33.7599],[-84.3492,33.76],[-84.3492,33.76],[-84.3492,33.7602],[-84.3492,33.7603],[-84.3492,33.7618],[-84.3492,33.7619],[-84.3492,33.7622],[-84.3492,33.7622],[-84.3492,33.765],[-84.3492,33.765],[-84.3492,33.7653],[-84.3492,33.7655],[-84.3498,33.7649],[-84.3503,33.7646],[-84.3522,33.7631],[-84.3531,33.7639],[-84.3535,33.7644],[-84.3536,33.7644],[-84.3537,33.7642],[-84.3538,33.7643],[-84.3547,33.765],[-84.3547,33.7651],[-84.3553,33.7646],[-84.3556,33.7643],[-84.3558,33.7642],[-84.356,33.7641],[-84.3573,33.7634],[-84.3579,33.763],[-84.3581,33.7629],[-84.3601,33.7618],[-84.3606,33.7615],[-84.3607,33.7615],[-84.3609,33.7614],[-84.3611,33.7614],[-84.3613,33.7613],[-84.3617,33.7613],[-84.3626,33.7607],[-84.3629,33.7605],[-84.3635,33.76],[-84.364,33.7595],[-84.3641,33.7594],[-84.3642,33.7593],[-84.3645,33.7587],[-84.3646,33.7585],[-84.3647,33.7583],[-84.3649,33.7576],[-84.365,33.7573],[-84.3654,33.7549],[-84.3656,33.7543],[-84.3656,33.7542],[-84.3658,33.7539],[-84.3663,33.7533],[-84.3663,33.7532],[-84.3666,33.753],[-84.3668,33.7528],[-84.3669,33.7527]]]}},{"type":"Feature","id":"13121001400","properties":{"GEOID":"13121001400","NAME":"Census Tract 14","AREALAND":722972},"geometry":{"type":"Polygon","coordinates":[[[-84.3676,33.7812],[-84.3678,33.7812],[-84.3673,33.7806],[-84.3672,33.7805],[-84.3666,33.7795],[-84.3665,33.7794],[-84.3661,33.7788],[-84.366,33.7787],[-84.3659,33.7784],[-84.3657,33.7778],[-84.3656,33.7777],[-84.3655,33.7771],[-84.3654,33.7768],[-84.365,33.7747],[-84.3646,33.7734],[-84.3642,33.7718],[-84.364,33.7713],[-84.3639,33.7711],[-84.363,33.7711],[-84.3623,33.7711],[-84.3612,33.7711],[-84.361,33.7711],[-84.3609,33.7711],[-84.3595,33.7711],[-84.3594,33.7711],[-84.3594,33.7715],[-84.3594,33.7716],[-84.3595,33.7718],[-84.3595,33.772],[-84.3596,33.7721],[-84.3596,33.7722],[-84.3598,33.7727],[-84.3599,33.7728],[-84.3599,33.773],[-84.3599,33.7731],[-84.3599,33.7733],[-84.3599,33.7738],[-84.3587,33.7738],[-84.3587,33.7746],[-84.3587,33.7754],[-84.3587,33.7767],[-84.3587,33.7779],[-84.3587,33.7782],[-84.3587,33.7789],[-84.3587,33.7792],[-84.3587,33.78],[-84.3587,33.781],[-84.3587,33.782],[-84.3587,33.7821],[-84.3593,33.782],[-84.3602,33.782],[-84.3614,33.7819],[-84.3619,33.7819],[-84.3635,33.7817],[-84.3648,33.7817],[-84.3666,33.7815],[-84.3669,33.7815],[-84.3671,33.7814],[-84.3673,33.7814],[-84.3676,33.7812]]]}},{"type":"Feature","id":"13121001700","properties":{"GEOID":"13121001700","NAME":"Census Tract 17","AREALAND":1247839},"geometry":{"type":"Polygon","coordinates":[[[-84.3742,33.7626],[-84.3743,33.7614],[-84.372,33.7614],[-84.3705,33.7613],[-84.3699,33.7613],[-84.3692,33.7613],[-84.3678,33.7613],[-84.3671,33.7613],[-84.367,33.7613],[-84.3669,33.7613],[-84.3663,33.7613],[-84.3655,33.7613],[-84.3642,33.7613],[-84.3628,33.7613],[-84.3622,33.7613],[-84.3617,33.7613],[-84.3611,33.7618],[-84.3607,33.7622],[-84.3604,33.7625],[-84.3602,33.7627],[-84.3601,33.763],[-84.36,33.7631],[-84.36,33.7631],[-84.3598,33.7636],[-84.3596,33.7641],[-84.3596,33.7643],[-84.3596,33.7645],[-84.3596,33.7645],[-84.3596,33.7646],[-84.3596,33.7651],[-84.3597,33.7657],[-84.3598,33.7658],[-84.36,33.7663],[-84.3605,33.767],[-84.3609,33.7674],[-84.3614,33.7679],[-84.3623,33.7688],[-84.3625,33.769],[-84.3627,33.7693],[-84.363,33.7697],[-84.3635,33.7703],[-84.3639,33.7711],[-84.3649,33.7711],[-84.3677,33.7711],[-84.3689,33.7711],[-84.3703,33.7712],[-84.3718,33.7712],[-84.3728,33.7712],[-84.3728,33.7711],[-84.3729,33.7699],[-84.373,33.7693],[-84.3731,33.7687],[-84.3732,33.7679],[-84.3732,33.7676],[-84.3734,33.7663],[-84.3735,33.7655],[-84.3735,33.7649],[-84.3736,33.7641],[-84.3737,33.764],[-84.3742,33.7628],[-84.3742,33.7627],[-84.3742,33.7626]]]}},{"type":"Feature","id":"13121002600","properties":{"GEOID":"13121002600","NAME":"Census Tract 26","AREALAND":956196},"geometry":{"type":"Polygon","coordinates":[[[-84.4079,33.7555],[-84.4079,33.7547],[-84.4077,33.7547],[-84.4076,33.7547],[-84.4075,33.7547],[-84.4071,33.7547],[-84.4069,33.7547],[-84.4065,33.7547],[-84.4055,33.7546],[-84.4041,33.7546],[-84.4028,33.7546],[-84.4028,33.7539],[-84.4026,33.7539],[-84.4015,33.7539],[-84.4008,33.7538],[-84.4006,33.7538],[-84.3997,33.7538],[-84.3996,33.7538],[-84.399,33.7538],[-84.3987,33.7538],[-84.3984,33.7538],[-84.3982,33.7537],[-84.3981,33.7537],[-84.398,33.7536],[-84.398,33.7536],[-84.3976,33.7534],[-84.3976,33.7539],[-84.3976,33.7541],[-84.3976,33.7545],[-84.3977,33.7547],[-84.3977,33.7556],[-84.3977,33.7557],[-84.3977,33.7558],[-84.3977,33.7562],[-84.3977,33.758],[-84.3977,33.7603],[-84.3977,33.7616],[-84.3977,33.7619],[-84.3977,33.7622],[-84.3977,33.7624],[-84.3977,33.7625],[-84.3978,33.7627],[-84.3978,33.7628],[-84.3978,33.763],[-84.3979,33.7634],[-84.3981,33.7634],[-84.3982,33.7634],[-84.4001,33.7634],[-84.4001,33.7634],[-84.4011,33.7634],[-84.4015,33.7634],[-84.4017,33.7634],[-84.402,33.7634],[-84.4028,33.7634],[-84.4029,33.7634],[-84.4037,33.7634],[-84.404,33.7634],[-84.4052,33.7634],[-84.4064,33.7634],[-84.4078,33.7634],[-84.4078,33.7628],[-84.4078,33.7622],[-84.4078,33.7612],[-84.4078,33.7611],[-84.4078,33.7601],[-84.4078,33.7593],[-84.4078,33.7587],[-84.4078,33.7581],[-84.4078,33.7575],[-84.4078,33.7569],[-84.4078,33.7564],[-84.4079,33.7555]]]}},{"type":"Feature","id":"13121001500","properties":{"GEOID":"13121001500","NAME":"Census Tract 15","AREALAND":1134831},"geometry":{"type":"Polygon","coordinates":[[[-84.3599,33.7733],[-84.3599,33.7731],[-84.3599,33.773],[-84.3599,33.7728],[-84.3598,33.7727],[-84.3596,33.7722],[-84.3596,33.7721],[-84.3595,33.772],[-84.3595,33.7718],[-84.3594,33.7716],[-84.3594,33.7715],[-84.3594,33.7711],[-84.3587,33.7711],[-84.3574,33.7711],[-84.3544,33.7711],[-84.3537,33.7711],[-84.3525,33.7711],[-84.3521,33.7711],[-84.3508,33.7711],[-84.3499,33.7711],[-84.349,33.7711],[-84.349,33.7717],[-84.349,33.7723],[-84.349,33.7724],[-84.349,33.7738],[-84.349,33.7744],[-84.349,33.7744],[-84.3489,33.775],[-84.3489,33.775],[-84.3487,33.7753],[-84.3487,33.7754],[-84.3484,33.7757],[-84.3484,33.7759],[-84.3484,33.7759],[-84.3488,33.776],[-84.3488,33.7763],[-84.3488,33.7772],[-84.3487,33.7798],[-84.3488,33.7798],[-84.3489,33.7799],[-84.3492,33.7807],[-84.3492,33.7807],[-84.3493,33.7808],[-84.3493,33.7808],[-84.3494,33.7809],[-84.3495,33.7809],[-84.3495,33.7811],[-84.3495,33.7813],[-84.35,33.7819],[-84.35,33.7819],[-84.352,33.7819],[-84.3522,33.782],[-84.3524,33.782],[-84.3525,33.782],[-84.3529,33.7822],[-84.353,33.7822],[-84.3532,33.7824],[-84.3534,33.7824],[-84.3536,33.7824],[-84.3539,33.7824],[-84.3543,33.7824],[-84.3548,33.7823],[-84.3549,33.7823],[-84.3558,33.7823],[-84.3569,33.7822],[-84.3587,33.7821],[-84.3587,33.782],[-84.3587,33.781],[-84.3587,33.78],[-84.3587,33.7792],[-84.3587,33.7789],[-84.3587,33.7782],[-84.3587,33.7779],[-84.3587,33.7767],[-84.3587,33.7754],[-84.3587,33.7746],[-84.3587,33.7738],[-84.3599,33.7738],[-84.3599,33.7733]]]}},{"type":"Feature","id":"13121005000","properties":{"GEOID":"13121005000","NAME":"Census Tract 50","AREALAND":1360057},"geometry":{"type":"Polygon","coordinates":[[[-84.3734,33.7422],[-84.3736,33.7416],[-84.372,33.7416],[-84.3698,33.7416],[-84.3698,33.7411],[-84.3698,33.7398],[-84.3698,33.7386],[-84.3699,33.7371],[-84.3696,33.7372],[-84.3682,33.7372],[-84.3682,33.7368],[-84.3667,33.7368],[-84.3652,33.7368],[-84.365,33.7368],[-84.364,33.7366],[-84.3628,33.7366],[-84.3611,33.7365],[-84.3602,33.7365],[-84.3593,33.7365],[-84.359,33.7373],[-84.3589,33.7374],[-84.3586,33.7383],[-84.3583,33.7395],[-84.3583,33.7398],[-84.3583,33.7398],[-84.3582,33.7403],[-84.3582,33.7422],[-84.3582,33.7429],[-84.3582,33.7435],[-84.3582,33.7435],[-84.3582,33.7436],[-84.3582,33.7439],[-84.3582,33.7441],[-84.3582,33.7449],[-84.3582,33.7453],[-84.3582,33.7461],[-84.3582,33.7466],[-84.3583,33.7466],[-84.3591,33.7466],[-84.3623,33.7466],[-84.3631,33.7467],[-84.3637,33.7467],[-84.3647,33.7467],[-84.3652,33.7467],[-84.3657,33.7467],[-84.3667,33.7467],[-84.3674,33.7467],[-84.3681,33.7467],[-84.3697,33.7467],[-84.3714,33.7468],[-84.3725,33.7468],[-84.3734,33.7468],[-84.3734,33.7455],[-84.3734,33.7449],[-84.3734,33.7443],[-84.3734,33.7437],[-84.3734,33.7435],[-84.3734,33.7433],[-84.3734,33.743],[-84.3734,33.7423],[-84.3734,33.7422]]]}},{"type":"Feature","id":"13121008903","properties":{"GEOID":"13121008903","NAME":"Census Tract 89.03","AREALAND":1151117},"geometry":{"type":"Polygon","coordinates":[[[-84.4579,33.8246],[-84.4577,33.8242],[-84.4577,33.8241],[-84.4575,33.8236],[-84.4574,33.8235],[-84.4573,33.8233],[-84.4571,33.823],[-84.4569,33.8228],[-84.4568,33.8226],[-84.4567,33.8225],[-84.4565,33.8224],[-84.4547,33.8213],[-84.454,33.8209],[-84.4539,33.8208],[-84.4536,33.8206],[-84.4533,33.8204],[-84.4528,33.8201],[-84.4485,33.8178],[-84.4472,33.817],[-84.4467,33.8168],[-84.4461,33.8164],[-84.4459,33.8163],[-84.4458,33.8163],[-84.4455,33.8161],[-84.4452,33.816],[-84.4448,33.8158],[-84.4445,33.8157],[-84.4442,33.8156],[-84.4437,33.8155],[-84.4419,33.815],[-84.4416,33.8149],[-84.4413,33.8147],[-84.441,33.8146],[-84.4407,33.8144],[-84.4405,33.8143],[-84.4403,33.8141],[-84.4402,33.814],[-84.44,33.8138],[-84.4399,33.8137],[-84.4397,33.8135],[-84.4396,33.8133],[-84.4395,33.8131],[-84.4394,33.813],[-84.4393,33.8127],[-84.4393,33.8125],[-84.4388,33.8105],[-84.438,33.8099],[-84.4373,33.8095],[-84.4363,33.8088],[-84.4362,33.8087],[-84.4356,33.8083],[-84.4352,33.8088],[-84.435,33.809],[-84.4348,33.8092],[-84.4346,33.8093],[-84.4345,33.8094],[-84.4323,33.811],[-84.4322,33.8112],[-84.4321,33.8112],[-84.4317,33.8113],[-84.4316,33.8113],[-84.4314,33.8114],[-84.4313,33.8115],[-84.4311,33.8116],[-84.4317,33.8121],[-84.4319,33.8122],[-84.4319,33.8123],[-84.4325,33.8126],[-84.4351,33.8145],[-84.4357,33.8149],[-84.436,33.8152],[-84.4362,33.8154],[-84.4368,33.8158],[-84.4376,33.8166],[-84.4398,33.8182],[-84.4406,33.8187],[-84.441,33.8189],[-84.4412,33.8191],[-84.4423,33.8196],[-84.443,33.8198],[-84.447,33.8214],[-84.4487,33.822],[-84.4496,33.8224],[-84.4501,33.8226],[-84.4508,33.8229],[-84.4514,33.8232],[-84.4522,33.8236],[-84.4546,33.825],[-84.4555,33.8255],[-84.4559,33.8258],[-84.4576,33.8245],[-84.4579,33.8246]]]}},{"type":"Feature","id":"13121008904","properties":{"GEOID":"13121008904","NAME":"Census Tract 89.04","AREALAND":2983506},"geometry":{"type":"Polygon","coordinates":[[[-84.4558,33.8258],[-84.4559,33.8258],[-84.4555,33.8255],[-84.4546,33.825],[-84.4522,33.8236],[-84.4514,33.8232],[-84.4508,33.8229],[-84.4501,33.8226],[-84.4496,33.8224],[-84.4487,33.822],[-84.447,33.8214],[-84.443,33.8198],[-84.4423,33.8196],[-84.4412,33.8191],[-84.441,33.8189],[-84.4406,33.8187],[-84.4398,33.8182],[-84.4376,33.8166],[-84.4368,33.8158],[-84.4362,33.8154],[-84.436,33.8152],[-84.4357,33.8149],[-84.4351,33.8145],[-84.4325,33.8126],[-84.4319,33.8123],[-84.4319,33.8122],[-84.4317,33.8121],[-84.4311,33.8116],[-84.4308,33.8119],[-84.4307,33.812],[-84.4306,33.8121],[-84.4304,33.8121],[-84.4303,33.8121],[-84.4302,33.8121],[-84.4287,33.8121],[-84.4284,33.812],[-84.4282,33.812],[-84.428,33.8119],[-84.4278,33.8119],[-84.4277,33.8118],[-84.4275,33.8117],[-84.4266,33.8113],[-84.4259,33.8113],[-84.4247,33.8113],[-84.4246,33.8113],[-84.4244,33.8113],[-84.4242,33.8112],[-84.4241,33.8111],[-84.4236,33.8106],[-84.4235,33.8105],[-84.4233,33.8104],[-84.4231,33.8103],[-84.4229,33.8102],[-84.4227,33.8101],[-84.4225,33.81],[-84.4223,33.81],[-84.4222,33.81],[-84.4218,33.81],[-84.421,33.81],[-84.4193,33.8102],[-84.4191,33.8102],[-84.4187,33.8102],[-84.4191,33.8107],[-84.4199,33.8122],[-84.4201,33.8125],[-84.4206,33.8135],[-84.4209,33.8144],[-84.4211,33.8148],[-84.4215,33.8159],[-84.4219,33.8171],[-84.422,33.8173],[-84.4222,33.8183],[-84.4223,33.8187],[-84.4224,33.819],[-84.4226,33.8201],[-84.4228,33.8208],[-84.4231,33.8225],[-84.4233,33.8233],[-84.4235,33.824],[-84.4237,33.8246],[-84.4238,33.8248],[-84.4238,33.8249],[-84.4238,33.8249],[-84.424,33.8249],[-84.4241,33.825],[-84.4241,33.825],[-84.4242,33.825],[-84.4243,33.825],[-84.4244,33.825],[-84.4245,33.8249],[-84.4246,33.8249],[-84.4247,33.8249],[-84.4249,33.8248],[-84.4251,33.8247],[-84.4253,33.8246],[-84.4254,33.8246],[-84.4255,33.8244],[-84.4257,33.8243],[-84.4259,33.8242],[-84.4261,33.8241],[-84.4263,33.8241],[-84.4264,33.824],[-84.4265,33.824],[-84.427,33.8237],[-84.4271,33.8237],[-84.4273,33.8236],[-84.4275,33.8235],[-84.4277,33.8234],[-84.4278,33.8233],[-84.428,33.8232],[-84.4281,33.8231],[-84.4283,33.8229],[-84.4284,33.8228],[-84.4285,33.8226],[-84.4285,33.8226],[-84.4286,33.8225],[-84.4287,33.8225],[-84.4288,33.8224],[-84.4289,33.8224],[-84.429,33.8224],[-84.4291,33.8223],[-84.4292,33.8223],[-84.4293,33.8223],[-84.4293,33.8223],[-84.4295,33.8224],[-84.4296,33.8224],[-84.4298,33.8225],[-84.43,33.8225],[-84.4302,33.8226],[-84.4304,33.8227],[-84.4305,33.8228],[-84.4307,33.823],[-84.4309,33.8231],[-84.431,33.8233],[-84.4311,33.8233],[-84.4312,33.8234],[-84.4313,33.8234],[-84.4315,33.8235],[-84.4316,33.8236],[-84.4317,33.8236],[-84.4318,33.8237],[-84.4319,33.8237],[-84.432,33.8237],[-84.4321,33.8237],[-84.4322,33.8237],[-84.4323,33.8237],[-84.4324,33.8237],[-84.4325,33.8237],[-84.4326,33.8237],[-84.4327,33.8237],[-84.4329,33.8237],[-84.433,33.8237],[-84.4331,33.8237],[-84.4332,33.8238],[-84.4332,33.8238],[-84.4333,33.8239],[-84.4333,33.8239],[-84.4334,33.824],[-84.4334,33.824],[-84.4335,33.8241],[-84.4335,33.8242],[-84.4335,33.8243],[-84.4335,33.8244],[-84.4335,33.8247],[-84.4335,33.8249],[-84.4336,33.8251],[-84.4337,33.8253],[-84.4338,33.8255],[-84.434,33.8258],[-84.434,33.8259],[-84.4341,33.826],[-84.4342,33.826],[-84.4342,33.8261],[-84.4343,33.8262],[-84.4344,33.8262],[-84.4345,33.8263],[-84.4346,33.8263],[-84.4347,33.8264],[-84.4348,33.8264],[-84.4349,33.8264],[-84.435,33.8264],[-84.4351,33.8264],[-84.4352,33.8263],[-84.4353,33.8263],[-84.4354,33.8262],[-84.4354,33.8261],[-84.4355,33.826],[-84.4355,33.826],[-84.4356,33.8259],[-84.4357,33.8258],[-84.4358,33.8258],[-84.436,33.8257],[-84.4362,33.8256],[-84.4365,33.8254],[-84.4369,33.8251],[-84.4373,33.8249],[-84.4376,33.8247],[-84.4377,33.8247],[-84.4379,33.8246],[-84.4381,33.8245],[-84.4384,33.8244],[-84.4385,33.8244],[-84.4385,33.8244],[-84.4386,33.8244],[-84.4387,33.8244],[-84.4388,33.8244],[-84.439,33.8244],[-84.4393,33.8245],[-84.4395,33.8245],[-84.4398,33.8247],[-84.44,33.8247],[-84.4402,33.8248],[-84.4404,33.8249],[-84.4408,33.8249],[-84.4411,33.825],[-84.4414,33.825],[-84.4414,33.825],[-84.4415,33.8251],[-84.4416,33.8251],[-84.4417,33.8251],[-84.4418,33.8252],[-84.4419,33.8252],[-84.4419,33.8253],[-84.442,33.8253],[-84.4421,33.8254],[-84.4422,33.8255],[-84.4424,33.8257],[-84.4426,33.8259],[-84.4429,33.8263],[-84.4429,33.8264],[-84.4431,33.8266],[-84.4431,33.8267],[-84.4432,33.8268],[-84.4433,33.8269],[-84.4434,33.8269],[-84.4435,33.8269],[-84.4436,33.827],[-84.4437,33.827],[-84.4438,33.8271],[-84.4438,33.8271],[-84.4439,33.8272],[-84.444,33.8273],[-84.444,33.8274],[-84.444,33.8275],[-84.444,33.8276],[-84.444,33.8276],[-84.444,33.8277],[-84.444,33.8278],[-84.4439,33.8279],[-84.4439,33.828],[-84.4438,33.8281],[-84.4438,33.8282],[-84.4431,33.8292],[-84.4429,33.8295],[-84.4427,33.8298],[-84.4426,33.8299],[-84.4426,33.83],[-84.4426,33.8301],[-84.4426,33.8302],[-84.4426,33.8303],[-84.4426,33.8304],[-84.4426,33.8304],[-84.4427,33.8305],[-84.4427,33.8306],[-84.4429,33.8307],[-84.4432,33.831],[-84.4435,33.8312],[-84.4438,33.8314],[-84.4442,33.8316],[-84.4446,33.8319],[-84.4446,33.8319],[-84.4447,33.832],[-84.4448,33.832],[-84.4449,33.832],[-84.445,33.8321],[-84.4451,33.8321],[-84.4452,33.832],[-84.4453,33.832],[-84.4454,33.832],[-84.446,33.8314],[-84.4468,33.8303],[-84.447,33.8302],[-84.4471,33.83],[-84.4472,33.8299],[-84.4473,33.8297],[-84.4474,33.8295],[-84.4475,33.8295],[-84.4475,33.8293],[-84.4477,33.8287],[-84.4477,33.8285],[-84.4478,33.8283],[-84.4478,33.8281],[-84.4478,33.828],[-84.4477,33.8278],[-84.4477,33.8271],[-84.4477,33.827],[-84.4477,33.8269],[-84.4478,33.8268],[-84.4478,33.8267],[-84.4478,33.8266],[-84.4479,33.8266],[-84.448,33.8264],[-84.4481,33.8263],[-84.4482,33.8263],[-84.4483,33.8262],[-84.4484,33.8262],[-84.4485,33.8262],[-84.4486,33.8262],[-84.4487,33.8262],[-84.4489,33.8262],[-84.449,33.8262],[-84.4491,33.8263],[-84.4492,33.8263],[-84.4493,33.8263],[-84.4494,33.8264],[-84.4496,33.8264],[-84.4497,33.8265],[-84.4498,33.8265],[-84.4509,33.8269],[-84.4519,33.8271],[-84.4543,33.827],[-84.4551,33.8269],[-84.4554,33.827],[-84.4554,33.827],[-84.4555,33.8268],[-84.4555,33.8267],[-84.4557,33.8263],[-84.4558,33.8258]]]}},{"type":"Feature","id":"13121004300","properties":{"GEOID":"13121004300","NAME":"Census Tract 43","AREALAND":614422},"geometry":{"type":"Polygon","coordinates":[[[-84.4176,33.7465],[-84.4175,33.7454],[-84.4175,33.7445],[-84.4161,33.7445],[-84.4153,33.7444],[-84.4141,33.7444],[-84.414,33.7444],[-84.414,33.7443],[-84.414,33.743],[-84.414,33.7428],[-84.4141,33.7418],[-84.4136,33.7418],[-84.4132,33.7418],[-84.4114,33.7417],[-84.4113,33.7417],[-84.4112,33.7416],[-84.4111,33.7417],[-84.4108,33.742],[-84.4105,33.7422],[-84.4102,33.7424],[-84.4098,33.7426],[-84.4095,33.7428],[-84.4091,33.7429],[-84.4088,33.7431],[-84.4083,33.7432],[-84.4075,33.7435],[-84.4056,33.7441],[-84.4054,33.7442],[-84.4053,33.7442],[-84.4052,33.7443],[-84.4047,33.7447],[-84.4046,33.7446],[-84.4045,33.7445],[-84.4045,33.7443],[-84.4037,33.7446],[-84.4034,33.7447],[-84.4026,33.7451],[-84.4023,33.7453],[-84.402,33.7455],[-84.4017,33.7457],[-84.4015,33.7459],[-84.4009,33.7465],[-84.4008,33.7466],[-84.4007,33.7466],[-84.4001,33.7473],[-84.4011,33.748],[-84.4016,33.7482],[-84.4023,33.7488],[-84.4024,33.7486],[-84.4025,33.7486],[-84.4026,33.7486],[-84.403,33.7487],[-84.4036,33.7488],[-84.4045,33.7489],[-84.4051,33.748],[-84.4056,33.7474],[-84.4057,33.7472],[-84.4058,33.7471],[-84.4062,33.7467],[-84.4066,33.7463],[-84.4067,33.7464],[-84.407,33.7465],[-84.4071,33.7466],[-84.4072,33.7466],[-84.4074,33.7467],[-84.4075,33.7467],[-84.4078,33.7468],[-84.4081,33.7468],[-84.4083,33.7467],[-84.4085,33.7467],[-84.4088,33.7465],[-84.409,33.7465],[-84.4092,33.7465],[-84.4095,33.7465],[-84.4095,33.7465],[-84.4096,33.7466],[-84.4097,33.7467],[-84.4097,33.7468],[-84.4098,33.7469],[-84.4101,33.747],[-84.4104,33.7471],[-84.4105,33.7471],[-84.4111,33.7471],[-84.4126,33.7471],[-84.4127,33.7471],[-84.4128,33.7471],[-84.413,33.7471],[-84.4137,33.7469],[-84.4139,33.7468],[-84.4147,33.7465],[-84.4148,33.7465],[-84.4148,33.7465],[-84.415,33.7466],[-84.4151,33.7466],[-84.4156,33.7466],[-84.4158,33.7466],[-84.4171,33.7467],[-84.4172,33.7466],[-84.4174,33.7466],[-84.4176,33.7465]]]}},{"type":"Feature","id":"13121980000","properties":{"GEOID":"13121980000","NAME":"Census Tract 9800","AREALAND":2729647},"geometry":{"type":"MultiPolygon","coordinates":[[[[-84.4458,33.6488],[-84.4457,33.6488],[-84.4457,33.6488],[-84.4454,33.6488],[-84.4452,33.6488],[-84.4448,33.6488],[-84.4447,33.6488],[-84.4447,33.6488],[-84.4443,33.6488],[-84.4442,33.6488],[-84.4442,33.6488],[-84.4442,33.6488],[-84.4441,33.6488],[-84.4382,33.6488],[-84.4323,33.6488],[-84.4309,33.6488],[-84.4308,33.6488],[-84.4285,33.6487],[-84.4234,33.6487],[-84.4193,33.6486],[-84.4192,33.6486],[-84.405,33.6485],[-84.405,33.6485],[-84.4049,33.6485],[-84.4053,33.6493],[-84.4054,33.6496],[-84.4055,33.6498],[-84.4057,33.6502],[-84.4058,33.6504],[-84.406,33.6506],[-84.4062,33.6507],[-84.4065,33.6509],[-84.4089,33.6524],[-84.4119,33.6544],[-84.4128,33.6549],[-84.4137,33.6554],[-84.416,33.6566],[-84.4172,33.6572],[-84.4175,33.6573],[-84.4176,33.6574],[-84.4176,33.6574],[-84.4176,33.6575],[-84.4179,33.6577],[-84.4179,33.6578],[-84.418,33.6578],[-84.4181,33.6579],[-84.4181,33.658],[-84.4182,33.6583],[-84.4182,33.6577],[-84.4181,33.6576],[-84.4186,33.6577],[-84.419,33.6577],[-84.4193,33.6578],[-84.42,33.6578],[-84.421,33.6578],[-84.422,33.6578],[-84.4231,33.6578],[-84.4236,33.6578],[-84.424,33.6578],[-84.4256,33.6575],[-84.4257,33.6575],[-84.426,33.6575],[-84.4263,33.6575],[-84.4269,33.6575],[-84.4285,33.6575],[-84.4285,33.6574],[-84.4285,33.6566],[-84.4288,33.6566],[-84.4296,33.6566],[-84.4309,33.6566],[-84.4336,33.6566],[-84.4337,33.6566],[-84.4341,33.6567],[-84.4343,33.6567],[-84.4346,33.6567],[-84.4346,33.6567],[-84.4366,33.6548],[-84.4375,33.654],[-84.438,33.6534],[-84.4386,33.6529],[-84.439,33.6526],[-84.4393,33.6524],[-84.4401,33.6519],[-84.4403,33.6517],[-84.4408,33.6514],[-84.4422,33.6506],[-84.4429,33.6502],[-84.4436,33.6499],[-84.444,33.6497],[-84.4453,33.6491],[-84.4457,33.6489],[-84.4458,33.6488]]],[[[-84.453,33.6417],[-84.453,33.6416],[-84.453,33.6414],[-84.453,33.6412],[-84.453,33.6412],[-84.4528,33.6412],[-84.4527,33.6412],[-84.4524,33.6412],[-84.4523,33.6412],[-84.4515,33.6412],[-84.451,33.6412],[-84.4509,33.6412],[-84.4509,33.6412],[-84.4507,33.6412],[-84.4503,33.6412],[-84.4503,33.6412],[-84.4502,33.6412],[-84.4502,33.6412],[-84.45,33.6412],[-84.4496,33.6412],[-84.4496,33.6412],[-84.4494,33.6412],[-84.4491,33.6412],[-84.4482,33.6412],[-84.4482,33.6414],[-84.4482,33.6418],[-84.4482,33.6419],[-84.4482,33.6419],[-84.4482,33.642],[-84.4482,33.642],[-84.4481,33.6423],[-84.4481,33.6432],[-84.4481,33.6434],[-84.4481,33.6434],[-84.4481,33.6437],[-84.4482,33.6441],[-84.4482,33.6442],[-84.4482,33.6442],[-84.4482,33.6443],[-84.4483,33.6445],[-84.4483,33.6446],[-84.4483,33.6446],[-84.4484,33.6451],[-84.4484,33.6452],[-84.4484,33.6453],[-84.4484,33.6453],[-84.4485,33.6455],[-84.4485,33.6458],[-84.4485,33.6459],[-84.4485,33.6459],[-84.4485,33.646],[-84.4485,33.646],[-84.4484,33.6465],[-84.4484,33.6466],[-84.4483,33.6467],[-84.4483,33.6468],[-84.4483,33.6468],[-84.4483,33.6468],[-84.4484,33.6467],[-84.4496,33.6455],[-84.45,33.6451],[-84.45,33.6451],[-84.4501,33.645],[-84.4503,33.6447],[-84.4508,33.6442],[-84.452,33.643],[-84.4525,33.6425],[-84.453,33.642],[-84.453,33.6417],[-84.453,33.6417]]]]}},{"type":"Feature","id":"13121010800","properties":{"GEOID":"13121010800","NAME":"Census Tract 108","AREALAND":5533954},"geometry":{"type":"Polygon","coordinates":[[[-84.4346,33.6567],[-84.4343,33.6567],[-84.4341,33.6567],[-84.4337,33.6566],[-84.4336,33.6566],[-84.4309,33.6566],[-84.4296,33.6566],[-84.4288,33.6566],[-84.4285,33.6566],[-84.4285,33.6574],[-84.4285,33.6575],[-84.4269,33.6575],[-84.4263,33.6575],[-84.426,33.6575],[-84.4257,33.6575],[-84.4256,33.6575],[-84.424,33.6578],[-84.4236,33.6578],[-84.4231,33.6578],[-84.422,33.6578],[-84.421,33.6578],[-84.42,33.6578],[-84.4193,33.6578],[-84.419,33.6577],[-84.4186,33.6577],[-84.4181,33.6576],[-84.4182,33.6577],[-84.4182,33.6583],[-84.4181,33.658],[-84.4181,33.6579],[-84.418,33.6578],[-84.4179,33.6578],[-84.4179,33.6577],[-84.4176,33.6575],[-84.4176,33.6574],[-84.4176,33.6574],[-84.4175,33.6573],[-84.4172,33.6572],[-84.416,33.6566],[-84.4137,33.6554],[-84.4128,33.6549],[-84.4119,33.6544],[-84.4089,33.6524],[-84.4065,33.6509],[-84.4062,33.6507],[-84.406,33.6506],[-84.4058,33.6504],[-84.4057,33.6502],[-84.4055,33.6498],[-84.4054,33.6496],[-84.4053,33.6493],[-84.4049,33.6485],[-84.4047,33.6485],[-84.4044,33.6485],[-84.4043,33.6484],[-84.4032,33.6483],[-84.4001,33.6483],[-84.3996,33.6483],[-84.3994,33.6483],[-84.399,33.6483],[-84.399,33.6485],[-84.399,33.6499],[-84.3992,33.65],[-84.3994,33.6502],[-84.3994,33.6503],[-84.3995,33.6504],[-84.3996,33.6507],[-84.3996,33.6519],[-84.3996,33.6519],[-84.3997,33.6522],[-84.3997,33.6523],[-84.3997,33.6531],[-84.3997,33.6531],[-84.3996,33.6533],[-84.3995,33.6535],[-84.3993,33.6537],[-84.3972,33.6533],[-84.397,33.6532],[-84.3967,33.654],[-84.3967,33.6541],[-84.3965,33.6542],[-84.3962,33.6544],[-84.3961,33.6544],[-84.396,33.6545],[-84.3955,33.6552],[-84.3955,33.6554],[-84.3953,33.6561],[-84.3951,33.6563],[-84.3948,33.6564],[-84.3948,33.6565],[-84.3948,33.6568],[-84.3947,33.6585],[-84.3947,33.6596],[-84.3947,33.6598],[-84.3948,33.6607],[-84.3949,33.6611],[-84.3951,33.662],[-84.3952,33.6622],[-84.3953,33.6626],[-84.3957,33.6637],[-84.3961,33.6649],[-84.3966,33.666],[-84.397,33.667],[-84.3973,33.6679],[-84.3974,33.6683],[-84.3975,33.6684],[-84.3976,33.6688],[-84.3976,33.6689],[-84.3976,33.669],[-84.3976,33.6691],[-84.3976,33.6698],[-84.3976,33.6703],[-84.3976,33.6706],[-84.3975,33.6729],[-84.3977,33.6729],[-84.3979,33.6729],[-84.3994,33.6729],[-84.3996,33.6729],[-84.4007,33.673],[-84.4035,33.673],[-84.4054,33.673],[-84.407,33.673],[-84.4085,33.6731],[-84.4121,33.6731],[-84.4131,33.6731],[-84.4141,33.6731],[-84.4143,33.6731],[-84.4166,33.6731],[-84.4183,33.6731],[-84.4189,33.6731],[-84.4189,33.6724],[-84.4189,33.6702],[-84.4189,33.667],[-84.4189,33.6669],[-84.4189,33.6665],[-84.4189,33.6664],[-84.4188,33.6661],[-84.4188,33.666],[-84.4188,33.6659],[-84.4188,33.6658],[-84.4187,33.6657],[-84.4186,33.6653],[-84.4189,33.6652],[-84.4201,33.6647],[-84.4204,33.6646],[-84.4218,33.665],[-84.4225,33.6652],[-84.4229,33.6654],[-84.4232,33.6654],[-84.4235,33.6654],[-84.4237,33.6653],[-84.4237,33.6646],[-84.4236,33.6643],[-84.4236,33.6639],[-84.4236,33.6636],[-84.4249,33.6634],[-84.4252,33.6633],[-84.4254,33.6633],[-84.4256,33.6632],[-84.4259,33.663],[-84.4261,33.6629],[-84.4263,33.6627],[-84.4266,33.6624],[-84.4268,33.6622],[-84.4269,33.6619],[-84.4283,33.6611],[-84.4285,33.661],[-84.4288,33.6608],[-84.4296,33.6604],[-84.4297,33.6603],[-84.4302,33.66],[-84.4306,33.6598],[-84.4316,33.659],[-84.4327,33.6582],[-84.4339,33.6572],[-84.4341,33.6571],[-84.4346,33.6567]]]}},{"type":"Feature","id":"13121011611","properties":{"GEOID":"13121011611","NAME":"Census Tract 116.11","AREALAND":14128669},"geometry":{"type":"Polygon","coordinates":[[[-84.3358,34.0703],[-84.3358,34.0702],[-84.3358,34.07],[-84.3358,34.07],[-84.3356,34.0697],[-84.3355,34.0694],[-84.3353,34.0691],[-84.3348,34.0684],[-84.3347,34.0684],[-84.3345,34.0682],[-84.3344,34.068],[-84.3343,34.0678],[-84.3343,34.0677],[-84.3342,34.0675],[-84.3342,34.0673],[-84.3342,34.0672],[-84.3342,34.067],[-84.3343,34.0668],[-84.3343,34.0664],[-84.3343,34.0661],[-84.3342,34.0659],[-84.3342,34.0658],[-84.3341,34.0656],[-84.3339,34.0654],[-84.3338,34.0652],[-84.3335,34.0649],[-84.3331,34.0645],[-84.333,34.0645],[-84.3329,34.0644],[-84.3327,34.0643],[-84.3324,34.0641],[-84.332,34.0639],[-84.3318,34.0637],[-84.3316,34.0635],[-84.3312,34.0632],[-84.331,34.063],[-84.3309,34.0628],[-84.3309,34.0628],[-84.3308,34.0626],[-84.3307,34.0624],[-84.3306,34.0621],[-84.3306,34.0619],[-84.3306,34.0616],[-84.3305,34.0612],[-84.3305,34.0611],[-84.3305,34.0608],[-84.3305,34.0606],[-84.3304,34.0604],[-84.3303,34.0602],[-84.3303,34.06],[-84.3304,34.0598],[-84.3304,34.0594],[-84.3305,34.0592],[-84.3306,34.0589],[-84.3306,34.0587],[-84.3307,34.0586],[-84.3308,34.0583],[-84.3309,34.0581],[-84.331,34.0579],[-84.3311,34.0576],[-84.3312,34.0574],[-84.3311,34.0572],[-84.331,34.057],[-84.3309,34.0569],[-84.3309,34.0568],[-84.3306,34.0567],[-84.3305,34.0567],[-84.3303,34.0567],[-84.33,34.0567],[-84.3298,34.0567],[-84.3294,34.0566],[-84.3289,34.0567],[-84.3286,34.0567],[-84.3285,34.0566],[-84.3284,34.0565],[-84.3283,34.0564],[-84.3282,34.0564],[-84.3281,34.0563],[-84.328,34.0562],[-84.328,34.0562],[-84.3279,34.0561],[-84.3277,34.0561],[-84.3276,34.0561],[-84.3275,34.0562],[-84.3275,34.0562],[-84.3274,34.0563],[-84.3274,34.0564],[-84.3274,34.0565],[-84.3274,34.0566],[-84.3273,34.0566],[-84.3272,34.0567],[-84.3271,34.0568],[-84.327,34.0568],[-84.3269,34.0568],[-84.3266,34.0568],[-84.3265,34.0568],[-84.3264,34.0568],[-84.3263,34.0567],[-84.3263,34.0567],[-84.3263,34.0566],[-84.3263,34.0565],[-84.3263,34.0563],[-84.3264,34.0562],[-84.3263,34.0561],[-84.3263,34.056],[-84.3263,34.056],[-84.3262,34.0559],[-84.3262,34.0558],[-84.3262,34.0557],[-84.3262,34.0556],[-84.3262,34.0555],[-84.3261,34.0553],[-84.3261,34.0553],[-84.326,34.0552],[-84.3259,34.055],[-84.3258,34.055],[-84.3254,34.0546],[-84.3251,34.0544],[-84.3249,34.0543],[-84.3248,34.0542],[-84.3248,34.0542],[-84.3248,34.054],[-84.3248,34.0539],[-84.325,34.0537],[-84.3253,34.0534],[-84.3255,34.0532],[-84.3255,34.0532],[-84.3256,34.0531],[-84.3257,34.0531],[-84.3257,34.0531],[-84.3258,34.0531],[-84.3259,34.0531],[-84.326,34.0531],[-84.3261,34.0532],[-84.3262,34.0533],[-84.3262,34.0533],[-84.3263,34.0534],[-84.3263,34.0534],[-84.3263,34.0536],[-84.3263,34.0538],[-84.3264,34.0539],[-84.3265,34.0542],[-84.3266,34.0543],[-84.3266,34.0543],[-84.3266,34.0544],[-84.3267,34.0545],[-84.3268,34.0546],[-84.3269,34.0546],[-84.3269,34.0546],[-84.327,34.0546],[-84.3271,34.0546],[-84.3275,34.0545],[-84.3275,34.0544],[-84.3276,34.0543],[-84.3275,34.0542],[-84.3274,34.0541],[-84.3273,34.054],[-84.3272,34.0539],[-84.3273,34.0538],[-84.3273,34.0537],[-84.3273,34.0533],[-84.3276,34.0525],[-84.3276,34.0521],[-84.3278,34.0518],[-84.3279,34.0514],[-84.328,34.0511],[-84.3281,34.0508],[-84.3282,34.0505],[-84.3283,34.0502],[-84.3284,34.0499],[-84.3285,34.0498],[-84.3285,34.0494],[-84.3285,34.0493],[-84.3285,34.049],[-84.3279,34.0485],[-84.3267,34.0477],[-84.3241,34.0464],[-84.3235,34.0461],[-84.3225,34.0455],[-84.3218,34.0449],[-84.3216,34.0445],[-84.3215,34.0441],[-84.3213,34.0438],[-84.3211,34.0435],[-84.321,34.0435],[-84.321,34.0434],[-84.3209,34.0433],[-84.3207,34.0431],[-84.3206,34.0429],[-84.3199,34.0427],[-84.3195,34.0426],[-84.3193,34.0426],[-84.3192,34.0426],[-84.3182,34.0424],[-84.3174,34.0419],[-84.3173,34.0418],[-84.3171,34.0413],[-84.3169,34.0408],[-84.3169,34.0404],[-84.3169,34.0402],[-84.3168,34.0396],[-84.3168,34.0391],[-84.3168,34.0387],[-84.3168,34.038],[-84.3168,34.0377],[-84.3168,34.0369],[-84.3167,34.0362],[-84.3167,34.0356],[-84.3167,34.0354],[-84.3168,34.0353],[-84.3168,34.0352],[-84.3169,34.0349],[-84.3169,34.0347],[-84.3171,34.0343],[-84.3172,34.0341],[-84.3173,34.0339],[-84.3174,34.0337],[-84.3175,34.0337],[-84.317,34.0338],[-84.3167,34.0339],[-84.3164,34.0339],[-84.3163,34.0339],[-84.3161,34.0339],[-84.3158,34.0338],[-84.3157,34.0338],[-84.3155,34.0338],[-84.3155,34.0337],[-84.3154,34.0337],[-84.3152,34.0336],[-84.315,34.0335],[-84.3149,34.0335],[-84.3148,34.0334],[-84.3145,34.0333],[-84.3143,34.0333],[-84.3141,34.0333],[-84.3141,34.0333],[-84.3137,34.0333],[-84.3133,34.0333],[-84.3129,34.0334],[-84.3126,34.0334],[-84.3121,34.0335],[-84.3119,34.0335],[-84.3113,34.0335],[-84.3109,34.0336],[-84.3107,34.0336],[-84.3102,34.0339],[-84.3101,34.0339],[-84.31,34.034],[-84.3099,34.034],[-84.3098,34.0341],[-84.3096,34.0341],[-84.3094,34.0341],[-84.3092,34.0341],[-84.309,34.0342],[-84.3088,34.0343],[-84.3087,34.0343],[-84.3085,34.0344],[-84.3083,34.0344],[-84.3082,34.0344],[-84.3079,34.0345],[-84.3078,34.0346],[-84.3076,34.0346],[-84.3073,34.0347],[-84.3072,34.0348],[-84.3071,34.035],[-84.3071,34.035],[-84.3069,34.0352],[-84.3067,34.0354],[-84.3064,34.0356],[-84.3062,34.0357],[-84.306,34.0358],[-84.3059,34.0358],[-84.3057,34.0358],[-84.3054,34.0358],[-84.3051,34.0358],[-84.3049,34.0358],[-84.3047,34.0359],[-84.3046,34.0359],[-84.3044,34.036],[-84.3042,34.0361],[-84.304,34.0362],[-84.3039,34.0363],[-84.3038,34.0364],[-84.3033,34.037],[-84.3033,34.037],[-84.3031,34.0375],[-84.303,34.0375],[-84.303,34.0376],[-84.303,34.0377],[-84.3029,34.0378],[-84.3025,34.0383],[-84.3025,34.0383],[-84.3021,34.0386],[-84.302,34.0387],[-84.3018,34.0389],[-84.301,34.0395],[-84.3007,34.0398],[-84.3003,34.04],[-84.3,34.0402],[-84.2997,34.0403],[-84.2995,34.0403],[-84.2994,34.0403],[-84.2989,34.0404],[-84.2989,34.0405],[-84.2986,34.0405],[-84.2983,34.0406],[-84.2981,34.0406],[-84.2979,34.0407],[-84.2977,34.0408],[-84.2975,34.0408],[-84.2973,34.0408],[-84.2972,34.0408],[-84.2972,34.0408],[-84.2971,34.0408],[-84.2969,34.0408],[-84.2965,34.0407],[-84.2962,34.0406],[-84.2958,34.0405],[-84.2957,34.0404],[-84.2956,34.0404],[-84.2955,34.0403],[-84.2953,34.0403],[-84.2952,34.0403],[-84.2951,34.0402],[-84.295,34.0402],[-84.2949,34.0402],[-84.2948,34.0402],[-84.2947,34.0403],[-84.2946,34.0403],[-84.2945,34.0403],[-84.2941,34.0404],[-84.2935,34.0405],[-84.2934,34.0405],[-84.2932,34.0406],[-84.293,34.0406],[-84.2929,34.0407],[-84.2928,34.0407],[-84.2927,34.0407],[-84.2926,34.0408],[-84.2925,34.0408],[-84.2924,34.0409],[-84.2922,34.041],[-84.2921,34.0412],[-84.2918,34.0414],[-84.2914,34.0416],[-84.2911,34.0417],[-84.2908,34.0417],[-84.2906,34.0417],[-84.2904,34.0416],[-84.2902,34.0416],[-84.2901,34.0415],[-84.2898,34.0414],[-84.2894,34.0413],[-84.2889,34.0413],[-84.2884,34.0413],[-84.2882,34.0414],[-84.2871,34.0416],[-84.2867,34.0417],[-84.2857,34.0418],[-84.2854,34.0419],[-84.2851,34.042],[-84.2848,34.042],[-84.2848,34.0423],[-84.285,34.0448],[-84.285,34.045],[-84.285,34.0455],[-84.285,34.0456],[-84.2851,34.0459],[-84.2851,34.0462],[-84.2853,34.0464],[-84.2854,34.0467],[-84.2855,34.0469],[-84.2856,34.047],[-84.2857,34.0472],[-84.286,34.0475],[-84.2862,34.0479],[-84.2863,34.048],[-84.2864,34.0482],[-84.2864,34.0484],[-84.2864,34.0485],[-84.2864,34.0486],[-84.2864,34.0488],[-84.2864,34.049],[-84.2864,34.0493],[-84.2863,34.0496],[-84.2859,34.0508],[-84.2854,34.052],[-84.2854,34.0522],[-84.2853,34.0525],[-84.2853,34.0528],[-84.2853,34.0533],[-84.2854,34.0537],[-84.2856,34.0543],[-84.2857,34.0546],[-84.2861,34.056],[-84.2861,34.0561],[-84.2863,34.0565],[-84.2866,34.0571],[-84.2868,34.0576],[-84.287,34.0579],[-84.2875,34.0587],[-84.2878,34.059],[-84.288,34.0593],[-84.2882,34.0596],[-84.2885,34.06],[-84.289,34.0605],[-84.2896,34.0611],[-84.2905,34.0621],[-84.2912,34.063],[-84.2918,34.0639],[-84.293,34.0665],[-84.2931,34.0669],[-84.2933,34.0673],[-84.2934,34.0676],[-84.2934,34.0679],[-84.2935,34.0683],[-84.2935,34.0691],[-84.2935,34.0697],[-84.2936,34.0708],[-84.2968,34.0711],[-84.298,34.0713],[-84.2987,34.0715],[-84.3023,34.0722],[-84.3037,34.0725],[-84.3047,34.0728],[-84.3055,34.0729],[-84.3064,34.0729],[-84.3077,34.0729],[-84.3088,34.0729],[-84.3098,34.0729],[-84.3108,34.0729],[-84.3113,34.0729],[-84.3117,34.0729],[-84.312,34.0729],[-84.3127,34.0729],[-84.3152,34.073],[-84.3154,34.073],[-84.3158,34.0729],[-84.3162,34.0729],[-84.3164,34.0729],[-84.3167,34.0729],[-84.3169,34.0729],[-84.3183,34.0729],[-84.3188,34.0729],[-84.3194,34.0729],[-84.3195,34.0729],[-84.3196,34.0729],[-84.3199,34.0729],[-84.3205,34.0731],[-84.3206,34.0732],[-84.3211,34.0733],[-84.3214,34.0734],[-84.3216,34.0735],[-84.3238,34.0742],[-84.324,34.0742],[-84.3245,34.0745],[-84.3252,34.0748],[-84.326,34.075],[-84.3266,34.0752],[-84.3275,34.0755],[-84.3276,34.0754],[-84.328,34.0749],[-84.3285,34.0745],[-84.329,34.0741],[-84.3296,34.0737],[-84.3298,34.0734],[-84.3303,34.0731],[-84.3304,34.073],[-84.3304,34.0729],[-84.3305,34.0729],[-84.3306,34.0729],[-84.331,34.0728],[-84.3311,34.0728],[-84.3313,34.0728],[-84.3315,34.0728],[-84.332,34.0728],[-84.3325,34.0728],[-84.3327,34.0729],[-84.3329,34.0729],[-84.3333,34.0729],[-84.3334,34.0729],[-84.3334,34.0729],[-84.3336,34.0729],[-84.3338,34.0729],[-84.334,34.073],[-84.3341,34.073],[-84.3345,34.0731],[-84.3347,34.0731],[-84.3349,34.0731],[-84.3349,34.0731],[-84.3352,34.0731],[-84.3352,34.0731],[-84.3354,34.073],[-84.3355,34.073],[-84.3355,34.0729],[-84.3356,34.0729],[-84.3356,34.0728],[-84.3356,34.0728],[-84.3356,34.0725],[-84.3356,34.0723],[-84.3355,34.0719],[-84.3355,34.0715],[-84.3355,34.0711],[-84.3356,34.0709],[-84.3357,34.0706],[-84.3358,34.0704],[-84.3358,34.0703]]]}},{"type":"Feature","id":"13121011617","properties":{"GEOID":"13121011617","NAME":"Census Tract 116.17","AREALAND":6547236},"geometry":{"type":"Polygon","coordinates":[[[-84.2864,34.049],[-84.2864,34.0488],[-84.2864,34.0486],[-84.2864,34.0485],[-84.2864,34.0484],[-84.2864,34.0482],[-84.2863,34.048],[-84.2862,34.0479],[-84.286,34.0475],[-84.2857,34.0472],[-84.2856,34.047],[-84.2855,34.0469],[-84.2854,34.0467],[-84.2853,34.0464],[-84.2851,34.0462],[-84.2851,34.0459],[-84.285,34.0456],[-84.285,34.0455],[-84.285,34.045],[-84.285,34.0448],[-84.2848,34.0423],[-84.2848,34.042],[-84.2846,34.0421],[-84.2845,34.0421],[-84.2841,34.0422],[-84.2838,34.0422],[-84.2837,34.0423],[-84.2835,34.0424],[-84.2832,34.0424],[-84.283,34.0425],[-84.2828,34.0426],[-84.2826,34.0427],[-84.2823,34.0428],[-84.282,34.0429],[-84.2816,34.043],[-84.281,34.0431],[-84.2806,34.0432],[-84.2803,34.0432],[-84.2802,34.0431],[-84.2799,34.0431],[-84.2797,34.043],[-84.2794,34.0429],[-84.2792,34.0428],[-84.279,34.0427],[-84.2786,34.0423],[-84.2783,34.0421],[-84.2781,34.042],[-84.278,34.0418],[-84.2777,34.0417],[-84.2774,34.0415],[-84.2771,34.0413],[-84.2768,34.0412],[-84.2765,34.0411],[-84.2761,34.0412],[-84.2758,34.0412],[-84.2755,34.0413],[-84.2753,34.0413],[-84.2748,34.0409],[-84.2741,34.0402],[-84.2737,34.0399],[-84.2736,34.0398],[-84.2732,34.0394],[-84.273,34.0392],[-84.2727,34.039],[-84.2723,34.0386],[-84.2721,34.0385],[-84.2719,34.0383],[-84.2716,34.0381],[-84.2711,34.0378],[-84.2708,34.0377],[-84.2705,34.0376],[-84.2702,34.0374],[-84.2699,34.0372],[-84.2697,34.0372],[-84.2695,34.0371],[-84.269,34.037],[-84.2687,34.0369],[-84.2684,34.0369],[-84.2683,34.037],[-84.268,34.037],[-84.2679,34.037],[-84.2677,34.037],[-84.2676,34.037],[-84.2675,34.0371],[-84.2674,34.0371],[-84.2671,34.0372],[-84.2665,34.0374],[-84.2663,34.0375],[-84.266,34.0376],[-84.2659,34.0377],[-84.2656,34.0378],[-84.2655,34.0379],[-84.2652,34.038],[-84.265,34.038],[-84.265,34.038],[-84.2648,34.0381],[-84.2646,34.0382],[-84.2643,34.0382],[-84.2641,34.0383],[-84.264,34.0384],[-84.264,34.0384],[-84.264,34.0384],[-84.2639,34.0384],[-84.2639,34.0384],[-84.2637,34.0385],[-84.2635,34.0385],[-84.2634,34.0385],[-84.2633,34.0386],[-84.2629,34.0386],[-84.2627,34.0386],[-84.2624,34.0386],[-84.2617,34.0386],[-84.2607,34.0386],[-84.2605,34.0386],[-84.2603,34.0386],[-84.2602,34.0386],[-84.2599,34.0385],[-84.2597,34.0384],[-84.2594,34.0384],[-84.2593,34.0384],[-84.2592,34.0384],[-84.259,34.0385],[-84.2589,34.0385],[-84.2587,34.0386],[-84.2585,34.0387],[-84.2581,34.0389],[-84.2581,34.039],[-84.2578,34.0391],[-84.2577,34.0392],[-84.2575,34.0393],[-84.2575,34.0393],[-84.2574,34.0394],[-84.2574,34.0394],[-84.2572,34.0395],[-84.257,34.0397],[-84.2568,34.0398],[-84.2566,34.0399],[-84.2564,34.04],[-84.2561,34.0401],[-84.256,34.0401],[-84.2558,34.0401],[-84.2557,34.0402],[-84.2556,34.0402],[-84.2554,34.0403],[-84.2553,34.0404],[-84.2553,34.0404],[-84.2551,34.0404],[-84.2549,34.0405],[-84.2546,34.0405],[-84.2545,34.0406],[-84.2543,34.0406],[-84.254,34.0406],[-84.254,34.0406],[-84.2537,34.0406],[-84.2536,34.0406],[-84.2535,34.0407],[-84.2534,34.0407],[-84.2533,34.0408],[-84.2532,34.0409],[-84.2531,34.0409],[-84.253,34.041],[-84.2528,34.0411],[-84.2527,34.0411],[-84.2527,34.0411],[-84.2524,34.0411],[-84.2522,34.0411],[-84.2519,34.0411],[-84.2516,34.0412],[-84.2514,34.0412],[-84.2511,34.0412],[-84.251,34.0412],[-84.2509,34.0412],[-84.2508,34.0412],[-84.2507,34.0412],[-84.2503,34.0412],[-84.2498,34.0413],[-84.2495,34.0413],[-84.2494,34.0413],[-84.2492,34.0413],[-84.2491,34.0413],[-84.249,34.0414],[-84.2488,34.0415],[-84.2486,34.0417],[-84.2484,34.0419],[-84.2482,34.042],[-84.2481,34.0421],[-84.248,34.0422],[-84.248,34.0423],[-84.2479,34.0424],[-84.2478,34.0425],[-84.2477,34.0426],[-84.2476,34.0427],[-84.2475,34.0427],[-84.2472,34.0428],[-84.247,34.0428],[-84.2469,34.0428],[-84.2467,34.0428],[-84.2466,34.0428],[-84.2464,34.0427],[-84.2463,34.0427],[-84.2462,34.0427],[-84.2461,34.0426],[-84.246,34.0425],[-84.2459,34.0424],[-84.2457,34.0423],[-84.2456,34.0423],[-84.2454,34.0421],[-84.2453,34.0419],[-84.2452,34.0419],[-84.2451,34.0417],[-84.245,34.0417],[-84.2449,34.0416],[-84.2448,34.0415],[-84.2446,34.0414],[-84.2445,34.0413],[-84.2444,34.0412],[-84.2443,34.0412],[-84.2443,34.0412],[-84.2442,34.0411],[-84.2441,34.041],[-84.2439,34.041],[-84.2438,34.0409],[-84.2438,34.0409],[-84.2437,34.0408],[-84.2436,34.0407],[-84.2435,34.0407],[-84.2435,34.0406],[-84.2434,34.0406],[-84.2433,34.0405],[-84.2433,34.0405],[-84.2433,34.0405],[-84.2432,34.0404],[-84.2429,34.0402],[-84.2424,34.04],[-84.2423,34.0399],[-84.2421,34.0398],[-84.242,34.0397],[-84.242,34.0397],[-84.2418,34.0396],[-84.2417,34.0395],[-84.2416,34.0395],[-84.2415,34.0394],[-84.2412,34.0391],[-84.2411,34.039],[-84.2409,34.0388],[-84.2408,34.0387],[-84.2406,34.0386],[-84.2404,34.0385],[-84.2402,34.0384],[-84.2401,34.0384],[-84.2398,34.0384],[-84.2396,34.0383],[-84.2394,34.0382],[-84.2392,34.0381],[-84.2391,34.038],[-84.239,34.0379],[-84.239,34.0379],[-84.2389,34.0379],[-84.2388,34.0379],[-84.2387,34.0379],[-84.2385,34.038],[-84.2383,34.038],[-84.2381,34.0381],[-84.238,34.0381],[-84.2379,34.0381],[-84.2377,34.0381],[-84.2376,34.0381],[-84.2375,34.0382],[-84.2373,34.0382],[-84.2372,34.0383],[-84.2371,34.0383],[-84.237,34.0384],[-84.2368,34.0385],[-84.2366,34.0386],[-84.2364,34.0388],[-84.2362,34.0391],[-84.2361,34.0392],[-84.2361,34.0392],[-84.2361,34.0393],[-84.236,34.0395],[-84.2359,34.0396],[-84.2359,34.0397],[-84.2358,34.0399],[-84.2357,34.0401],[-84.2357,34.0402],[-84.2357,34.0403],[-84.2355,34.0407],[-84.2355,34.0408],[-84.2354,34.0409],[-84.2354,34.041],[-84.2352,34.0413],[-84.2351,34.0414],[-84.235,34.0415],[-84.2349,34.0417],[-84.2348,34.0418],[-84.2345,34.0421],[-84.2344,34.0422],[-84.2343,34.0424],[-84.2341,34.0426],[-84.234,34.0427],[-84.2339,34.0429],[-84.2338,34.043],[-84.2338,34.0431],[-84.2337,34.0433],[-84.2334,34.0441],[-84.2334,34.0443],[-84.2333,34.0445],[-84.2333,34.0446],[-84.2333,34.0447],[-84.2333,34.0448],[-84.2331,34.0445],[-84.233,34.0443],[-84.233,34.0441],[-84.233,34.044],[-84.233,34.0438],[-84.233,34.0437],[-84.233,34.0435],[-84.2331,34.0433],[-84.2334,34.043],[-84.2335,34.0428],[-84.2335,34.0427],[-84.2335,34.0426],[-84.2336,34.0425],[-84.2336,34.0423],[-84.2336,34.0422],[-84.2336,34.0421],[-84.2336,34.042],[-84.2336,34.0419],[-84.2336,34.0417],[-84.2335,34.0415],[-84.2335,34.0414],[-84.2335,34.0412],[-84.2336,34.0411],[-84.2336,34.0409],[-84.2336,34.0408],[-84.2336,34.0408],[-84.2338,34.0405],[-84.2339,34.0401],[-84.2341,34.0397],[-84.2342,34.0395],[-84.2344,34.0392],[-84.2345,34.039],[-84.2346,34.0385],[-84.235,34.0376],[-84.235,34.0374],[-84.235,34.0372],[-84.235,34.0371],[-84.2349,34.037],[-84.2349,34.0368],[-84.2339,34.0374],[-84.2339,34.0375],[-84.2307,34.0396],[-84.2297,34.0403],[-84.2291,34.0407],[-84.228,34.0417],[-84.2273,34.0422],[-84.2258,34.0437],[-84.2252,34.0443],[-84.224,34.0456],[-84.2231,34.0464],[-84.2235,34.047],[-84.2238,34.0475],[-84.2243,34.0482],[-84.2246,34.0486],[-84.2248,34.0488],[-84.2252,34.0492],[-84.2254,34.0495],[-84.2258,34.0497],[-84.2266,34.0503],[-84.2273,34.0507],[-84.2276,34.0509],[-84.2278,34.051],[-84.228,34.0511],[-84.2282,34.0514],[-84.2283,34.0514],[-84.2286,34.0518],[-84.2288,34.052],[-84.2297,34.0535],[-84.2297,34.0535],[-84.2312,34.0556],[-84.2312,34.0556],[-84.2313,34.0558],[-84.232,34.0547],[-84.2322,34.0545],[-84.2323,34.0545],[-84.2323,34.0544],[-84.2325,34.0542],[-84.2326,34.0541],[-84.2327,34.054],[-84.2329,34.0539],[-84.233,34.0537],[-84.2333,34.0535],[-84.2338,34.053],[-84.2343,34.0526],[-84.2357,34.0514],[-84.2361,34.0511],[-84.2364,34.0508],[-84.2369,34.0504],[-84.237,34.0503],[-84.2371,34.0502],[-84.2372,34.0502],[-84.2374,34.05],[-84.2378,34.0497],[-84.2383,34.0495],[-84.2387,34.0494],[-84.2392,34.0492],[-84.2396,34.0491],[-84.2398,34.0491],[-84.2398,34.0491],[-84.2405,34.049],[-84.2405,34.049],[-84.2406,34.049],[-84.2412,34.0488],[-84.2421,34.0487],[-84.2431,34.0485],[-84.2433,34.0485],[-84.2445,34.0482],[-84.2448,34.0482],[-84.2449,34.0482],[-84.245,34.0481],[-84.2451,34.0481],[-84.2461,34.0479],[-84.247,34.0478],[-84.2476,34.0477],[-84.2482,34.0475],[-84.2488,34.0474],[-84.2494,34.0472],[-84.2502,34.0469],[-84.2506,34.0468],[-84.2512,34.0466],[-84.2524,34.0461],[-84.2539,34.0456],[-84.2544,34.0454],[-84.2548,34.0453],[-84.255,34.0452],[-84.2554,34.0452],[-84.2556,34.0451],[-84.2558,34.0451],[-84.2561,34.0451],[-84.2564,34.0452],[-84.2565,34.0452],[-84.2567,34.0452],[-84.257,34.0453],[-84.2573,34.0454],[-84.2576,34.0456],[-84.2577,34.0456],[-84.2585,34.046],[-84.261,34.0474],[-84.2623,34.0481],[-84.2624,34.0481],[-84.2628,34.0483],[-84.2632,34.0485],[-84.2639,34.0487],[-84.2646,34.0489],[-84.2655,34.0492],[-84.2662,34.0494],[-84.2668,34.0497],[-84.2677,34.0501],[-84.2693,34.0507],[-84.2701,34.051],[-84.272,34.0518],[-84.2733,34.0524],[-84.2739,34.0527],[-84.2743,34.053],[-84.2746,34.0533],[-84.2749,34.0536],[-84.2751,34.0539],[-84.2751,34.0541],[-84.2752,34.0542],[-84.2752,34.0544],[-84.2753,34.0547],[-84.2753,34.0548],[-84.2753,34.0557],[-84.2753,34.057],[-84.2753,34.0581],[-84.2753,34.0583],[-84.2753,34.0587],[-84.2754,34.059],[-84.2756,34.0594],[-84.2757,34.0597],[-84.2758,34.06],[-84.276,34.0603],[-84.2761,34.0604],[-84.2763,34.0606],[-84.2766,34.06],[-84.2769,34.0597],[-84.2772,34.0593],[-84.2776,34.059],[-84.2781,34.0586],[-84.2793,34.0579],[-84.2811,34.0567],[-84.2814,34.0565],[-84.2822,34.056],[-84.2827,34.0557],[-84.2831,34.0555],[-84.2833,34.0554],[-84.2841,34.0551],[-84.2857,34.0546],[-84.2856,34.0543],[-84.2854,34.0537],[-84.2853,34.0533],[-84.2853,34.0528],[-84.2853,34.0525],[-84.2854,34.0522],[-84.2854,34.052],[-84.2859,34.0508],[-84.2863,34.0496],[-84.2864,34.0493],[-84.2864,34.049]]]}},{"type":"Feature","id":"13121006400","properties":{"GEOID":"13121006400","NAME":"Census Tract 64","AREALAND":1256313},"geometry":{"type":"Polygon","coordinates":[[[-84.3797,33.7173],[-84.3799,33.7174],[-84.3795,33.7168],[-84.3792,33.7165],[-84.3791,33.7163],[-84.3786,33.7157],[-84.3785,33.7156],[-84.3784,33.7153],[-84.3781,33.7148],[-84.3777,33.714],[-84.3772,33.713],[-84.3771,33.7128],[-84.3768,33.7122],[-84.3766,33.7118],[-84.3764,33.7116],[-84.3762,33.7113],[-84.3758,33.711],[-84.3754,33.7106],[-84.375,33.7104],[-84.3745,33.7102],[-84.3738,33.7099],[-84.3738,33.7103],[-84.3737,33.7119],[-84.3737,33.7138],[-84.3737,33.7139],[-84.3736,33.714],[-84.3734,33.7139],[-84.3732,33.7138],[-84.3724,33.7138],[-84.3722,33.7138],[-84.3701,33.7138],[-84.3688,33.7138],[-84.3686,33.7138],[-84.3686,33.7139],[-84.3686,33.7146],[-84.3686,33.7151],[-84.3686,33.7159],[-84.3686,33.7163],[-84.3685,33.7171],[-84.3685,33.7183],[-84.3685,33.72],[-84.3685,33.7213],[-84.3685,33.7219],[-84.3685,33.7226],[-84.3685,33.7234],[-84.3684,33.7247],[-84.3684,33.7258],[-84.3684,33.7262],[-84.3695,33.7259],[-84.3708,33.7255],[-84.3714,33.7253],[-84.3721,33.7251],[-84.3734,33.7246],[-84.374,33.7245],[-84.3745,33.7244],[-84.3748,33.7243],[-84.375,33.7243],[-84.3752,33.7243],[-84.3753,33.7243],[-84.3754,33.7243],[-84.3757,33.7243],[-84.3764,33.7243],[-84.3766,33.7243],[-84.3779,33.7243],[-84.3786,33.7243],[-84.3787,33.722],[-84.3787,33.721],[-84.3787,33.7205],[-84.3787,33.7201],[-84.3788,33.719],[-84.3788,33.7174],[-84.3785,33.7169],[-84.3793,33.7172],[-84.3795,33.7173],[-84.3797,33.7173]]]}},{"type":"Feature","id":"13121007400","properties":{"GEOID":"13121007400","NAME":"Census Tract 74","AREALAND":2325713},"geometry":{"type":"Polygon","coordinates":[[[-84.4182,33.6769],[-84.4183,33.6731],[-84.4166,33.6731],[-84.4143,33.6731],[-84.4141,33.6731],[-84.4131,33.6731],[-84.4121,33.6731],[-84.4085,33.6731],[-84.407,33.673],[-84.4054,33.673],[-84.4035,33.673],[-84.4007,33.673],[-84.3996,33.6729],[-84.3994,33.6729],[-84.3979,33.6729],[-84.3977,33.6729],[-84.3975,33.6729],[-84.3975,33.6756],[-84.3977,33.6765],[-84.3977,33.6767],[-84.3984,33.6811],[-84.3984,33.6812],[-84.3984,33.6812],[-84.3986,33.682],[-84.3986,33.6824],[-84.3986,33.6838],[-84.3987,33.6845],[-84.3986,33.6851],[-84.3987,33.6859],[-84.3987,33.6859],[-84.3988,33.6859],[-84.3989,33.6859],[-84.3989,33.6859],[-84.3991,33.6859],[-84.3991,33.6859],[-84.3992,33.6859],[-84.3993,33.6858],[-84.3994,33.6858],[-84.3995,33.6858],[-84.3996,33.6858],[-84.3997,33.6858],[-84.3998,33.6859],[-84.3998,33.686],[-84.3999,33.6861],[-84.4,33.6861],[-84.4,33.6862],[-84.4001,33.6862],[-84.4002,33.6863],[-84.4003,33.6863],[-84.4006,33.6863],[-84.4006,33.6863],[-84.4009,33.6863],[-84.401,33.6864],[-84.401,33.6864],[-84.4011,33.6864],[-84.4015,33.6864],[-84.4018,33.6864],[-84.402,33.6864],[-84.4024,33.6864],[-84.4025,33.6864],[-84.4026,33.6864],[-84.4027,33.6865],[-84.4028,33.6864],[-84.4029,33.6863],[-84.403,33.6863],[-84.4031,33.6863],[-84.4032,33.6862],[-84.4033,33.6862],[-84.4034,33.6862],[-84.4035,33.6861],[-84.4036,33.6861],[-84.4037,33.686],[-84.4038,33.686],[-84.4039,33.6859],[-84.404,33.6859],[-84.4041,33.6859],[-84.4042,33.6859],[-84.4043,33.6858],[-84.4044,33.6858],[-84.4046,33.6858],[-84.4048,33.6858],[-84.4051,33.6857],[-84.4055,33.6856],[-84.4063,33.6853],[-84.4072,33.6851],[-84.4075,33.685],[-84.4078,33.685],[-84.408,33.6849],[-84.4081,33.6849],[-84.4082,33.6848],[-84.4082,33.6847],[-84.4083,33.6847],[-84.4085,33.6847],[-84.4088,33.6846],[-84.4089,33.6846],[-84.4092,33.6846],[-84.4093,33.6846],[-84.4094,33.6846],[-84.4095,33.6846],[-84.4096,33.6846],[-84.4098,33.6846],[-84.4101,33.6845],[-84.4102,33.6845],[-84.4103,33.6846],[-84.4104,33.6845],[-84.4105,33.6845],[-84.4106,33.6845],[-84.4107,33.6845],[-84.4108,33.6845],[-84.4109,33.6845],[-84.411,33.6845],[-84.4112,33.6845],[-84.4114,33.6845],[-84.4117,33.6845],[-84.4119,33.6845],[-84.4121,33.6845],[-84.4123,33.6845],[-84.4124,33.6844],[-84.4126,33.6844],[-84.4128,33.6845],[-84.4128,33.6847],[-84.4131,33.6847],[-84.4133,33.6847],[-84.4134,33.6847],[-84.4135,33.6848],[-84.4136,33.6847],[-84.4136,33.6845],[-84.4137,33.6845],[-84.414,33.6844],[-84.4141,33.6841],[-84.4144,33.6839],[-84.415,33.6839],[-84.4151,33.6839],[-84.4158,33.6839],[-84.4159,33.6838],[-84.416,33.6837],[-84.4161,33.6837],[-84.4161,33.6836],[-84.4161,33.6836],[-84.4162,33.6835],[-84.4162,33.6834],[-84.4162,33.6833],[-84.4162,33.6832],[-84.4162,33.6832],[-84.4161,33.6831],[-84.4161,33.683],[-84.4161,33.6829],[-84.4161,33.6828],[-84.4168,33.6842],[-84.4169,33.6828],[-84.4169,33.6824],[-84.4169,33.6814],[-84.4167,33.6814],[-84.416,33.6814],[-84.4151,33.6813],[-84.4152,33.6805],[-84.4152,33.6803],[-84.4151,33.6799],[-84.4151,33.6798],[-84.4151,33.6797],[-84.415,33.6794],[-84.4151,33.6788],[-84.4152,33.6785],[-84.4153,33.6781],[-84.4155,33.6777],[-84.4155,33.6775],[-84.4167,33.6774],[-84.4172,33.6774],[-84.4172,33.6772],[-84.4172,33.677],[-84.4182,33.6769]]]}},{"type":"Feature","id":"13121011000","properties":{"GEOID":"13121011000","NAME":"Census Tract 110","AREALAND":2856590},"geometry":{"type":"Polygon","coordinates":[[[-84.4396,33.6794],[-84.4395,33.6791],[-84.4395,33.6787],[-84.4392,33.6776],[-84.4391,33.6769],[-84.4389,33.6761],[-84.4389,33.6758],[-84.4389,33.6757],[-84.4384,33.6735],[-84.4383,33.673],[-84.4383,33.6727],[-84.4382,33.6724],[-84.438,33.672],[-84.4378,33.6716],[-84.4375,33.6713],[-84.437,33.6707],[-84.4366,33.6702],[-84.4361,33.6698],[-84.4355,33.6695],[-84.435,33.6692],[-84.4343,33.669],[-84.4336,33.6688],[-84.4324,33.6684],[-84.4303,33.6677],[-84.4284,33.6671],[-84.4273,33.6668],[-84.4256,33.6662],[-84.4255,33.6662],[-84.4249,33.666],[-84.4246,33.6659],[-84.4234,33.6655],[-84.4232,33.6654],[-84.4229,33.6654],[-84.4225,33.6652],[-84.4218,33.665],[-84.4204,33.6646],[-84.4201,33.6647],[-84.4189,33.6652],[-84.4186,33.6653],[-84.4187,33.6657],[-84.4188,33.6658],[-84.4188,33.6659],[-84.4188,33.666],[-84.4188,33.6661],[-84.4189,33.6664],[-84.4189,33.6665],[-84.4189,33.6669],[-84.4189,33.667],[-84.4189,33.6702],[-84.4189,33.6724],[-84.4189,33.6731],[-84.4183,33.6731],[-84.4182,33.6769],[-84.4172,33.677],[-84.4172,33.6772],[-84.4172,33.6774],[-84.4167,33.6774],[-84.4155,33.6775],[-84.4155,33.6777],[-84.4153,33.6781],[-84.4152,33.6785],[-84.4151,33.6788],[-84.415,33.6794],[-84.4151,33.6797],[-84.4151,33.6798],[-84.4151,33.6799],[-84.4152,33.6803],[-84.4152,33.6805],[-84.4151,33.6813],[-84.416,33.6814],[-84.4167,33.6814],[-84.4169,33.6814],[-84.4176,33.6814],[-84.4186,33.6814],[-84.42,33.6814],[-84.4208,33.6814],[-84.4216,33.6814],[-84.4235,33.6815],[-84.4246,33.6815],[-84.4248,33.6815],[-84.4255,33.6815],[-84.4261,33.6815],[-84.4264,33.6815],[-84.4268,33.6815],[-84.4272,33.6814],[-84.4276,33.6812],[-84.4298,33.6803],[-84.4301,33.6801],[-84.4304,33.68],[-84.4314,33.6795],[-84.4316,33.6795],[-84.4321,33.6795],[-84.4335,33.6795],[-84.4356,33.6795],[-84.4357,33.6794],[-84.4359,33.6793],[-84.4361,33.6793],[-84.4362,33.6792],[-84.4364,33.6794],[-84.4365,33.6794],[-84.4366,33.6795],[-84.4374,33.6795],[-84.438,33.6795],[-84.439,33.6795],[-84.4393,33.6795],[-84.4396,33.6794]]]}},{"type":"Feature","id":"13121011616","properties":{"GEOID":"13121011616","NAME":"Census Tract 116.16","AREALAND":5705788},"geometry":{"type":"Polygon","coordinates":[[[-84.2967,34.0713],[-84.2968,34.0711],[-84.2936,34.0708],[-84.2935,34.0697],[-84.2935,34.0691],[-84.2935,34.0683],[-84.2934,34.0679],[-84.2934,34.0676],[-84.2933,34.0673],[-84.2931,34.0669],[-84.293,34.0665],[-84.2918,34.0639],[-84.2912,34.063],[-84.2905,34.0621],[-84.2896,34.0611],[-84.289,34.0605],[-84.2885,34.06],[-84.2882,34.0596],[-84.288,34.0593],[-84.2878,34.059],[-84.2875,34.0587],[-84.287,34.0579],[-84.2868,34.0576],[-84.2866,34.0571],[-84.2863,34.0565],[-84.2861,34.0561],[-84.2861,34.056],[-84.2857,34.0546],[-84.2841,34.0551],[-84.2833,34.0554],[-84.2831,34.0555],[-84.2827,34.0557],[-84.2822,34.056],[-84.2814,34.0565],[-84.2811,34.0567],[-84.2793,34.0579],[-84.2781,34.0586],[-84.2776,34.059],[-84.2772,34.0593],[-84.2769,34.0597],[-84.2766,34.06],[-84.2763,34.0606],[-84.276,34.0611],[-84.2749,34.0632],[-84.2742,34.0646],[-84.2733,34.0663],[-84.2721,34.0687],[-84.272,34.0688],[-84.2706,34.0717],[-84.2704,34.072],[-84.2692,34.0742],[-84.269,34.0748],[-84.2663,34.0798],[-84.2646,34.0832],[-84.2642,34.0839],[-84.2627,34.0867],[-84.2623,34.0875],[-84.262,34.088],[-84.2623,34.088],[-84.2627,34.0879],[-84.2638,34.0876],[-84.2648,34.0872],[-84.2654,34.0871],[-84.2656,34.0871],[-84.2659,34.0871],[-84.2663,34.087],[-84.2666,34.087],[-84.2669,34.0871],[-84.2674,34.0871],[-84.2677,34.0872],[-84.2678,34.0872],[-84.2688,34.0875],[-84.2694,34.0877],[-84.2696,34.0877],[-84.27,34.0863],[-84.2701,34.0862],[-84.2702,34.086],[-84.2703,34.0858],[-84.2705,34.0856],[-84.2707,34.0854],[-84.271,34.0852],[-84.2713,34.085],[-84.2716,34.0849],[-84.2718,34.0848],[-84.2718,34.0848],[-84.2723,34.0846],[-84.2725,34.0845],[-84.2727,34.0844],[-84.2729,34.0843],[-84.2731,34.0841],[-84.2733,34.0843],[-84.2734,34.0843],[-84.2735,34.0844],[-84.2737,34.0844],[-84.2739,34.0845],[-84.274,34.0845],[-84.2742,34.0845],[-84.2744,34.0845],[-84.2748,34.0845],[-84.2752,34.0844],[-84.2769,34.084],[-84.2771,34.084],[-84.2774,34.0839],[-84.2776,34.0838],[-84.2779,34.0836],[-84.2781,34.0835],[-84.2783,34.0835],[-84.2795,34.0829],[-84.2804,34.0825],[-84.2806,34.0824],[-84.2814,34.082],[-84.2818,34.0819],[-84.2829,34.0813],[-84.2834,34.0811],[-84.284,34.0807],[-84.2847,34.0803],[-84.2849,34.0802],[-84.2852,34.0801],[-84.2856,34.08],[-84.2858,34.0799],[-84.286,34.0799],[-84.2885,34.0795],[-84.2903,34.0792],[-84.2918,34.0789],[-84.2925,34.0788],[-84.2933,34.0786],[-84.2935,34.0786],[-84.2938,34.0785],[-84.2945,34.0785],[-84.2944,34.078],[-84.2945,34.0775],[-84.2945,34.076],[-84.2945,34.0756],[-84.2946,34.0752],[-84.2946,34.0747],[-84.2946,34.0744],[-84.2947,34.0741],[-84.2947,34.0741],[-84.2947,34.0741],[-84.2949,34.0737],[-84.295,34.0733],[-84.2952,34.073],[-84.2955,34.0727],[-84.2967,34.0713]]]}},{"type":"Feature","id":"13121005200","properties":{"GEOID":"13121005200","NAME":"Census Tract 52","AREALAND":2267292},"geometry":{"type":"Polygon","coordinates":[[[-84.3636,33.7284],[-84.3638,33.7283],[-84.3634,33.7276],[-84.3633,33.7275],[-84.3632,33.7275],[-84.3625,33.7273],[-84.362,33.7273],[-84.3611,33.7272],[-84.3607,33.7271],[-84.3607,33.7271],[-84.3595,33.7269],[-84.3584,33.7268],[-84.3579,33.7267],[-84.3572,33.7266],[-84.3572,33.7266],[-84.357,33.7266],[-84.3561,33.7265],[-84.3559,33.7264],[-84.3541,33.7262],[-84.354,33.7261],[-84.3539,33.7261],[-84.3538,33.726],[-84.353,33.7253],[-84.3527,33.725],[-84.3526,33.7249],[-84.3525,33.7249],[-84.3521,33.7247],[-84.3509,33.7244],[-84.3494,33.724],[-84.3494,33.7253],[-84.3494,33.7264],[-84.3494,33.7276],[-84.3493,33.7291],[-84.3493,33.7301],[-84.3493,33.7319],[-84.3493,33.7328],[-84.3493,33.733],[-84.3493,33.7341],[-84.3493,33.735],[-84.3493,33.7356],[-84.3493,33.7358],[-84.3493,33.736],[-84.3493,33.7367],[-84.3493,33.7369],[-84.3493,33.737],[-84.3493,33.7375],[-84.3493,33.7378],[-84.3493,33.738],[-84.3493,33.7384],[-84.3493,33.7391],[-84.3493,33.7394],[-84.3492,33.7399],[-84.3492,33.7402],[-84.3492,33.7403],[-84.3492,33.7404],[-84.3492,33.7414],[-84.3492,33.7421],[-84.3492,33.7428],[-84.3492,33.7433],[-84.3492,33.7434],[-84.3492,33.7436],[-84.3492,33.7437],[-84.3492,33.744],[-84.3492,33.7442],[-84.3492,33.7443],[-84.3492,33.7444],[-84.3492,33.7445],[-84.3492,33.7448],[-84.3492,33.7449],[-84.3492,33.7452],[-84.3492,33.7453],[-84.3492,33.7455],[-84.3492,33.7456],[-84.3492,33.7457],[-84.3492,33.7459],[-84.3492,33.7461],[-84.3492,33.7461],[-84.3492,33.7462],[-84.3492,33.7463],[-84.3492,33.7466],[-84.3492,33.7466],[-84.3492,33.7468],[-84.3492,33.7468],[-84.3492,33.7476],[-84.3504,33.7474],[-84.3507,33.7473],[-84.3527,33.7469],[-84.3541,33.7466],[-84.3544,33.7465],[-84.3556,33.7466],[-84.3568,33.7466],[-84.3582,33.7466],[-84.3582,33.7461],[-84.3582,33.7453],[-84.3582,33.7449],[-84.3582,33.7441],[-84.3582,33.7439],[-84.3582,33.7436],[-84.3582,33.7435],[-84.3582,33.7435],[-84.3582,33.7429],[-84.3582,33.7422],[-84.3582,33.7403],[-84.3583,33.7398],[-84.3583,33.7398],[-84.3583,33.7395],[-84.3586,33.7383],[-84.3589,33.7374],[-84.359,33.7373],[-84.3593,33.7365],[-84.3598,33.7352],[-84.3599,33.7349],[-84.3603,33.7337],[-84.3605,33.7328],[-84.3606,33.7326],[-84.3609,33.7321],[-84.361,33.7318],[-84.3611,33.7316],[-84.3613,33.7313],[-84.3615,33.7307],[-84.3617,33.7305],[-84.362,33.7301],[-84.3624,33.7295],[-84.3629,33.7291],[-84.3632,33.7288],[-84.3632,33.7287],[-84.3636,33.7284]]]}},{"type":"Feature","id":"13121006900","properties":{"GEOID":"13121006900","NAME":"Census Tract 69","AREALAND":3150780},"geometry":{"type":"Polygon","coordinates":[[[-84.3686,33.7139],[-84.3686,33.7138],[-84.3685,33.7138],[-84.3667,33.7132],[-84.366,33.713],[-84.3654,33.7127],[-84.3648,33.7125],[-84.3642,33.7121],[-84.3632,33.7114],[-84.3615,33.7104],[-84.3606,33.7098],[-84.3596,33.709],[-84.3595,33.709],[-84.3594,33.709],[-84.3592,33.709],[-84.3584,33.709],[-84.3561,33.7089],[-84.3557,33.7089],[-84.3546,33.7089],[-84.3543,33.7089],[-84.3541,33.7089],[-84.3537,33.7089],[-84.3534,33.709],[-84.3526,33.709],[-84.3521,33.7091],[-84.3495,33.7093],[-84.3495,33.714],[-84.3495,33.7142],[-84.3495,33.7155],[-84.3495,33.7155],[-84.3495,33.7157],[-84.3495,33.7159],[-84.3495,33.7159],[-84.3495,33.716],[-84.3495,33.7161],[-84.3495,33.7177],[-84.3495,33.7184],[-84.3495,33.7194],[-84.3495,33.7207],[-84.3495,33.7209],[-84.3494,33.7218],[-84.3494,33.7222],[-84.3494,33.7222],[-84.3494,33.7236],[-84.3494,33.7238],[-84.3494,33.7238],[-84.3494,33.724],[-84.3509,33.7244],[-84.3521,33.7247],[-84.3525,33.7249],[-84.3526,33.7249],[-84.3527,33.725],[-84.353,33.7253],[-84.3538,33.726],[-84.3539,33.7261],[-84.354,33.7261],[-84.3541,33.7262],[-84.3559,33.7264],[-84.3561,33.7265],[-84.357,33.7266],[-84.3572,33.7266],[-84.3572,33.7266],[-84.3579,33.7267],[-84.3584,33.7268],[-84.3595,33.7269],[-84.3607,33.7271],[-84.3607,33.7271],[-84.3611,33.7272],[-84.362,33.7273],[-84.3625,33.7273],[-84.3632,33.7275],[-84.3633,33.7275],[-84.3634,33.7276],[-84.3638,33.7283],[-84.364,33.7281],[-84.3646,33.7277],[-84.3648,33.7276],[-84.3653,33.7273],[-84.3654,33.7273],[-84.3656,33.7272],[-84.3657,33.7272],[-84.3662,33.7269],[-84.3664,33.7269],[-84.3668,33.7268],[-84.3672,33.7266],[-84.3678,33.7264],[-84.3679,33.7264],[-84.3682,33.7263],[-84.3684,33.7262],[-84.3684,33.7258],[-84.3684,33.7247],[-84.3685,33.7234],[-84.3685,33.7226],[-84.3685,33.7219],[-84.3685,33.7213],[-84.3685,33.72],[-84.3685,33.7183],[-84.3685,33.7171],[-84.3686,33.7163],[-84.3686,33.7159],[-84.3686,33.7151],[-84.3686,33.7146],[-84.3686,33.7139]]]}},{"type":"Feature","id":"13121006801","properties":{"GEOID":"13121006801","NAME":"Census Tract 68.01","AREALAND":660642},"geometry":{"type":"Polygon","coordinates":[[[-84.3738,33.7103],[-84.3738,33.7099],[-84.3734,33.7098],[-84.372,33.7093],[-84.3718,33.7092],[-84.3714,33.7091],[-84.371,33.709],[-84.3702,33.7086],[-84.37,33.7085],[-84.3695,33.7082],[-84.3693,33.7081],[-84.3689,33.7078],[-84.3686,33.7075],[-84.3686,33.7075],[-84.3682,33.7071],[-84.368,33.7068],[-84.3678,33.7065],[-84.3677,33.7062],[-84.3673,33.7053],[-84.3669,33.7047],[-84.3646,33.7071],[-84.362,33.7088],[-84.3612,33.7094],[-84.3606,33.7098],[-84.3615,33.7104],[-84.3632,33.7114],[-84.3642,33.7121],[-84.3648,33.7125],[-84.3654,33.7127],[-84.366,33.713],[-84.3667,33.7132],[-84.3685,33.7138],[-84.3686,33.7138],[-84.3688,33.7138],[-84.3701,33.7138],[-84.3722,33.7138],[-84.3724,33.7138],[-84.3732,33.7138],[-84.3734,33.7139],[-84.3736,33.714],[-84.3737,33.7139],[-84.3737,33.7138],[-84.3737,33.7119],[-84.3738,33.7103]]]}},{"type":"Feature","id":"13121009900","properties":{"GEOID":"13121009900","NAME":"Census Tract 99","AREALAND":7759910},"geometry":{"type":"Polygon","coordinates":[[[-84.4088,33.8722],[-84.4087,33.872],[-84.4085,33.8715],[-84.4084,33.8713],[-84.4084,33.8712],[-84.4083,33.8711],[-84.4077,33.8705],[-84.4073,33.87],[-84.4072,33.8699],[-84.4072,33.8698],[-84.4071,33.8697],[-84.4071,33.8696],[-84.4071,33.8694],[-84.4071,33.8694],[-84.4071,33.8692],[-84.407,33.8687],[-84.407,33.8685],[-84.407,33.8684],[-84.407,33.8684],[-84.4069,33.8684],[-84.4069,33.8683],[-84.4064,33.8673],[-84.4062,33.867],[-84.4061,33.8667],[-84.4053,33.8647],[-84.4053,33.8645],[-84.4048,33.8634],[-84.4048,33.8633],[-84.4047,33.8633],[-84.4044,33.8626],[-84.4037,33.8607],[-84.4036,33.8604],[-84.4035,33.8599],[-84.4034,33.8598],[-84.4034,33.8596],[-84.4034,33.8594],[-84.4035,33.8593],[-84.4036,33.8589],[-84.4037,33.8588],[-84.4039,33.8583],[-84.4043,33.8575],[-84.4044,33.8573],[-84.4046,33.8571],[-84.405,33.8566],[-84.4051,33.8565],[-84.4052,33.8563],[-84.4053,33.8561],[-84.4054,33.8559],[-84.4054,33.8557],[-84.4055,33.8545],[-84.4055,33.8544],[-84.4055,33.8543],[-84.4055,33.8542],[-84.4056,33.8541],[-84.4056,33.854],[-84.4057,33.854],[-84.4058,33.8538],[-84.4069,33.853],[-84.407,33.8529],[-84.4071,33.8528],[-84.4072,33.8527],[-84.4072,33.8526],[-84.4072,33.8525],[-84.4072,33.852],[-84.4072,33.8506],[-84.4072,33.8495],[-84.4072,33.8493],[-84.4073,33.8473],[-84.4073,33.8445],[-84.4074,33.8422],[-84.4074,33.842],[-84.4074,33.8418],[-84.4075,33.8418],[-84.4076,33.8417],[-84.4077,33.8416],[-84.408,33.8413],[-84.4082,33.8412],[-84.4082,33.8411],[-84.4082,33.841],[-84.4083,33.8409],[-84.4083,33.8409],[-84.4083,33.8408],[-84.4082,33.8395],[-84.4082,33.8392],[-84.4082,33.8389],[-84.4081,33.8387],[-84.408,33.8385],[-84.408,33.8383],[-84.4078,33.838],[-84.4076,33.8376],[-84.4076,33.8376],[-84.4075,33.8372],[-84.4074,33.8369],[-84.4074,33.8367],[-84.4074,33.8365],[-84.4074,33.835],[-84.4073,33.835],[-84.4068,33.8353],[-84.4063,33.8355],[-84.4062,33.8356],[-84.406,33.8357],[-84.4057,33.8359],[-84.4056,33.8359],[-84.4051,33.8364],[-84.405,33.8366],[-84.4049,33.8367],[-84.4046,33.8373],[-84.4046,33.8374],[-84.4045,33.8375],[-84.4043,33.8377],[-84.4037,33.8382],[-84.4034,33.8385],[-84.4032,33.8387],[-84.4026,33.8394],[-84.4023,33.8397],[-84.4022,33.8398],[-84.4021,33.8399],[-84.402,33.84],[-84.4018,33.84],[-84.4009,33.8404],[-84.4002,33.8407],[-84.3998,33.8408],[-84.3996,33.8409],[-84.3994,33.8411],[-84.3989,33.8413],[-84.3984,33.8417],[-84.3981,33.8419],[-84.398,33.842],[-84.3979,33.842],[-84.3978,33.8421],[-84.3978,33.8422],[-84.3974,33.8429],[-84.3966,33.8442],[-84.3963,33.8441],[-84.396,33.844],[-84.3958,33.844],[-84.3954,33.844],[-84.3954,33.8443],[-84.3955,33.8444],[-84.3955,33.8445],[-84.3956,33.8447],[-84.3957,33.8448],[-84.3957,33.845],[-84.3957,33.8452],[-84.3957,33.8453],[-84.3955,33.8458],[-84.3955,33.8459],[-84.3954,33.846],[-84.3954,33.8461],[-84.3951,33.8464],[-84.3947,33.8468],[-84.3946,33.8468],[-84.3945,33.8469],[-84.3944,33.8469],[-84.3943,33.8469],[-84.3938,33.847],[-84.3936,33.847],[-84.3934,33.8471],[-84.393,33.8473],[-84.3928,33.8474],[-84.3923,33.8477],[-84.3922,33.8478],[-84.392,33.8479],[-84.3917,33.8479],[-84.3912,33.848],[-84.3903,33.8483],[-84.3898,33.8484],[-84.3893,33.8486],[-84.3889,33.8487],[-84.3888,33.8487],[-84.3883,33.8489],[-84.388,33.849],[-84.3877,33.8491],[-84.3875,33.8492],[-84.3874,33.8492],[-84.3872,33.8494],[-84.3871,33.8495],[-84.387,33.8496],[-84.3869,33.8498],[-84.3868,33.8499],[-84.3867,33.8502],[-84.3866,33.8503],[-84.3866,33.8504],[-84.3862,33.8508],[-84.386,33.851],[-84.3859,33.8511],[-84.3854,33.8519],[-84.3852,33.8522],[-84.3851,33.8523],[-84.3849,33.8524],[-84.3848,33.8524],[-84.3847,33.8525],[-84.3842,33.8526],[-84.3839,33.8527],[-84.3838,33.8528],[-84.3836,33.8529],[-84.3833,33.8531],[-84.3832,33.8532],[-84.383,33.8532],[-84.3829,33.8533],[-84.3828,33.8533],[-84.3827,33.8533],[-84.3827,33.8534],[-84.3827,33.8537],[-84.3827,33.8541],[-84.3827,33.8542],[-84.3827,33.8544],[-84.3827,33.8556],[-84.3826,33.8558],[-84.3826,33.856],[-84.3826,33.8561],[-84.3826,33.8562],[-84.3825,33.8564],[-84.3825,33.8564],[-84.3824,33.8567],[-84.3822,33.8569],[-84.3814,33.858],[-84.3813,33.858],[-84.3811,33.8583],[-84.3809,33.8586],[-84.3808,33.8589],[-84.3807,33.8591],[-84.3807,33.8595],[-84.3804,33.8612],[-84.3804,33.8615],[-84.3803,33.8622],[-84.3803,33.8625],[-84.3802,33.8627],[-84.3803,33.8629],[-84.3803,33.8632],[-84.3804,33.8634],[-84.3806,33.8643],[-84.3807,33.8646],[-84.3807,33.8648],[-84.3808,33.8652],[-84.3808,33.8652],[-84.3809,33.8657],[-84.381,33.866],[-84.381,33.8661],[-84.381,33.8662],[-84.381,33.8666],[-84.3811,33.867],[-84.3811,33.8675],[-84.3811,33.8686],[-84.3811,33.8703],[-84.381,33.8718],[-84.381,33.8722],[-84.381,33.873],[-84.381,33.8736],[-84.3809,33.8744],[-84.3809,33.8746],[-84.3809,33.8747],[-84.3808,33.8749],[-84.3807,33.8752],[-84.3807,33.8753],[-84.3807,33.8753],[-84.3807,33.8753],[-84.3806,33.8754],[-84.3805,33.8757],[-84.3799,33.8768],[-84.3812,33.8775],[-84.3819,33.8779],[-84.3821,33.878],[-84.3822,33.878],[-84.3822,33.878],[-84.3823,33.8781],[-84.3823,33.8781],[-84.3824,33.8781],[-84.3825,33.8781],[-84.3826,33.8781],[-84.3827,33.878],[-84.3828,33.878],[-84.3835,33.8776],[-84.3836,33.8775],[-84.3838,33.8775],[-84.3839,33.8774],[-84.384,33.8774],[-84.3842,33.8773],[-84.3843,33.8773],[-84.385,33.8772],[-84.3853,33.8772],[-84.3858,33.8771],[-84.3874,33.8771],[-84.3878,33.877],[-84.3879,33.877],[-84.3881,33.877],[-84.3882,33.8769],[-84.3888,33.8766],[-84.389,33.8766],[-84.3893,33.8765],[-84.3895,33.8764],[-84.3916,33.8759],[-84.3917,33.8759],[-84.3919,33.8758],[-84.3921,33.8757],[-84.3921,33.8756],[-84.3922,33.8755],[-84.3925,33.8751],[-84.3926,33.8749],[-84.3928,33.8748],[-84.393,33.8746],[-84.3935,33.8743],[-84.3937,33.8742],[-84.3939,33.8741],[-84.3941,33.8741],[-84.3945,33.8741],[-84.3946,33.8741],[-84.3947,33.874],[-84.3948,33.874],[-84.3949,33.874],[-84.3949,33.874],[-84.395,33.8739],[-84.3956,33.8735],[-84.3962,33.8732],[-84.3963,33.8731],[-84.3968,33.8735],[-84.397,33.8737],[-84.3974,33.874],[-84.3978,33.8743],[-84.3979,33.8744],[-84.3979,33.8744],[-84.398,33.8744],[-84.3981,33.8744],[-84.399,33.8744],[-84.3991,33.8744],[-84.4004,33.8746],[-84.4009,33.8746],[-84.4021,33.8747],[-84.4025,33.8747],[-84.4028,33.8748],[-84.403,33.8748],[-84.4034,33.8748],[-84.4036,33.8749],[-84.4037,33.8749],[-84.4038,33.875],[-84.4039,33.8751],[-84.4044,33.8754],[-84.4044,33.8754],[-84.4045,33.8755],[-84.4047,33.8754],[-84.4049,33.8753],[-84.405,33.8752],[-84.4051,33.8751],[-84.4052,33.875],[-84.4056,33.8745],[-84.4058,33.8742],[-84.406,33.8739],[-84.4061,33.8738],[-84.4064,33.8736],[-84.4066,33.8735],[-84.4068,33.8734],[-84.4071,33.8733],[-84.4076,33.873],[-84.4077,33.873],[-84.4079,33.8729],[-84.4081,33.8728],[-84.4088,33.8722]]]}},{"type":"Feature","id":"13121007100","properties":{"GEOID":"13121007100","NAME":"Census Tract 71","AREALAND":2477926},"geometry":{"type":"Polygon","coordinates":[[[-84.3658,33.697],[-84.3658,33.6969],[-84.3657,33.6969],[-84.3657,33.6967],[-84.3656,33.6965],[-84.3655,33.6964],[-84.3655,33.6963],[-84.3654,33.6962],[-84.3654,33.6961],[-84.3653,33.696],[-84.3652,33.696],[-84.3644,33.6953],[-84.3643,33.6952],[-84.3642,33.6952],[-84.3641,33.6951],[-84.364,33.6951],[-84.364,33.695],[-84.3639,33.695],[-84.3638,33.6949],[-84.3637,33.6949],[-84.3637,33.6949],[-84.3637,33.6948],[-84.3634,33.6945],[-84.3633,33.6944],[-84.3631,33.6941],[-84.363,33.6941],[-84.3629,33.694],[-84.3628,33.694],[-84.3627,33.694],[-84.3626,33.6939],[-84.3625,33.6938],[-84.3624,33.6937],[-84.3623,33.6935],[-84.3623,33.6934],[-84.3622,33.6934],[-84.3621,33.6933],[-84.3621,33.6933],[-84.362,33.6932],[-84.362,33.6931],[-84.362,33.6931],[-84.3618,33.6928],[-84.3618,33.6928],[-84.3617,33.6927],[-84.3617,33.6926],[-84.3616,33.6926],[-84.3612,33.6923],[-84.3611,33.6922],[-84.361,33.6921],[-84.361,33.692],[-84.3609,33.692],[-84.3609,33.6919],[-84.3608,33.6918],[-84.3607,33.6918],[-84.3606,33.6918],[-84.3605,33.6917],[-84.3605,33.6916],[-84.3604,33.6916],[-84.3604,33.6915],[-84.3604,33.6914],[-84.3604,33.6913],[-84.3604,33.6911],[-84.3604,33.691],[-84.3603,33.691],[-84.3602,33.691],[-84.3602,33.6909],[-84.3601,33.6909],[-84.36,33.6909],[-84.3599,33.6909],[-84.3595,33.6908],[-84.3593,33.6908],[-84.3592,33.6905],[-84.3588,33.6904],[-84.3584,33.6903],[-84.3581,33.6901],[-84.3578,33.69],[-84.3575,33.6899],[-84.3574,33.6899],[-84.3573,33.6898],[-84.3573,33.6898],[-84.3569,33.6896],[-84.3567,33.6895],[-84.3565,33.6895],[-84.3564,33.6895],[-84.3563,33.6895],[-84.3562,33.6894],[-84.3561,33.6893],[-84.3561,33.6893],[-84.3561,33.6892],[-84.356,33.6891],[-84.3559,33.689],[-84.3559,33.689],[-84.3556,33.6888],[-84.3554,33.6887],[-84.3553,33.6886],[-84.3552,33.6885],[-84.355,33.6884],[-84.3542,33.6877],[-84.3541,33.6876],[-84.3536,33.6871],[-84.3535,33.687],[-84.3534,33.6869],[-84.3532,33.6868],[-84.3532,33.6867],[-84.3529,33.6865],[-84.3528,33.6864],[-84.3527,33.6863],[-84.3526,33.6863],[-84.3526,33.6862],[-84.3525,33.6861],[-84.3525,33.686],[-84.3525,33.6858],[-84.3525,33.6857],[-84.3525,33.6856],[-84.3524,33.6854],[-84.3524,33.6852],[-84.3524,33.6852],[-84.3523,33.6851],[-84.3523,33.685],[-84.3523,33.6849],[-84.3523,33.6848],[-84.3524,33.6847],[-84.3526,33.6846],[-84.3526,33.6846],[-84.3527,33.6845],[-84.3528,33.6845],[-84.3529,33.6844],[-84.3529,33.6843],[-84.3529,33.6842],[-84.3529,33.6841],[-84.3529,33.684],[-84.3528,33.684],[-84.3528,33.6839],[-84.3527,33.6838],[-84.3527,33.6837],[-84.3527,33.6836],[-84.3526,33.6835],[-84.3526,33.6834],[-84.3526,33.6832],[-84.3526,33.683],[-84.3526,33.683],[-84.3526,33.6829],[-84.3526,33.6828],[-84.3526,33.6827],[-84.3526,33.6826],[-84.3526,33.6826],[-84.3526,33.6823],[-84.3526,33.6822],[-84.3526,33.6821],[-84.3526,33.682],[-84.3526,33.6818],[-84.3526,33.6817],[-84.3526,33.6816],[-84.3525,33.6815],[-84.3525,33.6814],[-84.3525,33.6813],[-84.3525,33.6812],[-84.3525,33.6811],[-84.3525,33.6811],[-84.3525,33.681],[-84.3525,33.6809],[-84.3526,33.6808],[-84.3526,33.6807],[-84.3526,33.6806],[-84.3526,33.6805],[-84.3525,33.6804],[-84.3521,33.6804],[-84.352,33.6804],[-84.3519,33.6804],[-84.3518,33.6804],[-84.3517,33.6804],[-84.3516,33.6804],[-84.3515,33.6803],[-84.3513,33.6803],[-84.3512,33.6803],[-84.3509,33.6803],[-84.3506,33.6803],[-84.3505,33.6804],[-84.3504,33.6804],[-84.3503,33.6804],[-84.3502,33.6804],[-84.35,33.6803],[-84.3499,33.6803],[-84.3497,33.6803],[-84.3496,33.6803],[-84.3496,33.6804],[-84.3495,33.6803],[-84.3494,33.6803],[-84.3493,33.682],[-84.3492,33.6829],[-84.3492,33.683],[-84.3492,33.6831],[-84.3492,33.6833],[-84.3492,33.6839],[-84.3492,33.6853],[-84.3492,33.6877],[-84.3492,33.6884],[-84.3492,33.6893],[-84.3492,33.6899],[-84.3492,33.6902],[-84.3493,33.6911],[-84.3493,33.6915],[-84.3494,33.6922],[-84.3494,33.6926],[-84.3495,33.6937],[-84.3496,33.6953],[-84.3496,33.6955],[-84.3496,33.6972],[-84.3495,33.6982],[-84.3495,33.6985],[-84.3495,33.6987],[-84.3495,33.699],[-84.3495,33.6998],[-84.3495,33.7006],[-84.3495,33.7006],[-84.3495,33.7008],[-84.3495,33.7013],[-84.3495,33.7035],[-84.3495,33.7041],[-84.3495,33.7044],[-84.3495,33.7047],[-84.3495,33.7083],[-84.3495,33.7093],[-84.3521,33.7091],[-84.3526,33.709],[-84.3534,33.709],[-84.3537,33.7089],[-84.3541,33.7089],[-84.3543,33.7089],[-84.3546,33.7089],[-84.3557,33.7089],[-84.3561,33.7089],[-84.3584,33.709],[-84.3592,33.709],[-84.3594,33.709],[-84.3595,33.709],[-84.3591,33.7087],[-84.3588,33.7084],[-84.3583,33.708],[-84.3569,33.7065],[-84.3566,33.7062],[-84.3563,33.706],[-84.3561,33.7058],[-84.3553,33.7053],[-84.3555,33.7051],[-84.3556,33.7048],[-84.3557,33.7046],[-84.3558,33.7044],[-84.3558,33.7042],[-84.3558,33.7036],[-84.3561,33.7036],[-84.3564,33.7035],[-84.3567,33.7034],[-84.357,33.7033],[-84.3572,33.7031],[-84.3573,33.7031],[-84.3575,33.7029],[-84.3576,33.7026],[-84.3578,33.7024],[-84.3581,33.7014],[-84.3582,33.7013],[-84.3583,33.7011],[-84.3587,33.7006],[-84.3588,33.7004],[-84.3589,33.7003],[-84.3589,33.7002],[-84.3589,33.6997],[-84.3589,33.699],[-84.3589,33.6988],[-84.3589,33.6986],[-84.3588,33.6984],[-84.3593,33.6983],[-84.3594,33.6982],[-84.3595,33.6982],[-84.3597,33.698],[-84.3599,33.6978],[-84.36,33.6976],[-84.3601,33.6974],[-84.3601,33.6972],[-84.3601,33.6969],[-84.3603,33.6969],[-84.3603,33.6972],[-84.3604,33.6974],[-84.3605,33.6977],[-84.3606,33.6979],[-84.3608,33.6981],[-84.3609,33.6983],[-84.3618,33.6992],[-84.3619,33.6992],[-84.3619,33.6992],[-84.365,33.6992],[-84.365,33.6988],[-84.365,33.6987],[-84.3651,33.6986],[-84.3651,33.6985],[-84.3652,33.6984],[-84.3652,33.6984],[-84.3652,33.6983],[-84.3652,33.6982],[-84.3652,33.698],[-84.3652,33.698],[-84.3652,33.6979],[-84.3652,33.6979],[-84.3652,33.6979],[-84.3652,33.6978],[-84.3652,33.6977],[-84.3653,33.6977],[-84.3653,33.6976],[-84.3654,33.6975],[-84.3656,33.6974],[-84.3656,33.6973],[-84.3656,33.6972],[-84.3656,33.6972],[-84.3657,33.6971],[-84.3658,33.697]]]}},{"type":"Feature","id":"13121010204","properties":{"GEOID":"13121010204","NAME":"Census Tract 102.04","AREALAND":9419824},"geometry":{"type":"Polygon","coordinates":[[[-84.4475,33.909],[-84.4475,33.9089],[-84.4475,33.9087],[-84.4475,33.9085],[-84.4475,33.9083],[-84.4474,33.9082],[-84.4474,33.9081],[-84.4473,33.9079],[-84.4472,33.9077],[-84.4472,33.9077],[-84.4471,33.9076],[-84.4468,33.9072],[-84.4465,33.9068],[-84.4463,33.9065],[-84.446,33.9061],[-84.4445,33.904],[-84.4431,33.902],[-84.4428,33.9017],[-84.4427,33.9016],[-84.4427,33.9015],[-84.4422,33.9017],[-84.4421,33.9018],[-84.4415,33.902],[-84.4409,33.9023],[-84.4391,33.903],[-84.4366,33.9039],[-84.4352,33.9044],[-84.4352,33.9044],[-84.4351,33.9045],[-84.435,33.9045],[-84.4349,33.9045],[-84.4342,33.9049],[-84.4338,33.9051],[-84.4333,33.9054],[-84.4325,33.9059],[-84.4321,33.9062],[-84.4319,33.9063],[-84.4297,33.9082],[-84.4292,33.9087],[-84.4283,33.9095],[-84.4275,33.9102],[-84.4268,33.9108],[-84.4263,33.9112],[-84.4262,33.9113],[-84.4262,33.9114],[-84.4256,33.9118],[-84.4249,33.9125],[-84.4244,33.9129],[-84.4238,33.9133],[-84.423,33.9137],[-84.4226,33.9139],[-84.4218,33.9144],[-84.4211,33.9146],[-84.4204,33.9149],[-84.4201,33.915],[-84.4193,33.9153],[-84.4189,33.9154],[-84.4184,33.9155],[-84.4178,33.9156],[-84.4171,33.9157],[-84.4167,33.9158],[-84.4154,33.9158],[-84.4143,33.9159],[-84.4142,33.9159],[-84.4128,33.9158],[-84.4111,33.9159],[-84.4104,33.9158],[-84.4088,33.9158],[-84.4074,33.9158],[-84.4069,33.9158],[-84.4067,33.9158],[-84.4067,33.9158],[-84.4067,33.916],[-84.4067,33.916],[-84.4067,33.9166],[-84.4067,33.9174],[-84.4066,33.9182],[-84.4066,33.9193],[-84.4066,33.9199],[-84.4066,33.9211],[-84.4066,33.9211],[-84.4066,33.9219],[-84.4066,33.922],[-84.4067,33.9222],[-84.4067,33.9224],[-84.4068,33.9226],[-84.4069,33.9227],[-84.4071,33.923],[-84.408,33.9244],[-84.4072,33.9249],[-84.4068,33.9252],[-84.406,33.9258],[-84.4037,33.9276],[-84.4036,33.9277],[-84.4036,33.9278],[-84.4035,33.9279],[-84.4035,33.928],[-84.4034,33.9281],[-84.4031,33.9294],[-84.403,33.9296],[-84.4029,33.9298],[-84.4028,33.93],[-84.4027,33.9301],[-84.4026,33.9303],[-84.4025,33.9304],[-84.4024,33.9304],[-84.4024,33.9305],[-84.4022,33.9306],[-84.4021,33.9308],[-84.402,33.9308],[-84.4019,33.9309],[-84.3996,33.9325],[-84.3991,33.9328],[-84.3984,33.9333],[-84.3981,33.9335],[-84.3976,33.9337],[-84.397,33.9339],[-84.3963,33.9342],[-84.3955,33.9345],[-84.3949,33.9348],[-84.3947,33.9349],[-84.3944,33.935],[-84.394,33.9351],[-84.3938,33.9351],[-84.3937,33.9351],[-84.3935,33.9351],[-84.3932,33.9351],[-84.393,33.9351],[-84.3928,33.9351],[-84.3926,33.9351],[-84.3924,33.9351],[-84.392,33.9352],[-84.3912,33.9354],[-84.3898,33.9357],[-84.3895,33.9361],[-84.3892,33.9363],[-84.3886,33.9368],[-84.3885,33.937],[-84.3883,33.9371],[-84.3882,33.9373],[-84.3879,33.9377],[-84.3877,33.938],[-84.3875,33.9383],[-84.3871,33.9387],[-84.387,33.9388],[-84.3869,33.939],[-84.3862,33.9402],[-84.3859,33.9408],[-84.3858,33.9409],[-84.3858,33.9414],[-84.3858,33.942],[-84.3858,33.9421],[-84.3859,33.9424],[-84.3859,33.9425],[-84.386,33.9427],[-84.3861,33.9429],[-84.3862,33.9433],[-84.3863,33.944],[-84.3865,33.9444],[-84.3866,33.9446],[-84.3873,33.9459],[-84.3874,33.9462],[-84.3875,33.9463],[-84.3875,33.9464],[-84.3875,33.9466],[-84.3875,33.9467],[-84.3874,33.9469],[-84.3873,33.9474],[-84.3872,33.9475],[-84.3873,33.9476],[-84.3874,33.9476],[-84.3875,33.9476],[-84.3876,33.9476],[-84.3876,33.9475],[-84.3878,33.9472],[-84.3879,33.9471],[-84.388,33.9471],[-84.3881,33.9471],[-84.3882,33.9471],[-84.3883,33.9471],[-84.3884,33.9471],[-84.3885,33.9471],[-84.3886,33.9472],[-84.3887,33.9472],[-84.3893,33.9474],[-84.3895,33.9476],[-84.3896,33.9476],[-84.3897,33.9477],[-84.3898,33.9477],[-84.3899,33.9477],[-84.39,33.9477],[-84.3901,33.9476],[-84.3902,33.9475],[-84.3902,33.9474],[-84.3902,33.9473],[-84.3902,33.9472],[-84.3902,33.9471],[-84.3902,33.9471],[-84.3902,33.947],[-84.3902,33.9469],[-84.3903,33.9468],[-84.3903,33.9467],[-84.3904,33.9466],[-84.3905,33.9465],[-84.3906,33.9464],[-84.3906,33.9463],[-84.3908,33.9461],[-84.3909,33.946],[-84.3911,33.9458],[-84.3916,33.9455],[-84.3917,33.9454],[-84.3917,33.9454],[-84.3918,33.9454],[-84.3919,33.9453],[-84.3919,33.9453],[-84.392,33.9453],[-84.3921,33.9453],[-84.3922,33.9454],[-84.3923,33.9455],[-84.3923,33.9456],[-84.3923,33.9457],[-84.3922,33.9458],[-84.3923,33.9459],[-84.3923,33.9459],[-84.3924,33.946],[-84.3925,33.946],[-84.3926,33.946],[-84.3927,33.946],[-84.3928,33.9459],[-84.3929,33.9458],[-84.3929,33.9458],[-84.393,33.9457],[-84.3931,33.9457],[-84.3932,33.9457],[-84.3934,33.9457],[-84.3935,33.9457],[-84.3937,33.9457],[-84.3939,33.9457],[-84.3941,33.9458],[-84.3947,33.9459],[-84.3949,33.9459],[-84.3951,33.946],[-84.3951,33.946],[-84.3953,33.946],[-84.3955,33.946],[-84.3957,33.946],[-84.3959,33.946],[-84.3965,33.946],[-84.3966,33.946],[-84.3967,33.9461],[-84.3967,33.9461],[-84.3968,33.9461],[-84.3969,33.9461],[-84.397,33.9462],[-84.397,33.9462],[-84.3971,33.9463],[-84.3971,33.9465],[-84.3971,33.9466],[-84.3971,33.9467],[-84.3972,33.9467],[-84.3972,33.9468],[-84.3972,33.9469],[-84.3973,33.947],[-84.3974,33.9471],[-84.3975,33.9472],[-84.3976,33.9473],[-84.3977,33.9473],[-84.3979,33.9474],[-84.3981,33.9474],[-84.3989,33.9476],[-84.3993,33.9478],[-84.3994,33.9478],[-84.3995,33.9478],[-84.3996,33.9478],[-84.3997,33.9478],[-84.3998,33.9478],[-84.3999,33.9478],[-84.4002,33.9478],[-84.4004,33.9478],[-84.4006,33.9478],[-84.4013,33.9478],[-84.4013,33.9478],[-84.4036,33.9453],[-84.4052,33.9437],[-84.4067,33.9423],[-84.4107,33.9391],[-84.4107,33.939],[-84.4133,33.9362],[-84.4155,33.9341],[-84.4165,33.9331],[-84.4168,33.9328],[-84.4171,33.9326],[-84.4174,33.9323],[-84.4177,33.9321],[-84.4182,33.9318],[-84.4185,33.9315],[-84.4189,33.9313],[-84.4189,33.9313],[-84.419,33.9312],[-84.4193,33.9311],[-84.4197,33.9308],[-84.4202,33.9306],[-84.4207,33.9303],[-84.4211,33.9301],[-84.4216,33.9299],[-84.4222,33.9297],[-84.427,33.9272],[-84.4273,33.927],[-84.4277,33.9268],[-84.4281,33.9266],[-84.4284,33.9264],[-84.4287,33.9262],[-84.4289,33.926],[-84.4292,33.9258],[-84.4295,33.9255],[-84.4296,33.9254],[-84.4298,33.9253],[-84.4299,33.9252],[-84.4301,33.9251],[-84.4302,33.925],[-84.4302,33.925],[-84.4304,33.9249],[-84.4305,33.9249],[-84.4309,33.9247],[-84.4312,33.9245],[-84.4316,33.9244],[-84.432,33.9242],[-84.4324,33.9241],[-84.4328,33.924],[-84.4333,33.9239],[-84.4337,33.9238],[-84.4339,33.9237],[-84.4343,33.9237],[-84.4345,33.9237],[-84.4348,33.9236],[-84.4351,33.9235],[-84.4354,33.9234],[-84.4357,33.9233],[-84.4359,33.9232],[-84.4361,33.923],[-84.4363,33.9229],[-84.4366,33.9227],[-84.4367,33.9226],[-84.437,33.9224],[-84.4371,33.9223],[-84.4372,33.9222],[-84.4373,33.9221],[-84.4374,33.9219],[-84.4375,33.9218],[-84.4376,33.9216],[-84.4377,33.9214],[-84.4378,33.9213],[-84.4378,33.9211],[-84.4378,33.9209],[-84.4379,33.9207],[-84.4386,33.9183],[-84.4386,33.9183],[-84.4387,33.918],[-84.4389,33.9178],[-84.4391,33.9176],[-84.4392,33.9174],[-84.4394,33.9171],[-84.4396,33.9169],[-84.4399,33.9167],[-84.4401,33.9165],[-84.4403,33.9164],[-84.4406,33.9162],[-84.4416,33.9156],[-84.4424,33.9151],[-84.4427,33.9149],[-84.4456,33.9128],[-84.4457,33.9127],[-84.4459,33.9125],[-84.4462,33.9123],[-84.4464,33.9121],[-84.4465,33.9119],[-84.4465,33.9119],[-84.4467,33.9116],[-84.4469,33.9114],[-84.4469,33.9113],[-84.447,33.9111],[-84.4471,33.9108],[-84.4472,33.9106],[-84.4473,33.9103],[-84.4474,33.9099],[-84.4475,33.9096],[-84.4475,33.9092],[-84.4475,33.909]]]}},{"type":"Feature","id":"13121009300","properties":{"GEOID":"13121009300","NAME":"Census Tract 93","AREALAND":2417625},"geometry":{"type":"Polygon","coordinates":[[[-84.3903,33.8149],[-84.3903,33.8148],[-84.3902,33.8148],[-84.3902,33.8147],[-84.3901,33.8146],[-84.39,33.8146],[-84.3894,33.8142],[-84.389,33.814],[-84.3889,33.814],[-84.3888,33.8139],[-84.3887,33.8139],[-84.3885,33.8138],[-84.3883,33.8137],[-84.3882,33.8135],[-84.3881,33.8135],[-84.3881,33.8134],[-84.3879,33.8131],[-84.3878,33.813],[-84.3878,33.8129],[-84.3878,33.8128],[-84.3878,33.8127],[-84.3877,33.8127],[-84.3877,33.8126],[-84.3876,33.8125],[-84.3875,33.8125],[-84.3874,33.8124],[-84.3868,33.8124],[-84.3867,33.8124],[-84.3866,33.8124],[-84.3865,33.8125],[-84.3864,33.8125],[-84.3863,33.8126],[-84.3863,33.8126],[-84.3862,33.8127],[-84.3861,33.8127],[-84.3859,33.8129],[-84.3858,33.8129],[-84.3857,33.8129],[-84.3856,33.813],[-84.3855,33.813],[-84.3854,33.813],[-84.3853,33.813],[-84.3852,33.813],[-84.3849,33.8131],[-84.3846,33.8131],[-84.3843,33.8132],[-84.3841,33.8133],[-84.3836,33.8134],[-84.3834,33.8135],[-84.3833,33.8135],[-84.3832,33.8135],[-84.3831,33.8135],[-84.383,33.8135],[-84.3825,33.8134],[-84.3821,33.8136],[-84.3816,33.8137],[-84.3809,33.8139],[-84.3802,33.8142],[-84.3794,33.8144],[-84.3788,33.8146],[-84.3782,33.8148],[-84.3779,33.815],[-84.3768,33.8154],[-84.3767,33.8155],[-84.3765,33.8156],[-84.3764,33.8156],[-84.3762,33.8157],[-84.3759,33.8157],[-84.3757,33.8158],[-84.3752,33.8158],[-84.3748,33.8158],[-84.3743,33.8158],[-84.374,33.8158],[-84.3739,33.8158],[-84.3738,33.816],[-84.3736,33.8163],[-84.3734,33.8166],[-84.3733,33.8168],[-84.3732,33.817],[-84.3731,33.8172],[-84.3729,33.8175],[-84.3729,33.8177],[-84.3728,33.8181],[-84.3727,33.8185],[-84.3727,33.8189],[-84.3727,33.8193],[-84.3727,33.8206],[-84.3727,33.821],[-84.3727,33.8214],[-84.3725,33.8224],[-84.3725,33.8227],[-84.3723,33.8232],[-84.3722,33.8235],[-84.3721,33.8236],[-84.3716,33.8246],[-84.3713,33.8251],[-84.371,33.8254],[-84.3705,33.826],[-84.3701,33.8263],[-84.37,33.8264],[-84.3699,33.8265],[-84.369,33.8272],[-84.3677,33.8283],[-84.3674,33.8285],[-84.3677,33.8291],[-84.3677,33.8293],[-84.3678,33.8296],[-84.3678,33.8296],[-84.3679,33.8296],[-84.368,33.8296],[-84.368,33.8297],[-84.3681,33.8298],[-84.3686,33.8303],[-84.3687,33.8305],[-84.369,33.8306],[-84.3693,33.8308],[-84.3694,33.8307],[-84.3694,33.8306],[-84.3695,33.8304],[-84.3695,33.8303],[-84.3695,33.8302],[-84.3695,33.83],[-84.3693,33.8297],[-84.3692,33.8294],[-84.3692,33.8294],[-84.3692,33.8292],[-84.3692,33.8291],[-84.3692,33.829],[-84.3693,33.8288],[-84.3694,33.8287],[-84.3695,33.8287],[-84.3696,33.8286],[-84.3697,33.8286],[-84.3697,33.8286],[-84.3698,33.8286],[-84.3713,33.8286],[-84.3731,33.8286],[-84.3737,33.8286],[-84.3757,33.8286],[-84.3773,33.8286],[-84.3784,33.8287],[-84.3807,33.8287],[-84.3836,33.8287],[-84.3837,33.8287],[-84.3872,33.8287],[-84.3874,33.8286],[-84.3874,33.8278],[-84.3874,33.8276],[-84.3874,33.8266],[-84.3874,33.8251],[-84.3874,33.8246],[-84.3874,33.8243],[-84.3874,33.8232],[-84.3874,33.823],[-84.3874,33.8229],[-84.3874,33.8228],[-84.3876,33.8225],[-84.3876,33.8223],[-84.3879,33.8214],[-84.3883,33.8201],[-84.3884,33.8199],[-84.3884,33.8196],[-84.3886,33.819],[-84.3887,33.8186],[-84.3888,33.8183],[-84.3889,33.818],[-84.3889,33.8179],[-84.389,33.8177],[-84.3891,33.8177],[-84.3888,33.8175],[-84.3886,33.8175],[-84.3886,33.8174],[-84.3885,33.8173],[-84.3885,33.8172],[-84.3885,33.8171],[-84.3885,33.817],[-84.3885,33.817],[-84.3885,33.8169],[-84.3888,33.8166],[-84.3892,33.8162],[-84.3894,33.816],[-84.3899,33.8155],[-84.3901,33.8153],[-84.3902,33.8151],[-84.3903,33.815],[-84.3903,33.8149]]]}},{"type":"Feature","id":"13121000500","properties":{"GEOID":"13121000500","NAME":"Census Tract 5","AREALAND":3295762},"geometry":{"type":"Polygon","coordinates":[[[-84.4009,33.7927],[-84.4007,33.7925],[-84.4003,33.7922],[-84.4002,33.7921],[-84.3999,33.7923],[-84.3999,33.7923],[-84.3998,33.7923],[-84.3998,33.7923],[-84.3998,33.7923],[-84.3997,33.7923],[-84.3997,33.7923],[-84.3996,33.7923],[-84.3996,33.7923],[-84.3995,33.7923],[-84.3987,33.7924],[-84.3987,33.7923],[-84.3987,33.792],[-84.3987,33.7917],[-84.3987,33.7913],[-84.3987,33.7911],[-84.3987,33.7909],[-84.3987,33.7908],[-84.3987,33.7907],[-84.3987,33.7902],[-84.3987,33.79],[-84.3987,33.7897],[-84.3987,33.7887],[-84.3987,33.7874],[-84.3987,33.7862],[-84.3977,33.7862],[-84.3972,33.7862],[-84.3967,33.7862],[-84.3961,33.7863],[-84.3958,33.7863],[-84.3945,33.7865],[-84.3933,33.7866],[-84.393,33.7867],[-84.3926,33.7867],[-84.3919,33.7867],[-84.3917,33.7867],[-84.3915,33.7867],[-84.3914,33.7867],[-84.3908,33.7867],[-84.3906,33.7867],[-84.3892,33.7867],[-84.3878,33.7867],[-84.3878,33.7885],[-84.3878,33.7888],[-84.3878,33.7889],[-84.3878,33.7899],[-84.3878,33.7911],[-84.3878,33.7918],[-84.3878,33.7919],[-84.3878,33.7919],[-84.3878,33.7933],[-84.3878,33.794],[-84.3877,33.7942],[-84.3876,33.7945],[-84.3877,33.7946],[-84.3877,33.7947],[-84.3878,33.7948],[-84.3878,33.795],[-84.3878,33.7953],[-84.3878,33.7957],[-84.3878,33.7958],[-84.3876,33.7958],[-84.3876,33.7958],[-84.3871,33.7958],[-84.3868,33.7958],[-84.3863,33.7957],[-84.3861,33.7956],[-84.3859,33.7956],[-84.3857,33.7955],[-84.3855,33.7954],[-84.3852,33.7953],[-84.3849,33.7951],[-84.3849,33.795],[-84.3847,33.7949],[-84.3846,33.7947],[-84.3845,33.7946],[-84.3844,33.7945],[-84.3843,33.7944],[-84.3843,33.7943],[-84.3841,33.7936],[-84.3839,33.7931],[-84.3838,33.7931],[-84.3837,33.7931],[-84.3811,33.7931],[-84.3811,33.7931],[-84.381,33.7931],[-84.381,33.7931],[-84.3809,33.793],[-84.3809,33.793],[-84.3809,33.7929],[-84.3809,33.7929],[-84.3808,33.793],[-84.3807,33.793],[-84.3806,33.793],[-84.3805,33.7931],[-84.3805,33.7931],[-84.3804,33.7931],[-84.3802,33.7931],[-84.38,33.7931],[-84.3799,33.7931],[-84.3796,33.7932],[-84.3792,33.7934],[-84.3786,33.7931],[-84.3786,33.7929],[-84.3785,33.7928],[-84.3785,33.7928],[-84.3785,33.7927],[-84.3785,33.7926],[-84.3783,33.7924],[-84.3783,33.7923],[-84.3782,33.7923],[-84.3781,33.7922],[-84.378,33.7922],[-84.3778,33.7921],[-84.3777,33.7921],[-84.3774,33.792],[-84.3773,33.7919],[-84.3771,33.7918],[-84.3769,33.7916],[-84.3765,33.7914],[-84.3764,33.7914],[-84.3763,33.7915],[-84.3757,33.7916],[-84.3754,33.7917],[-84.3752,33.7917],[-84.3749,33.7918],[-84.3747,33.7917],[-84.3745,33.7917],[-84.3744,33.7917],[-84.3742,33.7916],[-84.374,33.7919],[-84.3739,33.7921],[-84.3732,33.7928],[-84.3728,33.7932],[-84.3728,33.7932],[-84.3727,33.7932],[-84.3726,33.7932],[-84.3725,33.7932],[-84.3722,33.7932],[-84.372,33.7932],[-84.3719,33.7932],[-84.3717,33.7933],[-84.3707,33.7937],[-84.3703,33.7937],[-84.3703,33.7939],[-84.3704,33.7941],[-84.3706,33.7946],[-84.3708,33.7952],[-84.3709,33.7954],[-84.372,33.7973],[-84.3728,33.7985],[-84.3742,33.8011],[-84.3743,33.8012],[-84.3747,33.8021],[-84.3751,33.8027],[-84.3757,33.8038],[-84.3762,33.8046],[-84.3764,33.8051],[-84.3769,33.8059],[-84.3773,33.8066],[-84.3774,33.8069],[-84.3774,33.8073],[-84.3775,33.8076],[-84.3775,33.8078],[-84.3776,33.8083],[-84.3776,33.8085],[-84.3776,33.8087],[-84.3777,33.8087],[-84.3777,33.8089],[-84.3777,33.809],[-84.3777,33.8094],[-84.3776,33.8097],[-84.3776,33.81],[-84.3775,33.8103],[-84.3774,33.8105],[-84.3772,33.8107],[-84.3771,33.8109],[-84.377,33.8111],[-84.3767,33.8117],[-84.3761,33.8127],[-84.3758,33.8131],[-84.3766,33.8121],[-84.3771,33.8114],[-84.3776,33.8106],[-84.3783,33.8096],[-84.3791,33.8088],[-84.3798,33.8082],[-84.381,33.8073],[-84.381,33.8073],[-84.3812,33.8072],[-84.3821,33.8065],[-84.3837,33.8054],[-84.3845,33.8048],[-84.3848,33.8046],[-84.3853,33.8043],[-84.3854,33.8042],[-84.3854,33.8042],[-84.3863,33.8035],[-84.3876,33.8026],[-84.3886,33.802],[-84.3893,33.8014],[-84.3903,33.8009],[-84.3916,33.8001],[-84.3921,33.7997],[-84.3922,33.7997],[-84.3923,33.7996],[-84.3924,33.7995],[-84.3929,33.7991],[-84.3937,33.7984],[-84.3942,33.7981],[-84.3946,33.7977],[-84.3947,33.7976],[-84.395,33.7973],[-84.3952,33.7972],[-84.3954,33.7971],[-84.396,33.7965],[-84.3991,33.7942],[-84.3998,33.7936],[-84.4006,33.7929],[-84.4009,33.7927]]]}},{"type":"Feature","id":"13121011427","properties":{"GEOID":"13121011427","NAME":"Census Tract 114.27","AREALAND":6898113},"geometry":{"type":"Polygon","coordinates":[[[-84.2914,34.0378],[-84.292,34.0376],[-84.2911,34.0363],[-84.2909,34.0359],[-84.2903,34.0347],[-84.29,34.0337],[-84.29,34.0333],[-84.2899,34.0311],[-84.2899,34.0308],[-84.2899,34.0306],[-84.2899,34.03],[-84.2899,34.0294],[-84.2898,34.0282],[-84.2897,34.0272],[-84.2897,34.026],[-84.2897,34.0254],[-84.2896,34.0252],[-84.2896,34.0251],[-84.2896,34.0245],[-84.2896,34.024],[-84.2896,34.0233],[-84.2896,34.0225],[-84.2896,34.0225],[-84.2897,34.0224],[-84.2882,34.0219],[-84.2877,34.0217],[-84.2873,34.0215],[-84.2864,34.0211],[-84.2862,34.021],[-84.2858,34.0208],[-84.2854,34.0207],[-84.2851,34.0206],[-84.2849,34.0205],[-84.2848,34.0205],[-84.2846,34.0204],[-84.2844,34.0204],[-84.2841,34.0204],[-84.2841,34.0204],[-84.2841,34.0204],[-84.2838,34.0203],[-84.2834,34.0203],[-84.2826,34.0203],[-84.2814,34.0204],[-84.2812,34.0204],[-84.2808,34.0204],[-84.2806,34.0204],[-84.2805,34.0204],[-84.2801,34.0203],[-84.2798,34.0203],[-84.2787,34.0201],[-84.2782,34.02],[-84.2778,34.0199],[-84.2775,34.0199],[-84.2771,34.02],[-84.2767,34.02],[-84.2763,34.0201],[-84.2761,34.0202],[-84.2759,34.0203],[-84.2759,34.0203],[-84.2743,34.0213],[-84.2737,34.0216],[-84.2734,34.0217],[-84.2731,34.0217],[-84.2725,34.0218],[-84.2723,34.0218],[-84.272,34.0218],[-84.2717,34.0218],[-84.2716,34.0217],[-84.2705,34.0215],[-84.27,34.0214],[-84.2697,34.0214],[-84.2694,34.0213],[-84.2691,34.0213],[-84.2673,34.0213],[-84.267,34.0213],[-84.2659,34.0213],[-84.2657,34.0213],[-84.2654,34.0213],[-84.2652,34.0213],[-84.265,34.0214],[-84.2648,34.0214],[-84.2646,34.0215],[-84.2643,34.0216],[-84.2642,34.0216],[-84.2639,34.0218],[-84.2631,34.0223],[-84.2629,34.0224],[-84.2626,34.0226],[-84.2615,34.0231],[-84.2606,34.0235],[-84.2602,34.0236],[-84.2598,34.0238],[-84.2594,34.0239],[-84.2592,34.0239],[-84.259,34.024],[-84.2585,34.0241],[-84.2583,34.0241],[-84.2575,34.0242],[-84.2571,34.0243],[-84.2569,34.0243],[-84.2562,34.0244],[-84.2558,34.0244],[-84.2554,34.0244],[-84.2552,34.0244],[-84.2551,34.0244],[-84.2548,34.0244],[-84.2545,34.0244],[-84.254,34.0244],[-84.2536,34.0243],[-84.2531,34.0242],[-84.2527,34.0242],[-84.2516,34.0255],[-84.2514,34.0257],[-84.2512,34.026],[-84.2511,34.0262],[-84.251,34.0264],[-84.2508,34.0268],[-84.2505,34.0277],[-84.2503,34.0282],[-84.2502,34.0286],[-84.2501,34.0289],[-84.2499,34.0291],[-84.2498,34.0294],[-84.2497,34.0294],[-84.2496,34.0296],[-84.2494,34.0298],[-84.2492,34.03],[-84.2492,34.0301],[-84.2492,34.0302],[-84.2493,34.0305],[-84.2495,34.0309],[-84.2495,34.0309],[-84.2498,34.0315],[-84.2503,34.0325],[-84.2503,34.0327],[-84.2504,34.0329],[-84.2505,34.0329],[-84.2506,34.0331],[-84.2508,34.0333],[-84.2511,34.0336],[-84.252,34.0344],[-84.2528,34.0353],[-84.2534,34.0358],[-84.2535,34.0359],[-84.2542,34.0366],[-84.2547,34.0371],[-84.2557,34.038],[-84.2574,34.0394],[-84.2575,34.0393],[-84.2575,34.0393],[-84.2577,34.0392],[-84.2578,34.0391],[-84.2581,34.039],[-84.2581,34.0389],[-84.2585,34.0387],[-84.2587,34.0386],[-84.2589,34.0385],[-84.259,34.0385],[-84.2592,34.0384],[-84.2593,34.0384],[-84.2594,34.0384],[-84.2597,34.0384],[-84.2599,34.0385],[-84.2602,34.0386],[-84.2603,34.0386],[-84.2605,34.0386],[-84.2607,34.0386],[-84.2617,34.0386],[-84.2624,34.0386],[-84.2627,34.0386],[-84.2629,34.0386],[-84.2633,34.0386],[-84.2634,34.0385],[-84.2635,34.0385],[-84.2637,34.0385],[-84.2639,34.0384],[-84.2639,34.0384],[-84.264,34.0384],[-84.264,34.0384],[-84.264,34.0384],[-84.2641,34.0383],[-84.2643,34.0382],[-84.2646,34.0382],[-84.2648,34.0381],[-84.265,34.038],[-84.265,34.038],[-84.2652,34.038],[-84.2655,34.0379],[-84.2656,34.0378],[-84.2659,34.0377],[-84.266,34.0376],[-84.2663,34.0375],[-84.2665,34.0374],[-84.2671,34.0372],[-84.2674,34.0371],[-84.2675,34.0371],[-84.2676,34.037],[-84.2677,34.037],[-84.2679,34.037],[-84.268,34.037],[-84.2683,34.037],[-84.2684,34.0369],[-84.2687,34.0369],[-84.269,34.037],[-84.2695,34.0371],[-84.2697,34.0372],[-84.2699,34.0372],[-84.2702,34.0374],[-84.2705,34.0376],[-84.2708,34.0377],[-84.2711,34.0378],[-84.2716,34.0381],[-84.2719,34.0383],[-84.2721,34.0385],[-84.2723,34.0386],[-84.2727,34.039],[-84.273,34.0392],[-84.2732,34.0394],[-84.2736,34.0398],[-84.2737,34.0399],[-84.2741,34.0402],[-84.2748,34.0409],[-84.2753,34.0413],[-84.2755,34.0413],[-84.2758,34.0412],[-84.2761,34.0412],[-84.2765,34.0411],[-84.2768,34.0412],[-84.2771,34.0413],[-84.2774,34.0415],[-84.2777,34.0417],[-84.278,34.0418],[-84.2781,34.042],[-84.2783,34.0421],[-84.2786,34.0423],[-84.279,34.0427],[-84.2792,34.0428],[-84.2794,34.0429],[-84.2797,34.043],[-84.2799,34.0431],[-84.2802,34.0431],[-84.2803,34.0432],[-84.2806,34.0432],[-84.281,34.0431],[-84.2816,34.043],[-84.282,34.0429],[-84.2823,34.0428],[-84.2826,34.0427],[-84.2828,34.0426],[-84.283,34.0425],[-84.2832,34.0424],[-84.2835,34.0424],[-84.2837,34.0423],[-84.2838,34.0422],[-84.2841,34.0422],[-84.2845,34.0421],[-84.2846,34.0421],[-84.2848,34.042],[-84.2847,34.0414],[-84.2847,34.0413],[-84.2851,34.0412],[-84.2867,34.0407],[-84.2877,34.0404],[-84.2885,34.0401],[-84.2889,34.0399],[-84.289,34.0398],[-84.2894,34.0396],[-84.2898,34.0392],[-84.2903,34.0388],[-84.2907,34.0384],[-84.2911,34.038],[-84.2914,34.0378]]]}},{"type":"Feature","id":"13121007603","properties":{"GEOID":"13121007603","NAME":"Census Tract 76.03","AREALAND":3153492},"geometry":{"type":"Polygon","coordinates":[[[-84.4574,33.7023],[-84.4574,33.7016],[-84.4574,33.7007],[-84.4573,33.6997],[-84.4573,33.6994],[-84.4573,33.6993],[-84.4573,33.6992],[-84.4569,33.6992],[-84.4562,33.6994],[-84.4542,33.6992],[-84.4535,33.6991],[-84.4534,33.699],[-84.4497,33.6981],[-84.4497,33.6983],[-84.4497,33.6984],[-84.4497,33.6987],[-84.4496,33.7004],[-84.4495,33.7023],[-84.4494,33.7056],[-84.448,33.7057],[-84.4464,33.7056],[-84.4463,33.7056],[-84.4444,33.7056],[-84.4439,33.7056],[-84.4429,33.7057],[-84.4429,33.7056],[-84.443,33.7049],[-84.443,33.7021],[-84.443,33.7011],[-84.4379,33.701],[-84.4379,33.6999],[-84.4358,33.6999],[-84.4309,33.6998],[-84.4306,33.6998],[-84.4293,33.6998],[-84.4292,33.7005],[-84.4291,33.7015],[-84.4291,33.7016],[-84.429,33.7021],[-84.429,33.7025],[-84.4283,33.7049],[-84.4282,33.7054],[-84.4281,33.7059],[-84.428,33.7067],[-84.4277,33.7083],[-84.4277,33.7084],[-84.4275,33.7101],[-84.4274,33.7106],[-84.4272,33.7111],[-84.4272,33.7113],[-84.4271,33.7114],[-84.4271,33.7115],[-84.4268,33.7124],[-84.4267,33.7126],[-84.4267,33.7127],[-84.4261,33.7146],[-84.4272,33.7144],[-84.4282,33.7145],[-84.4294,33.7145],[-84.4301,33.7145],[-84.4312,33.7146],[-84.4338,33.7146],[-84.434,33.7145],[-84.4347,33.7143],[-84.4376,33.7134],[-84.4381,33.7132],[-84.4395,33.7127],[-84.4397,33.7126],[-84.4408,33.7122],[-84.4412,33.712],[-84.4414,33.712],[-84.4417,33.7119],[-84.4419,33.7119],[-84.4422,33.7118],[-84.4437,33.7116],[-84.4459,33.7112],[-84.4464,33.7111],[-84.4466,33.711],[-84.4468,33.7109],[-84.4469,33.7109],[-84.4476,33.7105],[-84.4482,33.7101],[-84.4485,33.7099],[-84.4488,33.7098],[-84.4506,33.7091],[-84.4507,33.7091],[-84.4519,33.7086],[-84.4534,33.708],[-84.455,33.7074],[-84.4557,33.7071],[-84.4572,33.7065],[-84.4573,33.7061],[-84.4573,33.7037],[-84.4574,33.7023]]]}},{"type":"Feature","id":"13121007704","properties":{"GEOID":"13121007704","NAME":"Census Tract 77.04","AREALAND":6765498},"geometry":{"type":"Polygon","coordinates":[[[-84.5026,33.723],[-84.5025,33.7229],[-84.5026,33.7216],[-84.5025,33.7207],[-84.5025,33.72],[-84.5023,33.7191],[-84.5023,33.7187],[-84.5023,33.7185],[-84.5022,33.7182],[-84.5019,33.7172],[-84.5016,33.7166],[-84.5012,33.7156],[-84.5011,33.7155],[-84.5004,33.7139],[-84.5002,33.7136],[-84.5,33.7134],[-84.5,33.7133],[-84.4997,33.7127],[-84.4991,33.7117],[-84.4989,33.7113],[-84.4987,33.711],[-84.4986,33.7106],[-84.4983,33.7099],[-84.4982,33.7095],[-84.4978,33.708],[-84.4976,33.7074],[-84.4975,33.7064],[-84.4975,33.7054],[-84.4975,33.7047],[-84.4975,33.7045],[-84.4975,33.7038],[-84.4976,33.703],[-84.4977,33.7026],[-84.4979,33.7017],[-84.4981,33.7011],[-84.4983,33.7005],[-84.499,33.6983],[-84.4992,33.6978],[-84.4994,33.6974],[-84.4994,33.6971],[-84.4996,33.6966],[-84.4996,33.6964],[-84.4998,33.6957],[-84.4998,33.6957],[-84.4999,33.6951],[-84.4999,33.6948],[-84.4999,33.6942],[-84.4999,33.6942],[-84.4999,33.6937],[-84.4999,33.6937],[-84.5,33.6917],[-84.5,33.6917],[-84.4999,33.6909],[-84.4999,33.6903],[-84.4999,33.6901],[-84.4992,33.6901],[-84.4969,33.6901],[-84.4965,33.6901],[-84.4955,33.6901],[-84.495,33.69],[-84.4943,33.69],[-84.4939,33.6901],[-84.4938,33.6901],[-84.4937,33.6901],[-84.4936,33.6901],[-84.4928,33.6903],[-84.4921,33.6905],[-84.4917,33.6907],[-84.491,33.6912],[-84.4906,33.6916],[-84.4901,33.692],[-84.4896,33.6923],[-84.4889,33.6929],[-84.4881,33.6935],[-84.4868,33.6945],[-84.4863,33.6949],[-84.4859,33.6952],[-84.4851,33.6958],[-84.4839,33.6967],[-84.4837,33.6968],[-84.4835,33.697],[-84.4832,33.6972],[-84.4829,33.6973],[-84.4827,33.6974],[-84.4823,33.6975],[-84.482,33.6976],[-84.4817,33.6977],[-84.4813,33.6978],[-84.481,33.6978],[-84.4807,33.6979],[-84.4804,33.6979],[-84.4788,33.6978],[-84.478,33.6978],[-84.4765,33.6978],[-84.4764,33.6978],[-84.4749,33.6978],[-84.4749,33.6979],[-84.4749,33.6982],[-84.4751,33.6986],[-84.4751,33.6988],[-84.4752,33.699],[-84.4752,33.6997],[-84.4751,33.7005],[-84.4751,33.7006],[-84.4751,33.7007],[-84.4752,33.7009],[-84.4754,33.701],[-84.4755,33.7012],[-84.4758,33.7014],[-84.476,33.7016],[-84.4761,33.7018],[-84.4762,33.7023],[-84.4762,33.7024],[-84.4761,33.703],[-84.4762,33.7032],[-84.4762,33.7034],[-84.4763,33.7036],[-84.4768,33.7045],[-84.4768,33.7047],[-84.4769,33.7048],[-84.4769,33.7051],[-84.4768,33.7062],[-84.4768,33.7063],[-84.4768,33.7066],[-84.4767,33.7067],[-84.4767,33.7067],[-84.4765,33.7068],[-84.4764,33.7069],[-84.4748,33.7072],[-84.4748,33.7073],[-84.4747,33.7073],[-84.4746,33.7076],[-84.4745,33.7078],[-84.4745,33.708],[-84.4745,33.7081],[-84.4746,33.7092],[-84.4746,33.7103],[-84.4746,33.7112],[-84.4746,33.7124],[-84.4745,33.7126],[-84.4745,33.7127],[-84.4738,33.7138],[-84.4738,33.7139],[-84.4737,33.7142],[-84.4736,33.7144],[-84.4736,33.7146],[-84.4734,33.7149],[-84.4732,33.7151],[-84.4729,33.7155],[-84.4728,33.7156],[-84.4725,33.7158],[-84.4724,33.716],[-84.4723,33.7162],[-84.4718,33.717],[-84.4716,33.7175],[-84.4716,33.7176],[-84.4716,33.7178],[-84.4715,33.7181],[-84.4715,33.72],[-84.4715,33.7202],[-84.4723,33.72],[-84.4735,33.7198],[-84.4737,33.7197],[-84.474,33.7197],[-84.4743,33.7197],[-84.4746,33.7198],[-84.4749,33.7199],[-84.4756,33.7201],[-84.4759,33.7201],[-84.4761,33.7201],[-84.4768,33.7201],[-84.4772,33.7201],[-84.4775,33.7201],[-84.4778,33.7201],[-84.4788,33.7203],[-84.4793,33.7203],[-84.4797,33.7203],[-84.4805,33.7203],[-84.4823,33.7201],[-84.483,33.72],[-84.4837,33.7199],[-84.4843,33.7199],[-84.4847,33.7199],[-84.4863,33.7199],[-84.4876,33.7199],[-84.4881,33.7199],[-84.4886,33.7199],[-84.4892,33.72],[-84.4897,33.72],[-84.4903,33.7202],[-84.4909,33.7203],[-84.4928,33.7206],[-84.4938,33.7208],[-84.4944,33.7209],[-84.4949,33.7211],[-84.4959,33.7214],[-84.4964,33.7216],[-84.4978,33.7221],[-84.4992,33.7226],[-84.5001,33.7229],[-84.5004,33.723],[-84.5005,33.723],[-84.5008,33.723],[-84.5008,33.723],[-84.5018,33.723],[-84.502,33.723],[-84.5026,33.723]]]}},{"type":"Feature","id":"13121010206","properties":{"GEOID":"13121010206","NAME":"Census Tract 102.06","AREALAND":14789542},"geometry":{"type":"Polygon","coordinates":[[[-84.4442,33.8875],[-84.4442,33.8874],[-84.444,33.8871],[-84.4439,33.8867],[-84.4437,33.8864],[-84.4436,33.8861],[-84.4426,33.8838],[-84.4426,33.8834],[-84.4426,33.8834],[-84.4427,33.8829],[-84.4431,33.8825],[-84.4431,33.8808],[-84.4428,33.8801],[-84.443,33.8795],[-84.4431,33.8793],[-84.4431,33.8792],[-84.4432,33.879],[-84.4432,33.8787],[-84.4433,33.8786],[-84.4434,33.8785],[-84.4434,33.8782],[-84.4434,33.8782],[-84.4433,33.8782],[-84.4433,33.8781],[-84.4433,33.8781],[-84.4432,33.878],[-84.4432,33.8779],[-84.4432,33.8779],[-84.4432,33.8778],[-84.4432,33.8777],[-84.4432,33.8777],[-84.4432,33.8776],[-84.4432,33.8775],[-84.4433,33.8774],[-84.4433,33.8774],[-84.4434,33.8773],[-84.4434,33.8773],[-84.4434,33.8773],[-84.4435,33.8772],[-84.4435,33.8772],[-84.4436,33.8771],[-84.4436,33.8769],[-84.4434,33.8771],[-84.4432,33.8771],[-84.443,33.8771],[-84.4428,33.8771],[-84.4427,33.8771],[-84.4425,33.8772],[-84.4424,33.8773],[-84.4423,33.8773],[-84.4422,33.8773],[-84.4421,33.8773],[-84.4418,33.8774],[-84.4417,33.8775],[-84.4416,33.8775],[-84.4415,33.8775],[-84.4414,33.8776],[-84.4413,33.8776],[-84.4412,33.8777],[-84.4411,33.8777],[-84.441,33.8777],[-84.4409,33.8777],[-84.4408,33.8777],[-84.4407,33.8777],[-84.4406,33.8777],[-84.4405,33.8777],[-84.4403,33.8776],[-84.4401,33.8775],[-84.44,33.8775],[-84.4399,33.8776],[-84.4398,33.8776],[-84.4397,33.8776],[-84.4396,33.8776],[-84.4395,33.8776],[-84.4394,33.8776],[-84.4392,33.8775],[-84.4391,33.8775],[-84.439,33.8775],[-84.4389,33.8775],[-84.4388,33.8775],[-84.4387,33.8775],[-84.4385,33.8774],[-84.4384,33.8774],[-84.4383,33.8774],[-84.4382,33.8774],[-84.438,33.8773],[-84.4379,33.8772],[-84.4379,33.8772],[-84.4377,33.8772],[-84.4376,33.8771],[-84.4373,33.8772],[-84.4373,33.8772],[-84.4372,33.8773],[-84.4371,33.8773],[-84.437,33.8774],[-84.437,33.8775],[-84.4369,33.8776],[-84.4369,33.8777],[-84.4368,33.8779],[-84.4368,33.8779],[-84.4367,33.878],[-84.4366,33.8781],[-84.4365,33.8781],[-84.4364,33.8782],[-84.4364,33.8782],[-84.4361,33.878],[-84.4361,33.8779],[-84.4361,33.8778],[-84.436,33.8777],[-84.436,33.8776],[-84.4357,33.8772],[-84.4357,33.8771],[-84.4356,33.877],[-84.4355,33.8769],[-84.4353,33.8767],[-84.4353,33.877],[-84.4352,33.8772],[-84.4352,33.8774],[-84.4351,33.8777],[-84.4351,33.8778],[-84.435,33.8778],[-84.435,33.8778],[-84.4349,33.8779],[-84.4347,33.878],[-84.434,33.8783],[-84.4337,33.8784],[-84.4335,33.8785],[-84.4333,33.8786],[-84.4331,33.8787],[-84.433,33.8789],[-84.4329,33.8789],[-84.4328,33.879],[-84.4325,33.8794],[-84.4322,33.8798],[-84.432,33.8802],[-84.4318,33.8802],[-84.4316,33.8803],[-84.431,33.8806],[-84.4308,33.8808],[-84.4307,33.8808],[-84.4305,33.8809],[-84.4303,33.881],[-84.4292,33.8812],[-84.4291,33.8812],[-84.429,33.8812],[-84.4289,33.8812],[-84.4288,33.8812],[-84.4286,33.8812],[-84.4284,33.8811],[-84.4283,33.881],[-84.4282,33.8809],[-84.4278,33.8805],[-84.4274,33.8801],[-84.4273,33.88],[-84.4272,33.88],[-84.4271,33.8799],[-84.427,33.8799],[-84.4269,33.8799],[-84.4268,33.8799],[-84.4267,33.8799],[-84.4266,33.8799],[-84.4255,33.8801],[-84.4253,33.8802],[-84.4251,33.8802],[-84.425,33.8802],[-84.4248,33.8802],[-84.4243,33.88],[-84.4232,33.8802],[-84.423,33.8802],[-84.4228,33.8803],[-84.4221,33.8806],[-84.4219,33.8807],[-84.4217,33.8807],[-84.4203,33.8811],[-84.4201,33.8811],[-84.4199,33.8812],[-84.4198,33.8813],[-84.4196,33.8814],[-84.4195,33.8815],[-84.4187,33.8822],[-84.4187,33.8822],[-84.4186,33.8823],[-84.4185,33.8823],[-84.4182,33.8823],[-84.418,33.8823],[-84.4179,33.8823],[-84.4174,33.8821],[-84.4172,33.8821],[-84.4171,33.8821],[-84.4169,33.8819],[-84.4167,33.8818],[-84.4165,33.8817],[-84.4163,33.8815],[-84.4159,33.8813],[-84.4157,33.8811],[-84.4157,33.881],[-84.4155,33.8807],[-84.4149,33.8799],[-84.4147,33.8795],[-84.4144,33.8791],[-84.4141,33.8788],[-84.4141,33.8787],[-84.414,33.8787],[-84.4139,33.8786],[-84.4138,33.8785],[-84.4137,33.8784],[-84.4134,33.8782],[-84.4132,33.878],[-84.4131,33.8779],[-84.4128,33.8778],[-84.4125,33.8776],[-84.4124,33.8776],[-84.4124,33.8775],[-84.4124,33.8775],[-84.4123,33.8773],[-84.4121,33.8775],[-84.4119,33.8777],[-84.4119,33.8779],[-84.4118,33.878],[-84.4118,33.8781],[-84.4117,33.8783],[-84.4117,33.8784],[-84.4117,33.8785],[-84.4116,33.8788],[-84.4115,33.8791],[-84.4115,33.8793],[-84.4114,33.8795],[-84.4113,33.8796],[-84.4113,33.8797],[-84.4109,33.8801],[-84.4103,33.8807],[-84.4102,33.8807],[-84.4101,33.8808],[-84.4099,33.8808],[-84.4091,33.8809],[-84.4088,33.8809],[-84.4087,33.8809],[-84.4086,33.881],[-84.4084,33.8812],[-84.4084,33.8813],[-84.4083,33.8814],[-84.4082,33.8816],[-84.4081,33.8818],[-84.408,33.8826],[-84.4079,33.8828],[-84.4078,33.883],[-84.4077,33.8832],[-84.4071,33.884],[-84.407,33.8842],[-84.4069,33.8843],[-84.4067,33.8845],[-84.4065,33.8848],[-84.4063,33.8849],[-84.406,33.8851],[-84.4059,33.8852],[-84.4058,33.8852],[-84.4057,33.8853],[-84.4055,33.8853],[-84.4054,33.8853],[-84.4054,33.8853],[-84.4053,33.8853],[-84.4053,33.8853],[-84.4053,33.8853],[-84.4051,33.8852],[-84.405,33.8852],[-84.405,33.8852],[-84.4049,33.8852],[-84.4048,33.8852],[-84.4047,33.8852],[-84.4046,33.8853],[-84.4045,33.8853],[-84.4044,33.8854],[-84.4043,33.8854],[-84.4042,33.8855],[-84.4039,33.8857],[-84.4037,33.886],[-84.4035,33.8862],[-84.4033,33.8864],[-84.4032,33.8865],[-84.4031,33.8866],[-84.403,33.8866],[-84.4029,33.8867],[-84.4028,33.8867],[-84.4026,33.8868],[-84.4018,33.8868],[-84.4016,33.8868],[-84.4014,33.8868],[-84.4013,33.8868],[-84.4012,33.8868],[-84.401,33.8869],[-84.4009,33.8869],[-84.4003,33.8873],[-84.3997,33.8876],[-84.3996,33.8877],[-84.3995,33.8878],[-84.3994,33.8878],[-84.399,33.8882],[-84.3989,33.8883],[-84.3988,33.8884],[-84.3987,33.8884],[-84.3985,33.8885],[-84.3979,33.8886],[-84.3972,33.8888],[-84.3961,33.8891],[-84.3958,33.8892],[-84.3949,33.8895],[-84.3945,33.8897],[-84.3945,33.8897],[-84.3944,33.8897],[-84.3942,33.8898],[-84.3938,33.89],[-84.3933,33.8904],[-84.3932,33.8904],[-84.3929,33.8906],[-84.3926,33.8908],[-84.3925,33.891],[-84.3924,33.8912],[-84.3923,33.8913],[-84.3921,33.8918],[-84.3933,33.8938],[-84.3935,33.8941],[-84.3937,33.8944],[-84.3939,33.8947],[-84.394,33.8949],[-84.394,33.8951],[-84.3941,33.8952],[-84.3941,33.8955],[-84.3941,33.8957],[-84.3941,33.8959],[-84.3939,33.8967],[-84.3939,33.8969],[-84.394,33.8972],[-84.394,33.8973],[-84.3941,33.8975],[-84.3941,33.8976],[-84.3943,33.8977],[-84.3946,33.898],[-84.395,33.8983],[-84.3972,33.8998],[-84.3973,33.8999],[-84.3975,33.9001],[-84.3976,33.9002],[-84.3977,33.9003],[-84.3977,33.9005],[-84.3977,33.9006],[-84.3977,33.9007],[-84.3976,33.9008],[-84.3974,33.9011],[-84.3972,33.9012],[-84.3971,33.9013],[-84.397,33.9015],[-84.3969,33.9016],[-84.3968,33.9018],[-84.3967,33.902],[-84.3965,33.9024],[-84.3965,33.9024],[-84.3963,33.903],[-84.3962,33.9032],[-84.3961,33.9034],[-84.3958,33.9042],[-84.3955,33.9046],[-84.3953,33.905],[-84.3951,33.9052],[-84.395,33.9053],[-84.3948,33.9054],[-84.3943,33.9057],[-84.3936,33.9061],[-84.3934,33.9062],[-84.3931,33.9064],[-84.3931,33.9065],[-84.393,33.9066],[-84.3929,33.9068],[-84.3928,33.907],[-84.3928,33.9071],[-84.3927,33.9073],[-84.3926,33.9079],[-84.3925,33.9083],[-84.3924,33.9087],[-84.3922,33.9096],[-84.3921,33.9099],[-84.3921,33.91],[-84.3921,33.9102],[-84.392,33.9105],[-84.392,33.9106],[-84.392,33.9108],[-84.392,33.911],[-84.3921,33.9116],[-84.3921,33.9119],[-84.3922,33.9121],[-84.3925,33.9131],[-84.3925,33.9132],[-84.3941,33.9134],[-84.3957,33.9136],[-84.3964,33.9136],[-84.3972,33.9138],[-84.3979,33.9139],[-84.3984,33.914],[-84.3996,33.9144],[-84.4002,33.9146],[-84.4007,33.9148],[-84.4024,33.9154],[-84.4027,33.9155],[-84.4033,33.9157],[-84.4037,33.9157],[-84.4039,33.9158],[-84.4042,33.9158],[-84.4045,33.9158],[-84.4063,33.9158],[-84.4066,33.9159],[-84.4067,33.9158],[-84.4067,33.9158],[-84.4069,33.9158],[-84.4074,33.9158],[-84.4088,33.9158],[-84.4104,33.9158],[-84.4111,33.9159],[-84.4128,33.9158],[-84.4142,33.9159],[-84.4143,33.9159],[-84.4154,33.9158],[-84.4167,33.9158],[-84.4171,33.9157],[-84.4178,33.9156],[-84.4184,33.9155],[-84.4189,33.9154],[-84.4193,33.9153],[-84.4201,33.915],[-84.4204,33.9149],[-84.4211,33.9146],[-84.4218,33.9144],[-84.4226,33.9139],[-84.423,33.9137],[-84.4238,33.9133],[-84.4244,33.9129],[-84.4249,33.9125],[-84.4256,33.9118],[-84.4262,33.9114],[-84.4262,33.9113],[-84.4263,33.9112],[-84.4268,33.9108],[-84.4275,33.9102],[-84.4283,33.9095],[-84.4292,33.9087],[-84.4297,33.9082],[-84.4319,33.9063],[-84.4321,33.9062],[-84.4325,33.9059],[-84.4333,33.9054],[-84.4338,33.9051],[-84.4342,33.9049],[-84.4349,33.9045],[-84.435,33.9045],[-84.4351,33.9045],[-84.4352,33.9044],[-84.4352,33.9044],[-84.4366,33.9039],[-84.4391,33.903],[-84.4409,33.9023],[-84.4415,33.902],[-84.4421,33.9018],[-84.4422,33.9017],[-84.4427,33.9015],[-84.4426,33.9014],[-84.4424,33.9012],[-84.4423,33.9011],[-84.4421,33.901],[-84.442,33.9008],[-84.4419,33.9006],[-84.4419,33.9006],[-84.4418,33.9004],[-84.4417,33.9002],[-84.4417,33.9002],[-84.4417,33.9],[-84.4417,33.8999],[-84.4417,33.8997],[-84.4417,33.8995],[-84.4417,33.8993],[-84.4417,33.8992],[-84.4418,33.8991],[-84.4418,33.899],[-84.4419,33.8988],[-84.4422,33.8983],[-84.4425,33.8978],[-84.4428,33.8973],[-84.4429,33.8971],[-84.443,33.897],[-84.4432,33.8967],[-84.4433,33.8965],[-84.4434,33.8963],[-84.4435,33.8962],[-84.4436,33.896],[-84.4436,33.8957],[-84.4437,33.8954],[-84.4437,33.8952],[-84.4437,33.8949],[-84.4437,33.8946],[-84.4437,33.8945],[-84.4436,33.8942],[-84.4436,33.894],[-84.4435,33.8938],[-84.4434,33.8936],[-84.4433,33.8933],[-84.4431,33.8931],[-84.4429,33.8929],[-84.4428,33.8926],[-84.4426,33.8924],[-84.4424,33.8922],[-84.4422,33.892],[-84.4421,33.8919],[-84.4419,33.8918],[-84.4418,33.8916],[-84.4418,33.8915],[-84.4417,33.8914],[-84.4416,33.8912],[-84.4415,33.891],[-84.4415,33.8909],[-84.4414,33.8907],[-84.4414,33.8905],[-84.4414,33.8903],[-84.4414,33.8902],[-84.4414,33.8902],[-84.4414,33.89],[-84.4415,33.8899],[-84.4415,33.8897],[-84.4416,33.8896],[-84.4416,33.8895],[-84.4417,33.8894],[-84.4418,33.8892],[-84.442,33.8891],[-84.4421,33.889],[-84.4423,33.8889],[-84.4425,33.8888],[-84.4427,33.8887],[-84.4428,33.8886],[-84.4429,33.8886],[-84.4431,33.8885],[-84.4433,33.8884],[-84.4434,33.8882],[-84.4436,33.8881],[-84.4437,33.888],[-84.4439,33.8878],[-84.444,33.8877],[-84.4441,33.8875],[-84.4442,33.8875]]]}},{"type":"Feature","id":"13121009700","properties":{"GEOID":"13121009700","NAME":"Census Tract 97","AREALAND":10524230},"geometry":{"type":"Polygon","coordinates":[[[-84.4605,33.8411],[-84.4605,33.8411],[-84.4603,33.8389],[-84.458,33.8338],[-84.4566,33.8314],[-84.4565,33.8312],[-84.4551,33.8288],[-84.4552,33.8286],[-84.4553,33.8275],[-84.4554,33.8274],[-84.4554,33.8272],[-84.4554,33.8271],[-84.4554,33.827],[-84.4551,33.8269],[-84.4543,33.827],[-84.4519,33.8271],[-84.4509,33.8269],[-84.4498,33.8265],[-84.4497,33.8265],[-84.4496,33.8264],[-84.4494,33.8264],[-84.4493,33.8263],[-84.4492,33.8263],[-84.4491,33.8263],[-84.449,33.8262],[-84.4489,33.8262],[-84.4487,33.8262],[-84.4486,33.8262],[-84.4485,33.8262],[-84.4484,33.8262],[-84.4483,33.8262],[-84.4482,33.8263],[-84.4481,33.8263],[-84.448,33.8264],[-84.4479,33.8266],[-84.4478,33.8266],[-84.4478,33.8267],[-84.4478,33.8268],[-84.4477,33.8269],[-84.4477,33.827],[-84.4477,33.8271],[-84.4477,33.8278],[-84.4478,33.828],[-84.4478,33.8281],[-84.4478,33.8283],[-84.4477,33.8285],[-84.4477,33.8287],[-84.4475,33.8293],[-84.4475,33.8295],[-84.4474,33.8295],[-84.4473,33.8297],[-84.4472,33.8299],[-84.4471,33.83],[-84.447,33.8302],[-84.4468,33.8303],[-84.446,33.8314],[-84.4454,33.832],[-84.4453,33.832],[-84.4452,33.832],[-84.4451,33.8321],[-84.445,33.8321],[-84.4449,33.832],[-84.4448,33.832],[-84.4447,33.832],[-84.4446,33.8319],[-84.4446,33.8319],[-84.4442,33.8316],[-84.4438,33.8314],[-84.4435,33.8312],[-84.4432,33.831],[-84.4429,33.8307],[-84.4427,33.8306],[-84.4427,33.8305],[-84.4426,33.8304],[-84.4426,33.8304],[-84.4426,33.8303],[-84.4426,33.8302],[-84.4426,33.8301],[-84.4426,33.83],[-84.4426,33.8299],[-84.4427,33.8298],[-84.4429,33.8295],[-84.4431,33.8292],[-84.4438,33.8282],[-84.4438,33.8281],[-84.4439,33.828],[-84.4439,33.8279],[-84.444,33.8278],[-84.444,33.8277],[-84.444,33.8276],[-84.444,33.8276],[-84.444,33.8275],[-84.444,33.8274],[-84.444,33.8273],[-84.4439,33.8272],[-84.4438,33.8271],[-84.4438,33.8271],[-84.4437,33.827],[-84.4436,33.827],[-84.4435,33.8269],[-84.4434,33.8269],[-84.4433,33.8269],[-84.4432,33.8268],[-84.4431,33.8267],[-84.4431,33.8266],[-84.4429,33.8264],[-84.4429,33.8263],[-84.4426,33.8259],[-84.4424,33.8257],[-84.4422,33.8255],[-84.4421,33.8254],[-84.442,33.8253],[-84.4419,33.8253],[-84.4419,33.8252],[-84.4418,33.8252],[-84.4417,33.8251],[-84.4416,33.8251],[-84.4415,33.8251],[-84.4414,33.825],[-84.4414,33.825],[-84.4411,33.825],[-84.4408,33.8249],[-84.4404,33.8249],[-84.4402,33.8248],[-84.44,33.8247],[-84.4398,33.8247],[-84.4395,33.8245],[-84.4393,33.8245],[-84.439,33.8244],[-84.4388,33.8244],[-84.4387,33.8244],[-84.4386,33.8244],[-84.4385,33.8244],[-84.4385,33.8244],[-84.4384,33.8244],[-84.4381,33.8245],[-84.4379,33.8246],[-84.4377,33.8247],[-84.4376,33.8247],[-84.4373,33.8249],[-84.4369,33.8251],[-84.4365,33.8254],[-84.4362,33.8256],[-84.436,33.8257],[-84.4358,33.8258],[-84.4357,33.8258],[-84.4356,33.8259],[-84.4355,33.826],[-84.4355,33.826],[-84.4354,33.8261],[-84.4354,33.8262],[-84.4353,33.8263],[-84.4352,33.8263],[-84.4351,33.8264],[-84.435,33.8264],[-84.4349,33.8264],[-84.4348,33.8264],[-84.4347,33.8264],[-84.4346,33.8263],[-84.4345,33.8263],[-84.4344,33.8262],[-84.4343,33.8262],[-84.4342,33.8261],[-84.4342,33.826],[-84.4341,33.826],[-84.434,33.8259],[-84.434,33.8258],[-84.4338,33.8255],[-84.4337,33.8253],[-84.4336,33.8251],[-84.4335,33.8249],[-84.4335,33.8247],[-84.4335,33.8244],[-84.4335,33.8243],[-84.4335,33.8242],[-84.4335,33.8241],[-84.4334,33.824],[-84.4334,33.824],[-84.4333,33.8239],[-84.4333,33.8239],[-84.4332,33.8238],[-84.4332,33.8238],[-84.4331,33.8237],[-84.433,33.8237],[-84.4329,33.8237],[-84.4327,33.8237],[-84.4326,33.8237],[-84.4325,33.8237],[-84.4324,33.8237],[-84.4323,33.8237],[-84.4322,33.8237],[-84.4321,33.8237],[-84.432,33.8237],[-84.4319,33.8237],[-84.4318,33.8237],[-84.4317,33.8236],[-84.4316,33.8236],[-84.4315,33.8235],[-84.4313,33.8234],[-84.4312,33.8234],[-84.4311,33.8233],[-84.431,33.8233],[-84.4309,33.8231],[-84.4307,33.823],[-84.4305,33.8228],[-84.4304,33.8227],[-84.4302,33.8226],[-84.43,33.8225],[-84.4298,33.8225],[-84.4296,33.8224],[-84.4295,33.8224],[-84.4293,33.8223],[-84.4293,33.8223],[-84.4292,33.8223],[-84.4291,33.8223],[-84.429,33.8224],[-84.4289,33.8224],[-84.4288,33.8224],[-84.4287,33.8225],[-84.4286,33.8225],[-84.4285,33.8226],[-84.4285,33.8226],[-84.4284,33.8228],[-84.4283,33.8229],[-84.4281,33.8231],[-84.428,33.8232],[-84.4278,33.8233],[-84.4277,33.8234],[-84.4275,33.8235],[-84.4273,33.8236],[-84.4271,33.8237],[-84.427,33.8237],[-84.4265,33.824],[-84.4264,33.824],[-84.4263,33.8241],[-84.4261,33.8241],[-84.4259,33.8242],[-84.4257,33.8243],[-84.4255,33.8244],[-84.4254,33.8246],[-84.4253,33.8246],[-84.4251,33.8247],[-84.4249,33.8248],[-84.4247,33.8249],[-84.4246,33.8249],[-84.4245,33.8249],[-84.4244,33.825],[-84.4243,33.825],[-84.4242,33.825],[-84.4241,33.825],[-84.4241,33.825],[-84.424,33.8249],[-84.4238,33.8249],[-84.4238,33.8249],[-84.4239,33.825],[-84.4239,33.8251],[-84.424,33.8256],[-84.424,33.826],[-84.4249,33.8285],[-84.425,33.8288],[-84.4264,33.8318],[-84.4265,33.8321],[-84.4266,33.8323],[-84.4274,33.8338],[-84.4275,33.8342],[-84.4279,33.8349],[-84.4282,33.8354],[-84.4286,33.8363],[-84.4287,33.8365],[-84.4291,33.8374],[-84.4294,33.8383],[-84.4295,33.8386],[-84.4295,33.8387],[-84.4295,33.8387],[-84.4298,33.8398],[-84.4298,33.84],[-84.4299,33.8404],[-84.4299,33.8412],[-84.4299,33.8413],[-84.4299,33.8418],[-84.4298,33.8423],[-84.4297,33.8431],[-84.4297,33.8437],[-84.4297,33.8442],[-84.4297,33.8445],[-84.4297,33.8447],[-84.4298,33.845],[-84.4298,33.8453],[-84.4298,33.8454],[-84.4304,33.8471],[-84.4305,33.8474],[-84.4306,33.8478],[-84.4307,33.8482],[-84.4308,33.8486],[-84.4308,33.8489],[-84.4308,33.8489],[-84.4308,33.8492],[-84.4308,33.8498],[-84.4308,33.8507],[-84.4309,33.8513],[-84.4309,33.8517],[-84.431,33.8522],[-84.431,33.8525],[-84.4311,33.8528],[-84.4313,33.8532],[-84.4314,33.8535],[-84.4314,33.8535],[-84.4314,33.8536],[-84.4317,33.8547],[-84.4319,33.8555],[-84.432,33.8557],[-84.4322,33.856],[-84.4325,33.8567],[-84.4328,33.8572],[-84.4331,33.8577],[-84.4337,33.8585],[-84.4339,33.8588],[-84.4342,33.8591],[-84.4359,33.8609],[-84.4359,33.861],[-84.4367,33.8619],[-84.4376,33.8629],[-84.4379,33.863],[-84.4381,33.8631],[-84.4381,33.8631],[-84.4385,33.8632],[-84.4389,33.8633],[-84.4392,33.8633],[-84.4394,33.8633],[-84.4401,33.8634],[-84.4449,33.8639],[-84.4461,33.864],[-84.4469,33.864],[-84.4488,33.8642],[-84.4491,33.8642],[-84.4493,33.8643],[-84.4496,33.8644],[-84.4498,33.8644],[-84.4499,33.8644],[-84.4502,33.8645],[-84.4504,33.8646],[-84.4507,33.8647],[-84.4509,33.8648],[-84.4512,33.865],[-84.4515,33.8652],[-84.4518,33.8654],[-84.452,33.8656],[-84.4522,33.8657],[-84.4523,33.8659],[-84.4528,33.8665],[-84.4538,33.8675],[-84.4539,33.8676],[-84.4549,33.8667],[-84.4554,33.8657],[-84.4556,33.8654],[-84.4556,33.8654],[-84.4559,33.8647],[-84.4558,33.8633],[-84.4542,33.861],[-84.4542,33.8604],[-84.4542,33.8603],[-84.4542,33.86],[-84.4542,33.8598],[-84.4542,33.8597],[-84.4542,33.8597],[-84.4542,33.8589],[-84.4544,33.8588],[-84.4545,33.8586],[-84.4547,33.8584],[-84.4547,33.8584],[-84.4549,33.8582],[-84.4551,33.858],[-84.4553,33.8579],[-84.456,33.8573],[-84.4598,33.8532],[-84.4601,33.8518],[-84.4599,33.8514],[-84.4591,33.85],[-84.4587,33.849],[-84.4587,33.8489],[-84.4586,33.8489],[-84.4585,33.8486],[-84.4586,33.8483],[-84.4587,33.848],[-84.4587,33.848],[-84.4588,33.8464],[-84.459,33.8456],[-84.4595,33.8443],[-84.4596,33.8442],[-84.4597,33.8438],[-84.4602,33.8422],[-84.4605,33.8411]]]}},{"type":"Feature","id":"13121009000","properties":{"GEOID":"13121009000","NAME":"Census Tract 90","AREALAND":3150788},"geometry":{"type":"Polygon","coordinates":[[[-84.4238,33.8249],[-84.4238,33.8248],[-84.4237,33.8246],[-84.4235,33.824],[-84.4233,33.8233],[-84.4231,33.8225],[-84.4228,33.8208],[-84.4226,33.8201],[-84.4224,33.819],[-84.4223,33.8187],[-84.4222,33.8183],[-84.422,33.8173],[-84.4219,33.8171],[-84.4215,33.8159],[-84.4211,33.8148],[-84.4209,33.8144],[-84.4206,33.8135],[-84.4201,33.8125],[-84.4199,33.8122],[-84.4191,33.8107],[-84.4187,33.8102],[-84.4184,33.8096],[-84.4181,33.8092],[-84.4178,33.8088],[-84.4177,33.8087],[-84.4174,33.8083],[-84.4169,33.8079],[-84.4163,33.8074],[-84.4158,33.8069],[-84.4154,33.8067],[-84.415,33.8064],[-84.4143,33.806],[-84.4132,33.8054],[-84.4125,33.805],[-84.4111,33.8043],[-84.4104,33.8041],[-84.4093,33.8037],[-84.4083,33.8033],[-84.4078,33.8031],[-84.4077,33.8031],[-84.4073,33.8029],[-84.4068,33.8027],[-84.4061,33.8025],[-84.4056,33.8023],[-84.405,33.8022],[-84.4047,33.8021],[-84.4042,33.802],[-84.4041,33.802],[-84.4036,33.8018],[-84.4021,33.8016],[-84.4013,33.8015],[-84.4005,33.8013],[-84.4005,33.8017],[-84.4006,33.8018],[-84.4007,33.8018],[-84.4008,33.8019],[-84.4009,33.8019],[-84.401,33.802],[-84.401,33.802],[-84.4011,33.8021],[-84.4011,33.8022],[-84.4012,33.8023],[-84.4011,33.8024],[-84.4011,33.8026],[-84.4011,33.8027],[-84.4011,33.8029],[-84.4011,33.803],[-84.4011,33.803],[-84.4011,33.8031],[-84.4011,33.8032],[-84.4012,33.8035],[-84.4013,33.8036],[-84.4013,33.8037],[-84.4013,33.8038],[-84.4014,33.8039],[-84.4014,33.804],[-84.4014,33.8041],[-84.4014,33.8043],[-84.4014,33.8046],[-84.4013,33.8046],[-84.4013,33.8047],[-84.4012,33.8048],[-84.4011,33.8048],[-84.401,33.8049],[-84.401,33.805],[-84.4009,33.805],[-84.4009,33.8051],[-84.4008,33.8052],[-84.4008,33.8053],[-84.4007,33.8055],[-84.4007,33.8056],[-84.4007,33.8057],[-84.4007,33.8058],[-84.4006,33.8059],[-84.4006,33.806],[-84.4006,33.8061],[-84.4006,33.8062],[-84.4007,33.8062],[-84.4007,33.8063],[-84.4007,33.8063],[-84.4008,33.8064],[-84.4009,33.8064],[-84.401,33.8065],[-84.4011,33.8065],[-84.4012,33.8065],[-84.4013,33.8066],[-84.4013,33.8067],[-84.4014,33.8067],[-84.4015,33.8068],[-84.4015,33.8069],[-84.4015,33.807],[-84.4016,33.8072],[-84.4017,33.8073],[-84.4019,33.8077],[-84.402,33.8078],[-84.402,33.8079],[-84.4021,33.808],[-84.4022,33.8081],[-84.4022,33.8082],[-84.4023,33.8083],[-84.4023,33.8083],[-84.4024,33.8084],[-84.4024,33.8084],[-84.4025,33.8085],[-84.4026,33.8089],[-84.4027,33.8091],[-84.4027,33.8092],[-84.4027,33.8093],[-84.4027,33.8094],[-84.4028,33.8096],[-84.4029,33.8096],[-84.4029,33.8096],[-84.403,33.8097],[-84.403,33.8098],[-84.4031,33.8099],[-84.4031,33.81],[-84.403,33.8101],[-84.403,33.8103],[-84.4027,33.8104],[-84.4027,33.8104],[-84.4026,33.8104],[-84.4024,33.8105],[-84.4023,33.8105],[-84.4022,33.8105],[-84.4021,33.8106],[-84.402,33.8106],[-84.4018,33.8106],[-84.4016,33.8107],[-84.4015,33.8107],[-84.4014,33.8107],[-84.4013,33.8107],[-84.4012,33.8107],[-84.4011,33.8108],[-84.4011,33.8109],[-84.401,33.811],[-84.401,33.811],[-84.4011,33.8111],[-84.4011,33.8112],[-84.4013,33.8113],[-84.4014,33.8113],[-84.4015,33.8114],[-84.4016,33.8114],[-84.4017,33.8115],[-84.4019,33.8117],[-84.402,33.8118],[-84.4021,33.812],[-84.4023,33.8122],[-84.4024,33.8123],[-84.4024,33.8124],[-84.4024,33.8126],[-84.4025,33.8127],[-84.4025,33.8127],[-84.4025,33.8129],[-84.4025,33.813],[-84.4026,33.8131],[-84.4027,33.8131],[-84.4028,33.8131],[-84.4029,33.8132],[-84.403,33.8132],[-84.4031,33.8133],[-84.4031,33.8133],[-84.4032,33.8134],[-84.4033,33.8135],[-84.4035,33.8138],[-84.4036,33.8142],[-84.4037,33.8144],[-84.4037,33.8145],[-84.4038,33.8146],[-84.4038,33.8147],[-84.4039,33.8148],[-84.404,33.8148],[-84.404,33.8149],[-84.4041,33.815],[-84.4041,33.8151],[-84.4042,33.8151],[-84.4042,33.8153],[-84.4043,33.8154],[-84.4043,33.8155],[-84.4044,33.8156],[-84.4044,33.8157],[-84.4046,33.8162],[-84.4046,33.8162],[-84.4047,33.8163],[-84.4047,33.8164],[-84.4047,33.8165],[-84.4046,33.8166],[-84.4046,33.8167],[-84.4045,33.8167],[-84.4044,33.8168],[-84.4042,33.8169],[-84.4041,33.817],[-84.404,33.8171],[-84.4037,33.8172],[-84.4037,33.8173],[-84.4036,33.8174],[-84.4036,33.8174],[-84.4035,33.8175],[-84.4035,33.8176],[-84.4034,33.8177],[-84.4034,33.8178],[-84.4034,33.8179],[-84.4033,33.818],[-84.4033,33.8181],[-84.403,33.8184],[-84.403,33.8185],[-84.403,33.8185],[-84.4031,33.8188],[-84.4031,33.8189],[-84.4031,33.819],[-84.4032,33.819],[-84.4032,33.8191],[-84.4033,33.8192],[-84.4034,33.8193],[-84.404,33.8199],[-84.4041,33.8199],[-84.4042,33.82],[-84.4044,33.8201],[-84.4045,33.8201],[-84.4046,33.8201],[-84.4047,33.8202],[-84.4048,33.8202],[-84.4049,33.8202],[-84.4051,33.8202],[-84.4052,33.8203],[-84.4053,33.8203],[-84.4054,33.8202],[-84.4067,33.8203],[-84.407,33.8203],[-84.4073,33.8203],[-84.4076,33.8203],[-84.4079,33.8203],[-84.4082,33.8203],[-84.4085,33.8203],[-84.4088,33.8203],[-84.4092,33.8202],[-84.4097,33.8201],[-84.4098,33.8201],[-84.41,33.8201],[-84.4102,33.8201],[-84.4104,33.8201],[-84.4107,33.8201],[-84.4109,33.8202],[-84.4119,33.8205],[-84.412,33.8205],[-84.4121,33.8205],[-84.4122,33.8206],[-84.4123,33.8206],[-84.4123,33.8207],[-84.4124,33.8208],[-84.4125,33.8208],[-84.4125,33.8209],[-84.4126,33.821],[-84.4126,33.8211],[-84.4127,33.8211],[-84.4127,33.8212],[-84.4127,33.8213],[-84.4127,33.8214],[-84.4127,33.8215],[-84.4127,33.8216],[-84.4125,33.8224],[-84.4124,33.8232],[-84.4124,33.8233],[-84.4124,33.8235],[-84.4124,33.8236],[-84.4124,33.8237],[-84.4125,33.8239],[-84.4126,33.8241],[-84.4127,33.8242],[-84.4127,33.8243],[-84.4128,33.8243],[-84.4129,33.8243],[-84.4133,33.8244],[-84.4135,33.8244],[-84.4138,33.8244],[-84.414,33.8244],[-84.4142,33.8244],[-84.4144,33.8244],[-84.4146,33.8244],[-84.4148,33.8245],[-84.4151,33.8246],[-84.4153,33.8246],[-84.4155,33.8246],[-84.4157,33.8247],[-84.416,33.8247],[-84.4162,33.8247],[-84.4164,33.8246],[-84.4164,33.8246],[-84.4165,33.8246],[-84.4166,33.8246],[-84.4167,33.8245],[-84.4167,33.8244],[-84.4168,33.8243],[-84.4168,33.8243],[-84.4168,33.8242],[-84.4169,33.8241],[-84.4169,33.824],[-84.4168,33.8239],[-84.4168,33.8238],[-84.4168,33.8237],[-84.4168,33.8236],[-84.4167,33.8235],[-84.4166,33.8233],[-84.4166,33.8231],[-84.4166,33.823],[-84.4166,33.8228],[-84.4166,33.8226],[-84.4166,33.8224],[-84.4166,33.8223],[-84.4167,33.8223],[-84.4167,33.8222],[-84.4168,33.8221],[-84.4169,33.8221],[-84.417,33.822],[-84.4171,33.822],[-84.4172,33.8219],[-84.4173,33.8219],[-84.4174,33.8219],[-84.4175,33.8218],[-84.4176,33.8218],[-84.4181,33.8219],[-84.4185,33.8219],[-84.4188,33.8219],[-84.4192,33.8219],[-84.4197,33.8219],[-84.4198,33.8219],[-84.4199,33.8219],[-84.42,33.8219],[-84.4201,33.8219],[-84.4202,33.8219],[-84.4203,33.822],[-84.4204,33.822],[-84.4205,33.822],[-84.4206,33.8221],[-84.4207,33.8221],[-84.4212,33.8225],[-84.4218,33.8231],[-84.4226,33.8242],[-84.4227,33.8243],[-84.4228,33.8244],[-84.423,33.8246],[-84.4231,33.8246],[-84.4232,33.8247],[-84.4233,33.8248],[-84.4234,33.8248],[-84.4235,33.8248],[-84.4237,33.8249],[-84.4238,33.8249]]]}},{"type":"Feature","id":"13121007604","properties":{"GEOID":"13121007604","NAME":"Census Tract 76.04","AREALAND":1118927},"geometry":{"type":"Polygon","coordinates":[[[-84.4762,33.7024],[-84.4762,33.7023],[-84.4761,33.7018],[-84.476,33.7016],[-84.4758,33.7014],[-84.4755,33.7012],[-84.4754,33.701],[-84.4752,33.7009],[-84.4751,33.7007],[-84.4751,33.7006],[-84.4751,33.7005],[-84.4752,33.6997],[-84.4752,33.699],[-84.4751,33.6988],[-84.4751,33.6986],[-84.4749,33.6982],[-84.4749,33.6979],[-84.4749,33.6978],[-84.4733,33.6978],[-84.4726,33.6979],[-84.4699,33.6977],[-84.4686,33.6978],[-84.4683,33.6978],[-84.4666,33.6978],[-84.4662,33.6978],[-84.4658,33.6977],[-84.4651,33.6977],[-84.4622,33.6977],[-84.4616,33.6977],[-84.4612,33.6977],[-84.4609,33.6977],[-84.4607,33.6977],[-84.4605,33.6978],[-84.4597,33.6983],[-84.459,33.6987],[-84.4588,33.6988],[-84.4579,33.6991],[-84.4573,33.6992],[-84.4573,33.6993],[-84.4573,33.6994],[-84.4573,33.6997],[-84.4574,33.7007],[-84.4574,33.7016],[-84.4574,33.7023],[-84.4573,33.7037],[-84.4573,33.7061],[-84.4572,33.7065],[-84.4575,33.7064],[-84.4583,33.7061],[-84.4588,33.7059],[-84.4619,33.7049],[-84.4623,33.7048],[-84.4633,33.7045],[-84.4636,33.7044],[-84.4638,33.7044],[-84.4646,33.7043],[-84.466,33.704],[-84.4663,33.7039],[-84.4667,33.7038],[-84.467,33.7037],[-84.4678,33.7032],[-84.468,33.7031],[-84.4687,33.7029],[-84.4693,33.7027],[-84.4697,33.7026],[-84.4699,33.7026],[-84.4701,33.7026],[-84.4707,33.7026],[-84.4712,33.7026],[-84.4725,33.7026],[-84.4729,33.7027],[-84.4741,33.7027],[-84.4743,33.7027],[-84.4762,33.7024]]]}},{"type":"Feature","id":"13121003700","properties":{"GEOID":"13121003700","NAME":"Census Tract 37","AREALAND":90578},"geometry":{"type":"Polygon","coordinates":[[[-84.4113,33.7503],[-84.4113,33.7493],[-84.4111,33.7493],[-84.4111,33.748],[-84.4111,33.7471],[-84.4105,33.7471],[-84.4104,33.7471],[-84.4101,33.747],[-84.4098,33.7469],[-84.4097,33.7468],[-84.4097,33.7467],[-84.4096,33.7466],[-84.4095,33.7465],[-84.4095,33.7465],[-84.4092,33.7465],[-84.409,33.7465],[-84.4088,33.7465],[-84.4085,33.7467],[-84.409,33.7474],[-84.4091,33.748],[-84.4093,33.748],[-84.4092,33.7485],[-84.4092,33.7487],[-84.4092,33.7493],[-84.4094,33.7493],[-84.4094,33.75],[-84.4094,33.7503],[-84.4094,33.7513],[-84.4101,33.7513],[-84.4105,33.7513],[-84.4113,33.7513],[-84.4113,33.7509],[-84.4113,33.7506],[-84.4113,33.7503]]]}},{"type":"Feature","id":"13121007703","properties":{"GEOID":"13121007703","NAME":"Census Tract 77.03","AREALAND":4526581},"geometry":{"type":"Polygon","coordinates":[[[-84.5184,33.7007],[-84.5184,33.6996],[-84.5184,33.6992],[-84.5183,33.699],[-84.5182,33.6985],[-84.5179,33.6972],[-84.5178,33.6968],[-84.5178,33.6965],[-84.5177,33.6962],[-84.5177,33.6958],[-84.5177,33.6954],[-84.5177,33.6951],[-84.5178,33.6945],[-84.5179,33.694],[-84.518,33.6937],[-84.5181,33.6933],[-84.5181,33.6932],[-84.518,33.6932],[-84.5175,33.6929],[-84.5158,33.692],[-84.5145,33.6912],[-84.5145,33.6912],[-84.5142,33.6911],[-84.514,33.691],[-84.5137,33.6909],[-84.5134,33.6909],[-84.513,33.6908],[-84.5119,33.6907],[-84.5114,33.6906],[-84.5084,33.6901],[-84.5084,33.6901],[-84.508,33.69],[-84.5077,33.69],[-84.5073,33.69],[-84.5062,33.6902],[-84.5061,33.6902],[-84.506,33.6902],[-84.5057,33.6902],[-84.505,33.6902],[-84.5046,33.6902],[-84.5032,33.6901],[-84.5027,33.6901],[-84.5018,33.6901],[-84.5013,33.6901],[-84.5008,33.6901],[-84.5002,33.6901],[-84.4999,33.6901],[-84.4999,33.6903],[-84.4999,33.6909],[-84.5,33.6917],[-84.5,33.6917],[-84.4999,33.6937],[-84.4999,33.6937],[-84.4999,33.6942],[-84.4999,33.6942],[-84.4999,33.6948],[-84.4999,33.6951],[-84.4998,33.6957],[-84.4998,33.6957],[-84.4996,33.6964],[-84.4996,33.6966],[-84.4994,33.6971],[-84.4994,33.6974],[-84.4992,33.6978],[-84.499,33.6983],[-84.4983,33.7005],[-84.4981,33.7011],[-84.4979,33.7017],[-84.4977,33.7026],[-84.4976,33.703],[-84.4975,33.7038],[-84.4975,33.7045],[-84.4975,33.7047],[-84.4975,33.7054],[-84.4975,33.7064],[-84.4976,33.7074],[-84.4978,33.708],[-84.4982,33.7095],[-84.4983,33.7099],[-84.4986,33.7106],[-84.4987,33.711],[-84.4989,33.7113],[-84.4991,33.7117],[-84.4997,33.7127],[-84.5,33.7133],[-84.5,33.7134],[-84.5002,33.7136],[-84.5004,33.7139],[-84.5011,33.7155],[-84.5012,33.7156],[-84.5016,33.7166],[-84.5019,33.7172],[-84.5022,33.7182],[-84.5023,33.7185],[-84.5023,33.7187],[-84.5023,33.7191],[-84.5025,33.72],[-84.5025,33.7207],[-84.5026,33.7216],[-84.5025,33.7229],[-84.5026,33.723],[-84.5028,33.723],[-84.5032,33.723],[-84.5035,33.723],[-84.5046,33.7231],[-84.5052,33.7231],[-84.5057,33.7231],[-84.5057,33.7231],[-84.5058,33.7231],[-84.5062,33.7231],[-84.5065,33.7231],[-84.5072,33.7232],[-84.5074,33.7233],[-84.5087,33.7235],[-84.5092,33.7236],[-84.5102,33.7238],[-84.5081,33.7205],[-84.508,33.7202],[-84.5078,33.7198],[-84.5079,33.7193],[-84.5079,33.719],[-84.508,33.7188],[-84.5081,33.718],[-84.5082,33.717],[-84.5082,33.7168],[-84.5083,33.7166],[-84.5082,33.7164],[-84.5082,33.7163],[-84.5081,33.7161],[-84.508,33.716],[-84.5072,33.7146],[-84.5071,33.7146],[-84.507,33.7144],[-84.5063,33.7136],[-84.5062,33.7134],[-84.5061,33.7132],[-84.5061,33.713],[-84.506,33.7128],[-84.506,33.7125],[-84.506,33.7105],[-84.5061,33.7103],[-84.5061,33.7102],[-84.5062,33.7099],[-84.5063,33.7097],[-84.5068,33.7091],[-84.507,33.7088],[-84.5071,33.7086],[-84.5071,33.7085],[-84.5073,33.7085],[-84.5097,33.7083],[-84.5098,33.7083],[-84.5107,33.7082],[-84.5125,33.7082],[-84.5178,33.7081],[-84.5182,33.7081],[-84.5182,33.7073],[-84.5182,33.7061],[-84.5183,33.7051],[-84.5183,33.704],[-84.5183,33.703],[-84.5184,33.7018],[-84.5184,33.7007]]]}},{"type":"Feature","id":"13121011305","properties":{"GEOID":"13121011305","NAME":"Census Tract 113.05","AREALAND":2929129},"geometry":{"type":"Polygon","coordinates":[[[-84.4978,33.6566],[-84.4978,33.6565],[-84.4977,33.6528],[-84.4977,33.6526],[-84.4977,33.6525],[-84.4977,33.6513],[-84.4977,33.649],[-84.4977,33.6488],[-84.4977,33.6484],[-84.4977,33.6482],[-84.4976,33.6481],[-84.4974,33.6466],[-84.4973,33.6461],[-84.4972,33.6455],[-84.4972,33.6454],[-84.4966,33.6434],[-84.4964,33.6431],[-84.4956,33.6412],[-84.4954,33.6409],[-84.4951,33.6404],[-84.495,33.6402],[-84.4949,33.64],[-84.4948,33.6399],[-84.4942,33.639],[-84.4921,33.6363],[-84.4921,33.6363],[-84.4919,33.636],[-84.4915,33.6354],[-84.4913,33.6351],[-84.491,33.6346],[-84.4907,33.634],[-84.4905,33.6336],[-84.4905,33.6336],[-84.4905,33.6336],[-84.4904,33.6334],[-84.4903,33.6333],[-84.4903,33.6333],[-84.4902,33.633],[-84.49,33.6326],[-84.4899,33.6322],[-84.4898,33.632],[-84.4898,33.6319],[-84.4897,33.6315],[-84.4895,33.631],[-84.4894,33.6305],[-84.4894,33.6303],[-84.4892,33.6295],[-84.489,33.628],[-84.489,33.6279],[-84.489,33.6278],[-84.4889,33.6272],[-84.4886,33.6246],[-84.4885,33.6242],[-84.4885,33.6242],[-84.4885,33.6241],[-84.4885,33.6232],[-84.4883,33.6232],[-84.4881,33.6232],[-84.4875,33.6233],[-84.4874,33.6233],[-84.4865,33.6234],[-84.4866,33.6237],[-84.4866,33.6241],[-84.4867,33.6242],[-84.4867,33.6243],[-84.4868,33.6243],[-84.4869,33.6244],[-84.487,33.6244],[-84.4872,33.6244],[-84.4873,33.6245],[-84.4874,33.6245],[-84.4875,33.6247],[-84.4875,33.6272],[-84.4875,33.6297],[-84.4874,33.6318],[-84.4874,33.6319],[-84.4874,33.6319],[-84.4874,33.632],[-84.4874,33.6321],[-84.4873,33.6323],[-84.4872,33.6325],[-84.4871,33.6327],[-84.487,33.6329],[-84.4866,33.6332],[-84.4871,33.6332],[-84.4873,33.6337],[-84.4867,33.6338],[-84.4867,33.6349],[-84.4872,33.6349],[-84.4871,33.641],[-84.487,33.6423],[-84.487,33.6429],[-84.4869,33.6446],[-84.4869,33.6451],[-84.4869,33.6468],[-84.4869,33.6469],[-84.4868,33.6472],[-84.4868,33.6484],[-84.4867,33.6496],[-84.4868,33.652],[-84.4868,33.6522],[-84.4885,33.6521],[-84.4887,33.6522],[-84.4883,33.6526],[-84.4883,33.6528],[-84.4879,33.6532],[-84.4874,33.6538],[-84.4873,33.6539],[-84.4871,33.6541],[-84.4868,33.6542],[-84.4866,33.6543],[-84.4864,33.6544],[-84.4862,33.6545],[-84.485,33.6548],[-84.484,33.655],[-84.4836,33.6551],[-84.4834,33.6552],[-84.4831,33.6553],[-84.4828,33.6554],[-84.4827,33.6556],[-84.4824,33.6559],[-84.4821,33.6566],[-84.4817,33.6571],[-84.481,33.6582],[-84.4808,33.6584],[-84.4806,33.6586],[-84.4814,33.659],[-84.4816,33.6591],[-84.4818,33.6591],[-84.4834,33.6592],[-84.4837,33.6592],[-84.4841,33.6591],[-84.4843,33.6591],[-84.4844,33.6591],[-84.4846,33.6591],[-84.4849,33.6592],[-84.4855,33.6595],[-84.4861,33.6598],[-84.4868,33.6602],[-84.4871,33.6603],[-84.4874,33.6603],[-84.4876,33.6604],[-84.4878,33.6604],[-84.488,33.6604],[-84.4883,33.6603],[-84.4886,33.6602],[-84.4895,33.6599],[-84.4898,33.6598],[-84.49,33.6597],[-84.4902,33.6597],[-84.4905,33.6596],[-84.4908,33.6596],[-84.491,33.6597],[-84.4913,33.6597],[-84.4915,33.6598],[-84.4917,33.6599],[-84.4921,33.6599],[-84.4924,33.6601],[-84.4927,33.6601],[-84.4929,33.6602],[-84.4933,33.6602],[-84.4939,33.6603],[-84.4942,33.6603],[-84.4943,33.6603],[-84.4945,33.6604],[-84.4946,33.6604],[-84.4948,33.6605],[-84.495,33.6606],[-84.4952,33.6607],[-84.4954,33.6607],[-84.4975,33.6607],[-84.4977,33.6607],[-84.4977,33.6593],[-84.4978,33.6566]]]}},{"type":"Feature","id":"13121009501","properties":{"GEOID":"13121009501","NAME":"Census Tract 95.01","AREALAND":4503270},"geometry":{"type":"Polygon","coordinates":[[[-84.4076,33.8204],[-84.4076,33.8203],[-84.4073,33.8203],[-84.407,33.8203],[-84.4067,33.8203],[-84.4054,33.8202],[-84.4053,33.8203],[-84.4052,33.8203],[-84.4051,33.8202],[-84.4049,33.8202],[-84.4048,33.8202],[-84.4047,33.8202],[-84.4046,33.8201],[-84.4045,33.8201],[-84.4044,33.8201],[-84.4042,33.82],[-84.4041,33.8199],[-84.404,33.8199],[-84.4034,33.8193],[-84.4033,33.8192],[-84.4032,33.8191],[-84.4032,33.819],[-84.4031,33.819],[-84.4031,33.8189],[-84.4031,33.8188],[-84.403,33.8185],[-84.403,33.8185],[-84.4029,33.8184],[-84.4028,33.8181],[-84.4027,33.8179],[-84.4022,33.8171],[-84.4021,33.817],[-84.402,33.8167],[-84.4018,33.8165],[-84.4017,33.8163],[-84.4016,33.8162],[-84.4015,33.8161],[-84.4014,33.8161],[-84.4014,33.816],[-84.4013,33.816],[-84.4011,33.8159],[-84.4009,33.8158],[-84.4007,33.8158],[-84.4005,33.8157],[-84.4004,33.8157],[-84.4001,33.8157],[-84.3999,33.8157],[-84.3998,33.8157],[-84.3998,33.8157],[-84.3997,33.8157],[-84.3996,33.8157],[-84.3995,33.8157],[-84.3994,33.8157],[-84.3993,33.8158],[-84.3992,33.8158],[-84.399,33.8158],[-84.3988,33.8159],[-84.3987,33.8159],[-84.3984,33.8159],[-84.3983,33.8159],[-84.3983,33.8159],[-84.3981,33.8159],[-84.3976,33.8159],[-84.3974,33.8159],[-84.3973,33.8159],[-84.3971,33.8159],[-84.397,33.8159],[-84.3968,33.8159],[-84.3967,33.816],[-84.3966,33.816],[-84.3965,33.816],[-84.3964,33.8161],[-84.3963,33.8161],[-84.3963,33.8162],[-84.3963,33.8162],[-84.3962,33.8163],[-84.3961,33.8163],[-84.396,33.8164],[-84.396,33.8165],[-84.3959,33.8166],[-84.3959,33.8166],[-84.3951,33.8177],[-84.395,33.8179],[-84.3947,33.8183],[-84.3946,33.8184],[-84.3944,33.8185],[-84.3942,33.8186],[-84.3941,33.8187],[-84.394,33.8188],[-84.3939,33.8188],[-84.3938,33.8188],[-84.3937,33.8188],[-84.3934,33.8188],[-84.3932,33.8188],[-84.393,33.8187],[-84.3928,33.8187],[-84.3923,33.8186],[-84.392,33.8185],[-84.3914,33.8184],[-84.3912,33.8184],[-84.391,33.8184],[-84.3908,33.8183],[-84.3906,33.8183],[-84.3904,33.8182],[-84.3901,33.8181],[-84.3892,33.8177],[-84.3891,33.8177],[-84.389,33.8177],[-84.3889,33.8179],[-84.3889,33.818],[-84.3888,33.8183],[-84.3887,33.8186],[-84.3886,33.819],[-84.3884,33.8196],[-84.3884,33.8199],[-84.3883,33.8201],[-84.3879,33.8214],[-84.3876,33.8223],[-84.3876,33.8225],[-84.3874,33.8228],[-84.3874,33.8229],[-84.3874,33.823],[-84.3874,33.8232],[-84.3874,33.8243],[-84.3874,33.8246],[-84.3874,33.8251],[-84.3874,33.8266],[-84.3874,33.8276],[-84.3874,33.8278],[-84.3874,33.8286],[-84.3874,33.8293],[-84.3874,33.8293],[-84.3875,33.8292],[-84.3876,33.8295],[-84.3877,33.8297],[-84.3877,33.8298],[-84.3877,33.8299],[-84.3879,33.8302],[-84.3882,33.8311],[-84.3884,33.8316],[-84.3885,33.8318],[-84.3886,33.832],[-84.389,33.8328],[-84.3893,33.8333],[-84.3893,33.8333],[-84.3893,33.8335],[-84.3893,33.8337],[-84.3892,33.834],[-84.3892,33.8341],[-84.389,33.8346],[-84.3889,33.8349],[-84.3887,33.8351],[-84.3879,33.836],[-84.3878,33.8362],[-84.3878,33.8363],[-84.3878,33.8363],[-84.3878,33.8364],[-84.3881,33.837],[-84.3882,33.8372],[-84.3883,33.8374],[-84.3886,33.8376],[-84.3897,33.8387],[-84.3898,33.8388],[-84.39,33.839],[-84.3901,33.8392],[-84.3902,33.8393],[-84.3902,33.8395],[-84.3903,33.8397],[-84.3903,33.8398],[-84.3903,33.84],[-84.3903,33.8401],[-84.3902,33.8403],[-84.3903,33.8403],[-84.3904,33.8403],[-84.3907,33.8406],[-84.3907,33.8407],[-84.3908,33.8407],[-84.391,33.8411],[-84.3912,33.8416],[-84.3913,33.8417],[-84.3913,33.8418],[-84.3914,33.842],[-84.3914,33.8427],[-84.3915,33.8433],[-84.3916,33.8439],[-84.3916,33.8441],[-84.3915,33.8443],[-84.3917,33.8443],[-84.3925,33.8442],[-84.393,33.8441],[-84.3938,33.8441],[-84.3954,33.844],[-84.3958,33.844],[-84.396,33.844],[-84.3963,33.8441],[-84.3966,33.8442],[-84.3974,33.8429],[-84.3978,33.8422],[-84.3978,33.8421],[-84.3979,33.842],[-84.398,33.842],[-84.3981,33.8419],[-84.3984,33.8417],[-84.3989,33.8413],[-84.3994,33.8411],[-84.3996,33.8409],[-84.3998,33.8408],[-84.4002,33.8407],[-84.4009,33.8404],[-84.4018,33.84],[-84.402,33.84],[-84.4021,33.8399],[-84.4022,33.8398],[-84.4023,33.8397],[-84.4026,33.8394],[-84.4032,33.8387],[-84.4034,33.8385],[-84.4037,33.8382],[-84.4043,33.8377],[-84.4045,33.8375],[-84.4046,33.8374],[-84.4046,33.8373],[-84.4049,33.8367],[-84.405,33.8366],[-84.4051,33.8364],[-84.4056,33.8359],[-84.4057,33.8359],[-84.406,33.8357],[-84.4062,33.8356],[-84.4063,33.8355],[-84.4068,33.8353],[-84.4073,33.835],[-84.4074,33.835],[-84.4074,33.8327],[-84.4074,33.8325],[-84.4075,33.8317],[-84.4075,33.8299],[-84.4075,33.8294],[-84.4075,33.8287],[-84.4075,33.8284],[-84.4075,33.8277],[-84.4075,33.8261],[-84.4076,33.8245],[-84.4076,33.8241],[-84.4076,33.8239],[-84.4076,33.8207],[-84.4076,33.8206],[-84.4076,33.8204]]]}},{"type":"Feature","id":"13121009502","properties":{"GEOID":"13121009502","NAME":"Census Tract 95.02","AREALAND":1868083},"geometry":{"type":"Polygon","coordinates":[[[-84.3957,33.8452],[-84.3957,33.845],[-84.3957,33.8448],[-84.3956,33.8447],[-84.3955,33.8445],[-84.3955,33.8444],[-84.3954,33.8443],[-84.3954,33.844],[-84.3938,33.8441],[-84.393,33.8441],[-84.3925,33.8442],[-84.3917,33.8443],[-84.3915,33.8443],[-84.3916,33.8441],[-84.3916,33.8439],[-84.3915,33.8433],[-84.3914,33.8427],[-84.3914,33.842],[-84.3913,33.8418],[-84.3913,33.8417],[-84.3912,33.8416],[-84.391,33.8411],[-84.3908,33.8407],[-84.3907,33.8407],[-84.3907,33.8406],[-84.3904,33.8403],[-84.3903,33.8403],[-84.3902,33.8403],[-84.3903,33.8401],[-84.3903,33.84],[-84.3903,33.8398],[-84.3903,33.8397],[-84.3902,33.8395],[-84.3902,33.8393],[-84.3901,33.8392],[-84.39,33.839],[-84.3898,33.8388],[-84.3897,33.8387],[-84.3886,33.8376],[-84.3883,33.8374],[-84.3882,33.8372],[-84.3881,33.837],[-84.3878,33.8364],[-84.3878,33.8363],[-84.3878,33.8363],[-84.3878,33.8362],[-84.3879,33.836],[-84.3887,33.8351],[-84.3889,33.8349],[-84.389,33.8346],[-84.3892,33.8341],[-84.3892,33.834],[-84.3893,33.8337],[-84.3893,33.8335],[-84.3893,33.8333],[-84.3893,33.8333],[-84.389,33.8328],[-84.3886,33.832],[-84.3885,33.8318],[-84.3884,33.8316],[-84.3882,33.8311],[-84.3879,33.8302],[-84.3877,33.8299],[-84.3877,33.8298],[-84.3877,33.8297],[-84.3876,33.8295],[-84.3875,33.8292],[-84.3874,33.8293],[-84.3874,33.8293],[-84.3874,33.8294],[-84.3874,33.8295],[-84.3873,33.8295],[-84.3871,33.8298],[-84.3864,33.8305],[-84.3858,33.8311],[-84.3853,33.8315],[-84.3842,33.8326],[-84.3839,33.8329],[-84.3837,33.8331],[-84.3832,33.8336],[-84.383,33.8337],[-84.3829,33.8338],[-84.3829,33.834],[-84.3827,33.8343],[-84.3824,33.8349],[-84.3813,33.8371],[-84.3811,33.8376],[-84.381,33.8379],[-84.3809,33.8381],[-84.3808,33.8382],[-84.3803,33.8388],[-84.38,33.8391],[-84.3798,33.8394],[-84.3799,33.8394],[-84.3798,33.8396],[-84.3798,33.8396],[-84.3798,33.8396],[-84.3798,33.8397],[-84.3793,33.8406],[-84.3792,33.8409],[-84.3791,33.8412],[-84.379,33.8416],[-84.3789,33.8418],[-84.3789,33.842],[-84.3789,33.8423],[-84.3789,33.8425],[-84.379,33.8427],[-84.3793,33.8437],[-84.3794,33.8439],[-84.3795,33.8441],[-84.3796,33.8442],[-84.3797,33.8443],[-84.3799,33.8446],[-84.3805,33.8451],[-84.3809,33.8456],[-84.3815,33.8462],[-84.3818,33.8466],[-84.382,33.8469],[-84.3821,33.8472],[-84.3823,33.8474],[-84.3824,33.8477],[-84.3825,33.848],[-84.3826,33.8482],[-84.3826,33.8483],[-84.3827,33.849],[-84.3828,33.8494],[-84.3829,33.8499],[-84.383,33.8501],[-84.383,33.8504],[-84.383,33.8506],[-84.383,33.8508],[-84.383,33.851],[-84.383,33.8512],[-84.383,33.8513],[-84.383,33.8516],[-84.383,33.8518],[-84.3829,33.852],[-84.3829,33.8522],[-84.3828,33.8525],[-84.3828,33.8526],[-84.3827,33.8533],[-84.3828,33.8533],[-84.3829,33.8533],[-84.383,33.8532],[-84.3832,33.8532],[-84.3833,33.8531],[-84.3836,33.8529],[-84.3838,33.8528],[-84.3839,33.8527],[-84.3842,33.8526],[-84.3847,33.8525],[-84.3848,33.8524],[-84.3849,33.8524],[-84.3851,33.8523],[-84.3852,33.8522],[-84.3854,33.8519],[-84.3859,33.8511],[-84.386,33.851],[-84.3862,33.8508],[-84.3866,33.8504],[-84.3866,33.8503],[-84.3867,33.8502],[-84.3868,33.8499],[-84.3869,33.8498],[-84.387,33.8496],[-84.3871,33.8495],[-84.3872,33.8494],[-84.3874,33.8492],[-84.3875,33.8492],[-84.3877,33.8491],[-84.388,33.849],[-84.3883,33.8489],[-84.3888,33.8487],[-84.3889,33.8487],[-84.3893,33.8486],[-84.3898,33.8484],[-84.3903,33.8483],[-84.3912,33.848],[-84.3917,33.8479],[-84.392,33.8479],[-84.3922,33.8478],[-84.3923,33.8477],[-84.3928,33.8474],[-84.393,33.8473],[-84.3934,33.8471],[-84.3936,33.847],[-84.3938,33.847],[-84.3943,33.8469],[-84.3944,33.8469],[-84.3945,33.8469],[-84.3946,33.8468],[-84.3947,33.8468],[-84.3951,33.8464],[-84.3954,33.8461],[-84.3954,33.846],[-84.3955,33.8459],[-84.3955,33.8458],[-84.3957,33.8453],[-84.3957,33.8452]]]}},{"type":"Feature","id":"13121009200","properties":{"GEOID":"13121009200","NAME":"Census Tract 92","AREALAND":3486102},"geometry":{"type":"Polygon","coordinates":[[[-84.3777,33.809],[-84.3777,33.8089],[-84.3777,33.8087],[-84.3776,33.8087],[-84.3776,33.8085],[-84.3776,33.8083],[-84.3775,33.8078],[-84.3775,33.8076],[-84.3774,33.8073],[-84.3774,33.8069],[-84.3773,33.8066],[-84.3769,33.8059],[-84.3764,33.8051],[-84.3762,33.8046],[-84.3757,33.8038],[-84.3751,33.8027],[-84.3747,33.8021],[-84.3743,33.8012],[-84.3742,33.8011],[-84.3734,33.8014],[-84.3723,33.8018],[-84.3719,33.802],[-84.3715,33.8021],[-84.3712,33.8021],[-84.3704,33.8022],[-84.3701,33.8022],[-84.37,33.8023],[-84.37,33.8023],[-84.3699,33.8023],[-84.3699,33.8023],[-84.3697,33.8025],[-84.3695,33.8026],[-84.3693,33.8027],[-84.3691,33.8028],[-84.3688,33.8029],[-84.3686,33.803],[-84.3685,33.803],[-84.3684,33.8031],[-84.3684,33.8031],[-84.3682,33.8034],[-84.3674,33.8044],[-84.3675,33.8047],[-84.3675,33.8048],[-84.3674,33.8053],[-84.3674,33.8054],[-84.3671,33.8059],[-84.3669,33.8063],[-84.3661,33.8076],[-84.366,33.8077],[-84.366,33.8078],[-84.366,33.8079],[-84.3659,33.8079],[-84.3659,33.808],[-84.3658,33.8079],[-84.3657,33.8079],[-84.3655,33.8079],[-84.3654,33.8079],[-84.3644,33.8083],[-84.3633,33.8088],[-84.3628,33.809],[-84.3624,33.8092],[-84.3605,33.8099],[-84.3602,33.81],[-84.3593,33.8104],[-84.3574,33.8111],[-84.357,33.811],[-84.3548,33.8108],[-84.354,33.8106],[-84.3539,33.8106],[-84.3539,33.8106],[-84.3517,33.8102],[-84.3516,33.8102],[-84.3508,33.81],[-84.35,33.8098],[-84.3499,33.8098],[-84.3497,33.8097],[-84.3485,33.8091],[-84.3482,33.809],[-84.3484,33.8097],[-84.3484,33.8099],[-84.3484,33.8103],[-84.3483,33.8108],[-84.3483,33.8109],[-84.3484,33.8118],[-84.3482,33.8125],[-84.3482,33.8127],[-84.3482,33.8128],[-84.3483,33.8143],[-84.3483,33.8147],[-84.3483,33.8148],[-84.3484,33.8171],[-84.3484,33.8174],[-84.3483,33.8201],[-84.3483,33.8204],[-84.3485,33.8241],[-84.3485,33.8244],[-84.3485,33.8249],[-84.3485,33.8249],[-84.3485,33.8251],[-84.3488,33.825],[-84.3492,33.8248],[-84.3495,33.8246],[-84.3497,33.8246],[-84.3502,33.8243],[-84.3504,33.8242],[-84.3507,33.8241],[-84.3512,33.8239],[-84.3517,33.8238],[-84.352,33.8237],[-84.3521,33.8236],[-84.3527,33.8235],[-84.3542,33.8232],[-84.3544,33.8232],[-84.3545,33.8232],[-84.3546,33.8231],[-84.3555,33.8231],[-84.3559,33.823],[-84.3565,33.8229],[-84.3565,33.8229],[-84.357,33.8228],[-84.3574,33.8227],[-84.3576,33.8226],[-84.3578,33.8225],[-84.3581,33.8224],[-84.3583,33.8223],[-84.3585,33.8222],[-84.3588,33.822],[-84.359,33.8219],[-84.3594,33.8216],[-84.3594,33.8216],[-84.3595,33.8214],[-84.3597,33.8212],[-84.36,33.8209],[-84.3601,33.8207],[-84.3602,33.8207],[-84.3604,33.8203],[-84.3607,33.8199],[-84.3609,33.8196],[-84.3615,33.8185],[-84.3616,33.8185],[-84.3621,33.8183],[-84.3622,33.8183],[-84.3624,33.8183],[-84.3627,33.8182],[-84.3632,33.818],[-84.3633,33.818],[-84.364,33.8178],[-84.3642,33.8178],[-84.3643,33.8178],[-84.3647,33.8178],[-84.3649,33.8178],[-84.3651,33.8178],[-84.3653,33.8177],[-84.3655,33.8177],[-84.3657,33.8176],[-84.3659,33.8176],[-84.3666,33.8173],[-84.3668,33.8172],[-84.3669,33.8172],[-84.367,33.8171],[-84.3671,33.8171],[-84.3673,33.8171],[-84.3675,33.8171],[-84.3684,33.8169],[-84.3686,33.8168],[-84.3688,33.8167],[-84.369,33.8166],[-84.3692,33.8165],[-84.3694,33.8164],[-84.3696,33.8162],[-84.3698,33.8161],[-84.3699,33.816],[-84.3699,33.8159],[-84.37,33.8159],[-84.3701,33.8158],[-84.3702,33.8158],[-84.3703,33.8157],[-84.3704,33.8157],[-84.3707,33.8158],[-84.3711,33.8158],[-84.3713,33.8158],[-84.3715,33.8158],[-84.3716,33.8158],[-84.3718,33.8157],[-84.3722,33.8157],[-84.3726,33.8157],[-84.3732,33.8157],[-84.3735,33.8157],[-84.3736,33.8157],[-84.3739,33.8158],[-84.374,33.8158],[-84.374,33.8157],[-84.374,33.8156],[-84.3742,33.8154],[-84.3746,33.8148],[-84.3749,33.8143],[-84.3753,33.8139],[-84.3758,33.8132],[-84.3758,33.8131],[-84.3761,33.8127],[-84.3767,33.8117],[-84.377,33.8111],[-84.3771,33.8109],[-84.3772,33.8107],[-84.3774,33.8105],[-84.3775,33.8103],[-84.3776,33.81],[-84.3776,33.8097],[-84.3777,33.8094],[-84.3777,33.809]]]}},{"type":"Feature","id":"13121000400","properties":{"GEOID":"13121000400","NAME":"Census Tract 4","AREALAND":1556892},"geometry":{"type":"Polygon","coordinates":[[[-84.3878,33.7885],[-84.3878,33.7867],[-84.3862,33.7867],[-84.3843,33.7867],[-84.3833,33.7867],[-84.3833,33.7867],[-84.3831,33.7866],[-84.383,33.7865],[-84.383,33.7865],[-84.383,33.7865],[-84.3827,33.7865],[-84.3822,33.7865],[-84.3814,33.7865],[-84.3811,33.7865],[-84.3809,33.7865],[-84.3804,33.7865],[-84.3794,33.7865],[-84.3791,33.7865],[-84.3781,33.7865],[-84.3782,33.7862],[-84.3782,33.7859],[-84.3782,33.7858],[-84.3783,33.7856],[-84.3784,33.7853],[-84.3786,33.7848],[-84.3789,33.7843],[-84.3784,33.7842],[-84.3782,33.7837],[-84.3779,33.7837],[-84.3779,33.7832],[-84.3779,33.7826],[-84.3779,33.7818],[-84.3777,33.7818],[-84.3741,33.7818],[-84.3728,33.7818],[-84.3688,33.7818],[-84.3688,33.7818],[-84.3687,33.7817],[-84.3686,33.7821],[-84.3687,33.7822],[-84.3693,33.7831],[-84.3698,33.7837],[-84.3701,33.7842],[-84.3703,33.7844],[-84.3705,33.785],[-84.3707,33.7859],[-84.3707,33.7862],[-84.3708,33.7864],[-84.3706,33.7882],[-84.3705,33.7886],[-84.3702,33.791],[-84.3701,33.7918],[-84.3701,33.7922],[-84.3701,33.7923],[-84.3702,33.7933],[-84.3702,33.7933],[-84.3703,33.7937],[-84.3707,33.7937],[-84.3717,33.7933],[-84.3719,33.7932],[-84.372,33.7932],[-84.3722,33.7932],[-84.3725,33.7932],[-84.3726,33.7932],[-84.3727,33.7932],[-84.3728,33.7932],[-84.3728,33.7932],[-84.3732,33.7928],[-84.3739,33.7921],[-84.374,33.7919],[-84.3742,33.7916],[-84.3744,33.7917],[-84.3745,33.7917],[-84.3747,33.7917],[-84.3749,33.7918],[-84.3752,33.7917],[-84.3754,33.7917],[-84.3757,33.7916],[-84.3763,33.7915],[-84.3764,33.7914],[-84.3765,33.7914],[-84.3769,33.7916],[-84.3771,33.7918],[-84.3773,33.7919],[-84.3774,33.792],[-84.3777,33.7921],[-84.3778,33.7921],[-84.378,33.7922],[-84.3781,33.7922],[-84.3782,33.7923],[-84.3783,33.7923],[-84.3783,33.7924],[-84.3785,33.7926],[-84.3785,33.7927],[-84.3785,33.7928],[-84.3785,33.7928],[-84.3786,33.7929],[-84.3786,33.7931],[-84.3792,33.7934],[-84.3796,33.7932],[-84.3799,33.7931],[-84.38,33.7931],[-84.3802,33.7931],[-84.3804,33.7931],[-84.3805,33.7931],[-84.3805,33.7931],[-84.3806,33.793],[-84.3807,33.793],[-84.3808,33.793],[-84.3809,33.7929],[-84.3809,33.7929],[-84.3809,33.793],[-84.3809,33.793],[-84.381,33.7931],[-84.381,33.7931],[-84.3811,33.7931],[-84.3811,33.7931],[-84.3837,33.7931],[-84.3838,33.7931],[-84.3839,33.7931],[-84.3841,33.7936],[-84.3843,33.7943],[-84.3843,33.7944],[-84.3844,33.7945],[-84.3845,33.7946],[-84.3846,33.7947],[-84.3847,33.7949],[-84.3849,33.795],[-84.3849,33.7951],[-84.3852,33.7953],[-84.3855,33.7954],[-84.3857,33.7955],[-84.3859,33.7956],[-84.3861,33.7956],[-84.3863,33.7957],[-84.3868,33.7958],[-84.3871,33.7958],[-84.3876,33.7958],[-84.3876,33.7958],[-84.3878,33.7958],[-84.3878,33.7957],[-84.3878,33.7953],[-84.3878,33.795],[-84.3878,33.7948],[-84.3877,33.7947],[-84.3877,33.7946],[-84.3876,33.7945],[-84.3877,33.7942],[-84.3878,33.794],[-84.3878,33.7933],[-84.3878,33.7919],[-84.3878,33.7919],[-84.3878,33.7918],[-84.3878,33.7911],[-84.3878,33.7899],[-84.3878,33.7889],[-84.3878,33.7888],[-84.3878,33.7885]]]}},{"type":"Feature","id":"13121001100","properties":{"GEOID":"13121001100","NAME":"Census Tract 11","AREALAND":471138},"geometry":{"type":"Polygon","coordinates":[[[-84.3878,33.7833],[-84.3878,33.782],[-84.3864,33.782],[-84.3863,33.782],[-84.385,33.7819],[-84.385,33.7819],[-84.3849,33.7816],[-84.3847,33.7816],[-84.3845,33.7817],[-84.3844,33.7817],[-84.384,33.7817],[-84.3838,33.7817],[-84.3832,33.7817],[-84.3826,33.7817],[-84.3825,33.7817],[-84.3824,33.7818],[-84.3817,33.7818],[-84.3805,33.7818],[-84.3794,33.7818],[-84.3779,33.7818],[-84.3779,33.7826],[-84.3779,33.7832],[-84.3779,33.7837],[-84.3782,33.7837],[-84.3784,33.7842],[-84.3789,33.7843],[-84.3786,33.7848],[-84.3784,33.7853],[-84.3783,33.7856],[-84.3782,33.7858],[-84.3782,33.7859],[-84.3782,33.7862],[-84.3781,33.7865],[-84.3791,33.7865],[-84.3794,33.7865],[-84.3804,33.7865],[-84.3809,33.7865],[-84.3811,33.7865],[-84.3814,33.7865],[-84.3822,33.7865],[-84.3827,33.7865],[-84.383,33.7865],[-84.383,33.7865],[-84.383,33.7865],[-84.3831,33.7866],[-84.3833,33.7867],[-84.3833,33.7867],[-84.3843,33.7867],[-84.3862,33.7867],[-84.3878,33.7867],[-84.3878,33.7857],[-84.3878,33.7846],[-84.3878,33.7844],[-84.3878,33.7833]]]}},{"type":"Feature","id":"13121009402","properties":{"GEOID":"13121009402","NAME":"Census Tract 94.02","AREALAND":1337070},"geometry":{"type":"Polygon","coordinates":[[[-84.3739,33.8158],[-84.374,33.8158],[-84.3739,33.8158],[-84.3736,33.8157],[-84.3735,33.8157],[-84.3732,33.8157],[-84.3726,33.8157],[-84.3722,33.8157],[-84.3718,33.8157],[-84.3716,33.8158],[-84.3715,33.8158],[-84.3713,33.8158],[-84.3711,33.8158],[-84.3707,33.8158],[-84.3704,33.8157],[-84.3703,33.8157],[-84.3702,33.8158],[-84.3701,33.8158],[-84.37,33.8159],[-84.3699,33.8159],[-84.3699,33.816],[-84.3698,33.8161],[-84.3696,33.8162],[-84.3694,33.8164],[-84.3692,33.8165],[-84.369,33.8166],[-84.3688,33.8167],[-84.3686,33.8168],[-84.3684,33.8169],[-84.3675,33.8171],[-84.3673,33.8171],[-84.3671,33.8171],[-84.367,33.8171],[-84.3669,33.8172],[-84.3668,33.8172],[-84.3666,33.8173],[-84.3659,33.8176],[-84.3657,33.8176],[-84.3655,33.8177],[-84.3653,33.8177],[-84.3651,33.8178],[-84.3649,33.8178],[-84.3647,33.8178],[-84.3643,33.8178],[-84.3642,33.8178],[-84.364,33.8178],[-84.3633,33.818],[-84.3632,33.818],[-84.3627,33.8182],[-84.3624,33.8183],[-84.3622,33.8183],[-84.3621,33.8183],[-84.3616,33.8185],[-84.3615,33.8185],[-84.3609,33.8196],[-84.3607,33.8199],[-84.3604,33.8203],[-84.3602,33.8207],[-84.3601,33.8207],[-84.36,33.8209],[-84.3597,33.8212],[-84.3595,33.8214],[-84.3594,33.8216],[-84.3594,33.8216],[-84.359,33.8219],[-84.3588,33.822],[-84.3585,33.8222],[-84.3583,33.8223],[-84.3581,33.8224],[-84.3578,33.8225],[-84.3576,33.8226],[-84.3574,33.8227],[-84.357,33.8228],[-84.3565,33.8229],[-84.3565,33.8229],[-84.3559,33.823],[-84.3555,33.8231],[-84.3546,33.8231],[-84.3545,33.8232],[-84.3544,33.8232],[-84.3542,33.8232],[-84.3527,33.8235],[-84.3521,33.8236],[-84.352,33.8237],[-84.3517,33.8238],[-84.3512,33.8239],[-84.3507,33.8241],[-84.3504,33.8242],[-84.3502,33.8243],[-84.3497,33.8246],[-84.3495,33.8246],[-84.3492,33.8248],[-84.3488,33.825],[-84.3485,33.8251],[-84.3485,33.8254],[-84.3485,33.8254],[-84.3485,33.8254],[-84.3485,33.8256],[-84.3485,33.8259],[-84.3485,33.8264],[-84.3485,33.8263],[-84.3486,33.8262],[-84.3489,33.826],[-84.3491,33.8259],[-84.3494,33.8257],[-84.3496,33.8256],[-84.3498,33.8256],[-84.3499,33.8256],[-84.3499,33.8256],[-84.3501,33.8255],[-84.3502,33.8255],[-84.3504,33.8255],[-84.3507,33.8255],[-84.3514,33.8256],[-84.3517,33.8257],[-84.3521,33.8257],[-84.3524,33.8257],[-84.3526,33.8257],[-84.3528,33.8256],[-84.353,33.8256],[-84.3537,33.8253],[-84.3544,33.825],[-84.3546,33.825],[-84.355,33.8248],[-84.3552,33.8247],[-84.3554,33.8246],[-84.3555,33.8245],[-84.3557,33.8244],[-84.3559,33.8243],[-84.3561,33.8242],[-84.3562,33.8241],[-84.3563,33.8242],[-84.3564,33.8243],[-84.3564,33.8243],[-84.357,33.8244],[-84.3571,33.8245],[-84.3585,33.8249],[-84.3592,33.8251],[-84.3596,33.8252],[-84.3599,33.8253],[-84.3606,33.8254],[-84.3614,33.8257],[-84.3617,33.8258],[-84.3619,33.8258],[-84.3621,33.8258],[-84.3621,33.8258],[-84.3625,33.8258],[-84.3626,33.8259],[-84.3632,33.8259],[-84.3634,33.8259],[-84.3642,33.8259],[-84.3647,33.8259],[-84.366,33.8259],[-84.3671,33.8259],[-84.3671,33.8267],[-84.3671,33.8269],[-84.3671,33.8271],[-84.3671,33.8274],[-84.3672,33.8277],[-84.3673,33.8279],[-84.3674,33.8282],[-84.3674,33.8285],[-84.3677,33.8283],[-84.369,33.8272],[-84.3699,33.8265],[-84.37,33.8264],[-84.3701,33.8263],[-84.3705,33.826],[-84.371,33.8254],[-84.3713,33.8251],[-84.3716,33.8246],[-84.3721,33.8236],[-84.3722,33.8235],[-84.3723,33.8232],[-84.3725,33.8227],[-84.3725,33.8224],[-84.3727,33.8214],[-84.3727,33.821],[-84.3727,33.8206],[-84.3727,33.8193],[-84.3727,33.8189],[-84.3727,33.8185],[-84.3728,33.8181],[-84.3729,33.8177],[-84.3729,33.8175],[-84.3731,33.8172],[-84.3732,33.817],[-84.3733,33.8168],[-84.3734,33.8166],[-84.3736,33.8163],[-84.3738,33.816],[-84.3739,33.8158]]]}},{"type":"Feature","id":"13121000200","properties":{"GEOID":"13121000200","NAME":"Census Tract 2","AREALAND":2878577},"geometry":{"type":"Polygon","coordinates":[[[-84.3734,33.8014],[-84.3742,33.8011],[-84.3728,33.7985],[-84.372,33.7973],[-84.3709,33.7954],[-84.3708,33.7952],[-84.3706,33.7946],[-84.3704,33.7941],[-84.3703,33.7939],[-84.3703,33.7937],[-84.3702,33.7933],[-84.3702,33.7933],[-84.3701,33.7923],[-84.3701,33.7922],[-84.3701,33.7918],[-84.3702,33.791],[-84.3705,33.7886],[-84.3706,33.7882],[-84.3708,33.7864],[-84.3707,33.7862],[-84.3707,33.7859],[-84.3705,33.785],[-84.3703,33.7844],[-84.3701,33.7842],[-84.3698,33.7837],[-84.3693,33.7831],[-84.3687,33.7822],[-84.3686,33.7821],[-84.3684,33.7819],[-84.3678,33.7812],[-84.3676,33.7812],[-84.3673,33.7814],[-84.3671,33.7814],[-84.3669,33.7815],[-84.3666,33.7815],[-84.3648,33.7817],[-84.3635,33.7817],[-84.3619,33.7819],[-84.3614,33.7819],[-84.3602,33.782],[-84.3593,33.782],[-84.3587,33.7821],[-84.3569,33.7822],[-84.3558,33.7823],[-84.3549,33.7823],[-84.3548,33.7823],[-84.3543,33.7824],[-84.3546,33.7834],[-84.3547,33.7839],[-84.3548,33.7844],[-84.3549,33.7849],[-84.355,33.7854],[-84.3551,33.7859],[-84.3552,33.7865],[-84.3553,33.787],[-84.3554,33.7876],[-84.3554,33.7885],[-84.3555,33.7887],[-84.3555,33.7889],[-84.3556,33.7891],[-84.3556,33.7893],[-84.3557,33.7895],[-84.3557,33.7898],[-84.3557,33.7899],[-84.3556,33.7901],[-84.3556,33.7902],[-84.3554,33.791],[-84.3555,33.7911],[-84.3556,33.7912],[-84.357,33.7929],[-84.3571,33.7931],[-84.3573,33.7933],[-84.3581,33.794],[-84.3583,33.7942],[-84.3584,33.7944],[-84.3586,33.7947],[-84.3586,33.7949],[-84.3587,33.7953],[-84.3589,33.7962],[-84.3592,33.7972],[-84.3593,33.7976],[-84.3593,33.7976],[-84.3593,33.7978],[-84.3592,33.7979],[-84.3594,33.7979],[-84.3598,33.7981],[-84.3602,33.7983],[-84.3604,33.7984],[-84.3614,33.7988],[-84.3623,33.7995],[-84.3626,33.7998],[-84.363,33.8003],[-84.3633,33.8007],[-84.3639,33.8015],[-84.364,33.8016],[-84.3642,33.8018],[-84.3644,33.802],[-84.3645,33.8021],[-84.3649,33.8025],[-84.365,33.8027],[-84.3651,33.8028],[-84.3657,33.804],[-84.3658,33.8043],[-84.366,33.8045],[-84.3664,33.8049],[-84.3665,33.805],[-84.3666,33.8051],[-84.3668,33.8052],[-84.3672,33.8054],[-84.3673,33.8054],[-84.3674,33.8054],[-84.3674,33.8053],[-84.3675,33.8048],[-84.3675,33.8047],[-84.3674,33.8044],[-84.3682,33.8034],[-84.3684,33.8031],[-84.3684,33.8031],[-84.3685,33.803],[-84.3686,33.803],[-84.3688,33.8029],[-84.3691,33.8028],[-84.3693,33.8027],[-84.3695,33.8026],[-84.3697,33.8025],[-84.3699,33.8023],[-84.3699,33.8023],[-84.37,33.8023],[-84.37,33.8023],[-84.3701,33.8022],[-84.3704,33.8022],[-84.3712,33.8021],[-84.3715,33.8021],[-84.3719,33.802],[-84.3723,33.8018],[-84.3734,33.8014]]]}},{"type":"Feature","id":"13121000100","properties":{"GEOID":"13121000100","NAME":"Census Tract 1","AREALAND":3333159},"geometry":{"type":"Polygon","coordinates":[[[-84.3674,33.8054],[-84.3673,33.8054],[-84.3672,33.8054],[-84.3668,33.8052],[-84.3666,33.8051],[-84.3665,33.805],[-84.3664,33.8049],[-84.366,33.8045],[-84.3658,33.8043],[-84.3657,33.804],[-84.3651,33.8028],[-84.365,33.8027],[-84.3649,33.8025],[-84.3645,33.8021],[-84.3644,33.802],[-84.3642,33.8018],[-84.364,33.8016],[-84.3639,33.8015],[-84.3633,33.8007],[-84.363,33.8003],[-84.3626,33.7998],[-84.3623,33.7995],[-84.3614,33.7988],[-84.3604,33.7984],[-84.3602,33.7983],[-84.3598,33.7981],[-84.3594,33.7979],[-84.3592,33.7979],[-84.3593,33.7978],[-84.3593,33.7976],[-84.3593,33.7976],[-84.3592,33.7972],[-84.3589,33.7962],[-84.3587,33.7953],[-84.3586,33.7949],[-84.3586,33.7947],[-84.3584,33.7944],[-84.3583,33.7942],[-84.3581,33.794],[-84.3573,33.7933],[-84.3571,33.7931],[-84.357,33.7929],[-84.3556,33.7912],[-84.3555,33.7911],[-84.3554,33.791],[-84.3556,33.7902],[-84.3556,33.7901],[-84.3557,33.7899],[-84.3557,33.7898],[-84.3557,33.7895],[-84.3556,33.7893],[-84.3556,33.7891],[-84.3555,33.7889],[-84.3555,33.7887],[-84.3554,33.7885],[-84.3554,33.7876],[-84.3553,33.787],[-84.3552,33.7865],[-84.3551,33.7859],[-84.355,33.7854],[-84.3549,33.7849],[-84.3548,33.7844],[-84.3547,33.7839],[-84.3546,33.7834],[-84.3543,33.7824],[-84.3539,33.7824],[-84.3536,33.7824],[-84.3534,33.7824],[-84.3532,33.7824],[-84.353,33.7822],[-84.3529,33.7822],[-84.3525,33.782],[-84.3524,33.782],[-84.3522,33.782],[-84.352,33.7819],[-84.35,33.7819],[-84.35,33.7819],[-84.3495,33.7813],[-84.3495,33.7811],[-84.3495,33.7809],[-84.3494,33.7809],[-84.3493,33.7808],[-84.3493,33.7808],[-84.3492,33.7807],[-84.3492,33.7807],[-84.3489,33.7799],[-84.3488,33.7798],[-84.3487,33.7798],[-84.3487,33.7819],[-84.3487,33.783],[-84.3486,33.7838],[-84.3486,33.7842],[-84.3486,33.7844],[-84.3486,33.7845],[-84.3485,33.7847],[-84.3484,33.7858],[-84.3484,33.7865],[-84.3484,33.7876],[-84.3484,33.7889],[-84.3484,33.7892],[-84.3483,33.7891],[-84.3482,33.7893],[-84.3484,33.7894],[-84.3484,33.7898],[-84.3484,33.7905],[-84.3483,33.7915],[-84.3483,33.7916],[-84.3483,33.7916],[-84.3483,33.7916],[-84.3482,33.7918],[-84.3483,33.792],[-84.3483,33.792],[-84.3483,33.7921],[-84.3483,33.7924],[-84.3483,33.7927],[-84.3482,33.7937],[-84.3482,33.7947],[-84.3482,33.7961],[-84.3482,33.7976],[-84.3482,33.7985],[-84.3482,33.7986],[-84.3482,33.7986],[-84.3482,33.8019],[-84.3482,33.8025],[-84.3481,33.8042],[-84.3482,33.8046],[-84.3482,33.8047],[-84.3482,33.8049],[-84.3482,33.805],[-84.3482,33.805],[-84.3482,33.8051],[-84.3482,33.8052],[-84.3482,33.8053],[-84.3482,33.8057],[-84.3483,33.8063],[-84.3483,33.8064],[-84.3483,33.8064],[-84.3483,33.807],[-84.3483,33.8083],[-84.3482,33.809],[-84.3485,33.8091],[-84.3497,33.8097],[-84.3499,33.8098],[-84.35,33.8098],[-84.3508,33.81],[-84.3516,33.8102],[-84.3517,33.8102],[-84.3539,33.8106],[-84.3539,33.8106],[-84.354,33.8106],[-84.3548,33.8108],[-84.357,33.811],[-84.3574,33.8111],[-84.3593,33.8104],[-84.3602,33.81],[-84.3605,33.8099],[-84.3624,33.8092],[-84.3628,33.809],[-84.3633,33.8088],[-84.3644,33.8083],[-84.3654,33.8079],[-84.3655,33.8079],[-84.3657,33.8079],[-84.3658,33.8079],[-84.3659,33.808],[-84.3659,33.8079],[-84.366,33.8079],[-84.366,33.8078],[-84.366,33.8077],[-84.3661,33.8076],[-84.3669,33.8063],[-84.3671,33.8059],[-84.3674,33.8054]]]}},{"type":"Feature","id":"13121007706","properties":{"GEOID":"13121007706","NAME":"Census Tract 77.06","AREALAND":12606876},"geometry":{"type":"Polygon","coordinates":[[[-84.5476,33.6737],[-84.5476,33.6733],[-84.5476,33.673],[-84.5475,33.6727],[-84.5471,33.6717],[-84.547,33.6715],[-84.5469,33.6712],[-84.5469,33.671],[-84.5469,33.6708],[-84.5469,33.6706],[-84.547,33.6704],[-84.5471,33.6701],[-84.5473,33.6698],[-84.5476,33.6695],[-84.5469,33.6689],[-84.5451,33.6674],[-84.5432,33.6659],[-84.5411,33.6642],[-84.5404,33.6636],[-84.539,33.6625],[-84.5384,33.662],[-84.5361,33.6601],[-84.5357,33.6598],[-84.5351,33.6596],[-84.5345,33.6594],[-84.5341,33.6592],[-84.5335,33.6592],[-84.5323,33.6591],[-84.5302,33.6591],[-84.53,33.6591],[-84.5297,33.6592],[-84.5293,33.6592],[-84.5287,33.6592],[-84.5287,33.6592],[-84.5286,33.6592],[-84.5285,33.6591],[-84.5282,33.6591],[-84.5272,33.6591],[-84.5271,33.6591],[-84.5266,33.659],[-84.5261,33.659],[-84.5259,33.6589],[-84.5259,33.6589],[-84.5259,33.6585],[-84.5259,33.6569],[-84.5259,33.6567],[-84.5233,33.6567],[-84.522,33.6567],[-84.5219,33.6567],[-84.5219,33.6563],[-84.5218,33.6561],[-84.5218,33.6558],[-84.5218,33.6557],[-84.5218,33.6556],[-84.5216,33.6556],[-84.5213,33.6556],[-84.521,33.6555],[-84.5199,33.6557],[-84.5192,33.6558],[-84.5156,33.6551],[-84.5156,33.6559],[-84.5156,33.6561],[-84.5144,33.6558],[-84.5129,33.6555],[-84.5114,33.6551],[-84.5103,33.6549],[-84.51,33.6548],[-84.5093,33.6546],[-84.5087,33.6545],[-84.508,33.6543],[-84.5075,33.6542],[-84.5072,33.6542],[-84.5069,33.6542],[-84.5067,33.6542],[-84.5062,33.6542],[-84.5064,33.6599],[-84.5067,33.6651],[-84.5067,33.6662],[-84.4979,33.6661],[-84.4978,33.6661],[-84.4976,33.6661],[-84.4976,33.6673],[-84.4977,33.6685],[-84.4977,33.6689],[-84.4978,33.6692],[-84.4981,33.6709],[-84.4981,33.6711],[-84.4983,33.6725],[-84.4984,33.6727],[-84.4985,33.6734],[-84.4986,33.6745],[-84.4988,33.6755],[-84.499,33.6766],[-84.499,33.677],[-84.4993,33.6786],[-84.4996,33.6808],[-84.4997,33.6811],[-84.4997,33.6826],[-84.4998,33.684],[-84.4999,33.6862],[-84.4999,33.6866],[-84.4998,33.6875],[-84.4998,33.6885],[-84.4999,33.6895],[-84.4999,33.6895],[-84.4999,33.6901],[-84.5002,33.6901],[-84.5008,33.6901],[-84.5013,33.6901],[-84.5018,33.6901],[-84.5027,33.6901],[-84.5032,33.6901],[-84.5046,33.6902],[-84.505,33.6902],[-84.5057,33.6902],[-84.506,33.6902],[-84.5061,33.6902],[-84.5062,33.6902],[-84.5073,33.69],[-84.5077,33.69],[-84.508,33.69],[-84.5084,33.6901],[-84.5084,33.6901],[-84.5114,33.6906],[-84.5119,33.6907],[-84.513,33.6908],[-84.5134,33.6909],[-84.5137,33.6909],[-84.514,33.691],[-84.5142,33.6911],[-84.5145,33.6912],[-84.5145,33.6912],[-84.5158,33.692],[-84.5175,33.6929],[-84.518,33.6932],[-84.5181,33.6932],[-84.5185,33.6934],[-84.5188,33.6936],[-84.5188,33.6936],[-84.5189,33.6933],[-84.519,33.6932],[-84.519,33.6932],[-84.5191,33.6931],[-84.5192,33.6931],[-84.5194,33.693],[-84.5196,33.6929],[-84.52,33.6927],[-84.5211,33.692],[-84.5213,33.6919],[-84.5214,33.6918],[-84.5219,33.6912],[-84.522,33.6912],[-84.5223,33.691],[-84.5229,33.6909],[-84.5243,33.6904],[-84.5251,33.69],[-84.526,33.6896],[-84.5263,33.6895],[-84.5265,33.6893],[-84.5272,33.6887],[-84.5289,33.6872],[-84.5308,33.6856],[-84.5313,33.6853],[-84.5336,33.6835],[-84.5337,33.6834],[-84.5345,33.6829],[-84.5356,33.6822],[-84.5364,33.6817],[-84.5378,33.6807],[-84.538,33.6806],[-84.5384,33.6803],[-84.539,33.6801],[-84.5408,33.6794],[-84.5415,33.6791],[-84.5421,33.6789],[-84.5424,33.6787],[-84.5428,33.6786],[-84.5431,33.6784],[-84.5437,33.678],[-84.5442,33.6776],[-84.5445,33.6773],[-84.5449,33.677],[-84.5454,33.6765],[-84.5469,33.675],[-84.5471,33.6748],[-84.5472,33.6746],[-84.5473,33.6744],[-84.5474,33.6742],[-84.5475,33.674],[-84.5476,33.6739],[-84.5476,33.6737]]]}},{"type":"Feature","id":"13121011306","properties":{"GEOID":"13121011306","NAME":"Census Tract 113.06","AREALAND":7177032},"geometry":{"type":"Polygon","coordinates":[[[-84.5216,33.6556],[-84.5215,33.6549],[-84.5214,33.6544],[-84.5212,33.6527],[-84.5212,33.6523],[-84.521,33.6518],[-84.5205,33.6492],[-84.5202,33.6484],[-84.5201,33.6482],[-84.5199,33.648],[-84.5198,33.6478],[-84.5196,33.6477],[-84.5194,33.6475],[-84.5192,33.6474],[-84.519,33.6473],[-84.5182,33.6469],[-84.5179,33.6468],[-84.5169,33.6464],[-84.5161,33.646],[-84.5154,33.6457],[-84.5151,33.6455],[-84.5149,33.6453],[-84.5146,33.6451],[-84.5144,33.6449],[-84.5142,33.6446],[-84.5141,33.6443],[-84.514,33.6441],[-84.514,33.6438],[-84.5139,33.6432],[-84.5138,33.6423],[-84.5138,33.6422],[-84.5138,33.642],[-84.5137,33.6415],[-84.5136,33.6402],[-84.5136,33.64],[-84.5136,33.6398],[-84.5135,33.6395],[-84.5135,33.6393],[-84.5134,33.6386],[-84.5133,33.6384],[-84.5131,33.6378],[-84.5131,33.6378],[-84.5131,33.6377],[-84.5129,33.6374],[-84.5126,33.6369],[-84.5125,33.6367],[-84.512,33.6357],[-84.5119,33.6355],[-84.5116,33.6349],[-84.5114,33.6345],[-84.511,33.6339],[-84.511,33.6339],[-84.511,33.6339],[-84.5109,33.6337],[-84.5107,33.6333],[-84.5105,33.6329],[-84.5104,33.6327],[-84.5103,33.6325],[-84.5103,33.6323],[-84.5103,33.6321],[-84.5102,33.6318],[-84.5102,33.6315],[-84.5102,33.6312],[-84.5102,33.6309],[-84.5098,33.6308],[-84.5096,33.6308],[-84.5095,33.6308],[-84.5094,33.6308],[-84.5092,33.6307],[-84.5089,33.6306],[-84.5087,33.6306],[-84.5077,33.6303],[-84.5075,33.6302],[-84.5073,33.6301],[-84.5071,33.6298],[-84.507,33.6297],[-84.507,33.6296],[-84.5069,33.6295],[-84.5069,33.6294],[-84.5069,33.6292],[-84.5069,33.6291],[-84.5069,33.6281],[-84.5068,33.628],[-84.5068,33.6273],[-84.5069,33.6271],[-84.5068,33.626],[-84.5068,33.6259],[-84.5068,33.6257],[-84.5068,33.6253],[-84.5067,33.6248],[-84.5066,33.6244],[-84.5066,33.6244],[-84.5065,33.6237],[-84.5064,33.6234],[-84.5064,33.6232],[-84.5058,33.622],[-84.5055,33.6217],[-84.5055,33.6216],[-84.5055,33.6215],[-84.5054,33.6215],[-84.5054,33.6215],[-84.5051,33.6216],[-84.5049,33.6216],[-84.5046,33.6217],[-84.5038,33.6217],[-84.4994,33.6222],[-84.4986,33.6223],[-84.4976,33.6223],[-84.4963,33.6225],[-84.4948,33.6226],[-84.4945,33.6226],[-84.493,33.6228],[-84.4928,33.6228],[-84.4921,33.6228],[-84.4896,33.6231],[-84.4887,33.6232],[-84.4885,33.6232],[-84.4885,33.6241],[-84.4885,33.6242],[-84.4885,33.6242],[-84.4886,33.6246],[-84.4889,33.6272],[-84.489,33.6278],[-84.489,33.6279],[-84.489,33.628],[-84.4892,33.6295],[-84.4894,33.6303],[-84.4894,33.6305],[-84.4895,33.631],[-84.4897,33.6315],[-84.4898,33.6319],[-84.4898,33.632],[-84.4899,33.6322],[-84.49,33.6326],[-84.4902,33.633],[-84.4903,33.6333],[-84.4903,33.6333],[-84.4904,33.6334],[-84.4905,33.6336],[-84.4905,33.6336],[-84.4905,33.6336],[-84.4907,33.634],[-84.491,33.6346],[-84.4913,33.6351],[-84.4915,33.6354],[-84.4919,33.636],[-84.4921,33.6363],[-84.4921,33.6363],[-84.4942,33.639],[-84.4948,33.6399],[-84.4949,33.64],[-84.495,33.6402],[-84.4951,33.6404],[-84.4954,33.6409],[-84.4956,33.6412],[-84.4964,33.6431],[-84.4966,33.6434],[-84.4972,33.6454],[-84.4972,33.6455],[-84.4973,33.6461],[-84.4974,33.6466],[-84.4976,33.6481],[-84.4977,33.6482],[-84.4977,33.6484],[-84.4977,33.6488],[-84.4977,33.649],[-84.4977,33.6513],[-84.4977,33.6525],[-84.4977,33.6526],[-84.4977,33.6528],[-84.4978,33.6565],[-84.4978,33.6566],[-84.4977,33.6593],[-84.4977,33.6607],[-84.4997,33.6607],[-84.4999,33.6607],[-84.5002,33.6608],[-84.5008,33.6609],[-84.501,33.661],[-84.5011,33.661],[-84.5012,33.661],[-84.5013,33.661],[-84.5015,33.6609],[-84.5024,33.6606],[-84.5025,33.6606],[-84.5041,33.66],[-84.5044,33.6599],[-84.5047,33.6599],[-84.5055,33.6599],[-84.506,33.6599],[-84.5064,33.6599],[-84.5062,33.6542],[-84.5067,33.6542],[-84.5069,33.6542],[-84.5072,33.6542],[-84.5075,33.6542],[-84.508,33.6543],[-84.5087,33.6545],[-84.5093,33.6546],[-84.51,33.6548],[-84.5103,33.6549],[-84.5114,33.6551],[-84.5129,33.6555],[-84.5144,33.6558],[-84.5156,33.6561],[-84.5156,33.6559],[-84.5156,33.6551],[-84.5192,33.6558],[-84.5199,33.6557],[-84.521,33.6555],[-84.5213,33.6556],[-84.5216,33.6556]]]}},{"type":"Feature","id":"13121009403","properties":{"GEOID":"13121009403","NAME":"Census Tract 94.03","AREALAND":1178581},"geometry":{"type":"Polygon","coordinates":[[[-84.3674,33.8285],[-84.3674,33.8282],[-84.3673,33.8279],[-84.3672,33.8277],[-84.3671,33.8274],[-84.3671,33.8271],[-84.3671,33.8269],[-84.3671,33.8267],[-84.3671,33.8259],[-84.366,33.8259],[-84.3647,33.8259],[-84.3642,33.8259],[-84.3634,33.8259],[-84.3632,33.8259],[-84.3626,33.8259],[-84.3625,33.8258],[-84.3621,33.8258],[-84.3621,33.8258],[-84.3619,33.8258],[-84.3617,33.8258],[-84.3614,33.8257],[-84.3606,33.8254],[-84.3599,33.8253],[-84.3596,33.8252],[-84.3592,33.8251],[-84.3585,33.8249],[-84.3571,33.8245],[-84.357,33.8244],[-84.3564,33.8243],[-84.3564,33.8243],[-84.3563,33.8242],[-84.3562,33.8241],[-84.3561,33.8242],[-84.3559,33.8243],[-84.3557,33.8244],[-84.3555,33.8245],[-84.3554,33.8246],[-84.3552,33.8247],[-84.355,33.8248],[-84.3546,33.825],[-84.3544,33.825],[-84.3537,33.8253],[-84.353,33.8256],[-84.3528,33.8256],[-84.3528,33.8257],[-84.353,33.8259],[-84.3531,33.8261],[-84.3533,33.8262],[-84.3534,33.8264],[-84.3537,33.8266],[-84.3538,33.8267],[-84.3544,33.8271],[-84.3545,33.8272],[-84.3546,33.8273],[-84.3546,33.8274],[-84.3547,33.8274],[-84.3547,33.8275],[-84.3547,33.8277],[-84.3548,33.8278],[-84.3548,33.8282],[-84.3548,33.8283],[-84.3548,33.8285],[-84.3549,33.8288],[-84.3549,33.8289],[-84.355,33.8294],[-84.3551,33.8295],[-84.3552,33.8298],[-84.3552,33.8299],[-84.3553,33.8301],[-84.3554,33.8302],[-84.356,33.8308],[-84.3561,33.831],[-84.3562,33.8311],[-84.3563,33.8312],[-84.3564,33.8314],[-84.3566,33.832],[-84.3569,33.8326],[-84.3572,33.8335],[-84.3573,33.8337],[-84.3573,33.8339],[-84.3575,33.8345],[-84.3575,33.8347],[-84.3577,33.8354],[-84.3578,33.8357],[-84.3578,33.8358],[-84.3579,33.8358],[-84.3579,33.836],[-84.3579,33.8362],[-84.358,33.8363],[-84.358,33.8363],[-84.3581,33.8369],[-84.3581,33.837],[-84.3581,33.8372],[-84.3581,33.8376],[-84.3581,33.8397],[-84.3581,33.8402],[-84.3581,33.8414],[-84.3581,33.8416],[-84.3581,33.8416],[-84.3581,33.8425],[-84.3582,33.8432],[-84.3581,33.8436],[-84.3581,33.8436],[-84.3581,33.8444],[-84.3581,33.8445],[-84.3581,33.8446],[-84.3581,33.8447],[-84.3582,33.8449],[-84.3582,33.845],[-84.3583,33.8451],[-84.3583,33.8452],[-84.3583,33.8453],[-84.3584,33.8453],[-84.3586,33.8452],[-84.3592,33.8449],[-84.3593,33.8449],[-84.3594,33.8448],[-84.3596,33.8447],[-84.3596,33.8446],[-84.36,33.8443],[-84.3607,33.8436],[-84.3609,33.8435],[-84.361,33.8433],[-84.3611,33.8432],[-84.3612,33.843],[-84.3613,33.8428],[-84.3613,33.8427],[-84.3614,33.8426],[-84.3615,33.8424],[-84.3615,33.8423],[-84.3615,33.8421],[-84.3616,33.8419],[-84.3616,33.8417],[-84.3616,33.8408],[-84.3616,33.8406],[-84.3615,33.8404],[-84.3614,33.84],[-84.3612,33.8394],[-84.361,33.839],[-84.3606,33.8382],[-84.3604,33.8377],[-84.3602,33.8373],[-84.3601,33.837],[-84.3601,33.8365],[-84.3601,33.8361],[-84.3601,33.8356],[-84.3603,33.8349],[-84.3604,33.8346],[-84.3605,33.8345],[-84.3606,33.8343],[-84.3606,33.8342],[-84.3607,33.834],[-84.3608,33.834],[-84.3609,33.8338],[-84.3612,33.8334],[-84.3616,33.833],[-84.3617,33.8329],[-84.3623,33.8324],[-84.3636,33.8314],[-84.3645,33.8307],[-84.3651,33.8303],[-84.3657,33.8298],[-84.3664,33.8293],[-84.3674,33.8285]]]}},{"type":"Feature","id":"13121009802","properties":{"GEOID":"13121009802","NAME":"Census Tract 98.02","AREALAND":10407231},"geometry":{"type":"Polygon","coordinates":[[[-84.4539,33.8676],[-84.4538,33.8675],[-84.4528,33.8665],[-84.4523,33.8659],[-84.4522,33.8657],[-84.452,33.8656],[-84.4518,33.8654],[-84.4515,33.8652],[-84.4512,33.865],[-84.4509,33.8648],[-84.4507,33.8647],[-84.4504,33.8646],[-84.4502,33.8645],[-84.4499,33.8644],[-84.4498,33.8644],[-84.4496,33.8644],[-84.4493,33.8643],[-84.4491,33.8642],[-84.4488,33.8642],[-84.4469,33.864],[-84.4461,33.864],[-84.4449,33.8639],[-84.4401,33.8634],[-84.4394,33.8633],[-84.4392,33.8633],[-84.4389,33.8633],[-84.4385,33.8632],[-84.4381,33.8631],[-84.4381,33.8631],[-84.4379,33.863],[-84.4376,33.8629],[-84.4367,33.8619],[-84.4359,33.861],[-84.4359,33.8609],[-84.4342,33.8591],[-84.4339,33.8588],[-84.4337,33.8585],[-84.4331,33.8577],[-84.4328,33.8572],[-84.4325,33.8567],[-84.4322,33.856],[-84.432,33.8557],[-84.4319,33.8555],[-84.4317,33.8547],[-84.4314,33.8536],[-84.4314,33.8535],[-84.4314,33.8535],[-84.4313,33.8532],[-84.4311,33.8528],[-84.431,33.8525],[-84.431,33.8522],[-84.4309,33.8517],[-84.4309,33.8513],[-84.4308,33.8507],[-84.4308,33.8498],[-84.4308,33.8492],[-84.4308,33.8489],[-84.4308,33.8489],[-84.4303,33.849],[-84.43,33.8491],[-84.4292,33.8493],[-84.4289,33.8494],[-84.4286,33.8495],[-84.4276,33.8499],[-84.4272,33.85],[-84.4269,33.8502],[-84.4258,33.8506],[-84.4258,33.8506],[-84.4252,33.8508],[-84.425,33.8509],[-84.4248,33.851],[-84.4245,33.851],[-84.4243,33.8511],[-84.4239,33.8512],[-84.4233,33.8512],[-84.4228,33.8513],[-84.4225,33.8513],[-84.4222,33.8513],[-84.4218,33.8512],[-84.4216,33.8512],[-84.4202,33.851],[-84.4193,33.8508],[-84.4182,33.8506],[-84.4178,33.8505],[-84.416,33.8501],[-84.4143,33.8497],[-84.4134,33.8494],[-84.4117,33.8489],[-84.4115,33.8489],[-84.4112,33.8488],[-84.41,33.8483],[-84.4097,33.8482],[-84.4093,33.8481],[-84.4083,33.8477],[-84.4079,33.8476],[-84.4077,33.8475],[-84.4073,33.8473],[-84.4072,33.8493],[-84.4072,33.8495],[-84.4072,33.8506],[-84.4072,33.852],[-84.4072,33.8525],[-84.4072,33.8526],[-84.4072,33.8527],[-84.4071,33.8528],[-84.407,33.8529],[-84.4069,33.853],[-84.4058,33.8538],[-84.4057,33.854],[-84.4056,33.854],[-84.4056,33.8541],[-84.4055,33.8542],[-84.4055,33.8543],[-84.4055,33.8544],[-84.4055,33.8545],[-84.4054,33.8557],[-84.4054,33.8559],[-84.4053,33.8561],[-84.4052,33.8563],[-84.4051,33.8565],[-84.405,33.8566],[-84.4046,33.8571],[-84.4044,33.8573],[-84.4043,33.8575],[-84.4039,33.8583],[-84.4037,33.8588],[-84.4036,33.8589],[-84.4035,33.8593],[-84.4034,33.8594],[-84.4034,33.8596],[-84.4034,33.8598],[-84.4035,33.8599],[-84.4036,33.8604],[-84.4037,33.8607],[-84.4044,33.8626],[-84.4047,33.8633],[-84.4048,33.8633],[-84.4048,33.8634],[-84.4053,33.8645],[-84.4053,33.8647],[-84.4061,33.8667],[-84.4062,33.867],[-84.4064,33.8673],[-84.4069,33.8683],[-84.4069,33.8684],[-84.407,33.8684],[-84.407,33.8684],[-84.407,33.8685],[-84.407,33.8687],[-84.4071,33.8692],[-84.4071,33.8694],[-84.4071,33.8694],[-84.4071,33.8696],[-84.4071,33.8697],[-84.4072,33.8698],[-84.4072,33.8699],[-84.4073,33.87],[-84.4077,33.8705],[-84.4083,33.8711],[-84.4084,33.8712],[-84.4084,33.8713],[-84.4085,33.8715],[-84.4087,33.872],[-84.4088,33.8722],[-84.4089,33.8723],[-84.4094,33.8728],[-84.4095,33.873],[-84.4096,33.8731],[-84.4097,33.8734],[-84.4097,33.8735],[-84.4097,33.8737],[-84.4096,33.8745],[-84.4096,33.8747],[-84.4097,33.8748],[-84.4097,33.8749],[-84.41,33.8752],[-84.4101,33.8753],[-84.4106,33.8756],[-84.4109,33.8759],[-84.4113,33.8762],[-84.4117,33.8766],[-84.4118,33.8766],[-84.412,33.8768],[-84.412,33.8768],[-84.4121,33.8769],[-84.4122,33.8771],[-84.4123,33.8773],[-84.4124,33.8775],[-84.4124,33.8775],[-84.4124,33.8776],[-84.4125,33.8776],[-84.4128,33.8778],[-84.4131,33.8779],[-84.4132,33.878],[-84.4134,33.8782],[-84.4137,33.8784],[-84.4138,33.8785],[-84.4139,33.8786],[-84.414,33.8787],[-84.4141,33.8787],[-84.4141,33.8788],[-84.4144,33.8791],[-84.4147,33.8795],[-84.4149,33.8799],[-84.4155,33.8807],[-84.4157,33.881],[-84.4157,33.8811],[-84.4159,33.8813],[-84.4163,33.8815],[-84.4165,33.8817],[-84.4167,33.8818],[-84.4169,33.8819],[-84.4171,33.8821],[-84.4172,33.8821],[-84.4174,33.8821],[-84.4179,33.8823],[-84.418,33.8823],[-84.4182,33.8823],[-84.4185,33.8823],[-84.4186,33.8823],[-84.4187,33.8822],[-84.4187,33.8822],[-84.4195,33.8815],[-84.4196,33.8814],[-84.4198,33.8813],[-84.4199,33.8812],[-84.4201,33.8811],[-84.4203,33.8811],[-84.4217,33.8807],[-84.4219,33.8807],[-84.4221,33.8806],[-84.4228,33.8803],[-84.423,33.8802],[-84.4232,33.8802],[-84.4243,33.88],[-84.4248,33.8802],[-84.425,33.8802],[-84.4251,33.8802],[-84.4253,33.8802],[-84.4255,33.8801],[-84.4266,33.8799],[-84.4267,33.8799],[-84.4268,33.8799],[-84.4269,33.8799],[-84.427,33.8799],[-84.4271,33.8799],[-84.4272,33.88],[-84.4273,33.88],[-84.4274,33.8801],[-84.4278,33.8805],[-84.4282,33.8809],[-84.4283,33.881],[-84.4284,33.8811],[-84.4286,33.8812],[-84.4288,33.8812],[-84.4289,33.8812],[-84.429,33.8812],[-84.4291,33.8812],[-84.4292,33.8812],[-84.4303,33.881],[-84.4305,33.8809],[-84.4307,33.8808],[-84.4308,33.8808],[-84.431,33.8806],[-84.4316,33.8803],[-84.4318,33.8802],[-84.432,33.8802],[-84.4322,33.8798],[-84.4325,33.8794],[-84.4328,33.879],[-84.4329,33.8789],[-84.433,33.8789],[-84.4331,33.8787],[-84.4333,33.8786],[-84.4335,33.8785],[-84.4337,33.8784],[-84.434,33.8783],[-84.4347,33.878],[-84.4349,33.8779],[-84.435,33.8778],[-84.435,33.8778],[-84.4351,33.8778],[-84.4351,33.8777],[-84.4352,33.8774],[-84.4352,33.8772],[-84.4353,33.877],[-84.4353,33.8767],[-84.4355,33.8769],[-84.4356,33.877],[-84.4357,33.8771],[-84.4357,33.8772],[-84.436,33.8776],[-84.436,33.8777],[-84.4361,33.8778],[-84.4361,33.8779],[-84.4361,33.878],[-84.4364,33.8782],[-84.4364,33.8782],[-84.4365,33.8781],[-84.4366,33.8781],[-84.4367,33.878],[-84.4368,33.8779],[-84.4368,33.8779],[-84.4369,33.8777],[-84.4369,33.8776],[-84.437,33.8775],[-84.437,33.8774],[-84.4371,33.8773],[-84.4372,33.8773],[-84.4373,33.8772],[-84.4373,33.8772],[-84.4376,33.8771],[-84.4377,33.8772],[-84.4379,33.8772],[-84.4379,33.8772],[-84.438,33.8773],[-84.4382,33.8774],[-84.4383,33.8774],[-84.4384,33.8774],[-84.4385,33.8774],[-84.4387,33.8775],[-84.4388,33.8775],[-84.4389,33.8775],[-84.439,33.8775],[-84.4391,33.8775],[-84.4392,33.8775],[-84.4394,33.8776],[-84.4395,33.8776],[-84.4396,33.8776],[-84.4397,33.8776],[-84.4398,33.8776],[-84.4399,33.8776],[-84.44,33.8775],[-84.4401,33.8775],[-84.4403,33.8776],[-84.4405,33.8777],[-84.4406,33.8777],[-84.4407,33.8777],[-84.4408,33.8777],[-84.4409,33.8777],[-84.441,33.8777],[-84.4411,33.8777],[-84.4412,33.8777],[-84.4413,33.8776],[-84.4414,33.8776],[-84.4415,33.8775],[-84.4416,33.8775],[-84.4417,33.8775],[-84.4418,33.8774],[-84.4421,33.8773],[-84.4422,33.8773],[-84.4423,33.8773],[-84.4424,33.8773],[-84.4425,33.8772],[-84.4427,33.8771],[-84.4428,33.8771],[-84.443,33.8771],[-84.4432,33.8771],[-84.4434,33.8771],[-84.4436,33.8769],[-84.4436,33.8771],[-84.4435,33.8772],[-84.4435,33.8772],[-84.4434,33.8773],[-84.4434,33.8773],[-84.4434,33.8773],[-84.4433,33.8774],[-84.4433,33.8774],[-84.4432,33.8775],[-84.4432,33.8776],[-84.4432,33.8777],[-84.4432,33.8777],[-84.4432,33.8778],[-84.4432,33.8779],[-84.4432,33.8779],[-84.4432,33.878],[-84.4433,33.8781],[-84.4433,33.8781],[-84.4433,33.8782],[-84.4434,33.8782],[-84.4434,33.8782],[-84.4434,33.8785],[-84.4435,33.8783],[-84.4436,33.8781],[-84.4437,33.878],[-84.4439,33.8777],[-84.444,33.8774],[-84.444,33.8772],[-84.444,33.877],[-84.4441,33.8769],[-84.4442,33.8768],[-84.4442,33.8766],[-84.4443,33.8765],[-84.4447,33.8763],[-84.4449,33.8762],[-84.4451,33.876],[-84.4452,33.876],[-84.4454,33.8759],[-84.4455,33.8759],[-84.4462,33.8755],[-84.4462,33.8755],[-84.4462,33.8755],[-84.4464,33.8753],[-84.4468,33.8751],[-84.447,33.8749],[-84.4472,33.8748],[-84.4479,33.8742],[-84.4489,33.8735],[-84.4491,33.8734],[-84.4492,33.8733],[-84.4494,33.8732],[-84.4496,33.8731],[-84.4497,33.8729],[-84.4499,33.8728],[-84.45,33.8727],[-84.4501,33.8725],[-84.4503,33.8723],[-84.4504,33.872],[-84.4506,33.8717],[-84.4508,33.8714],[-84.4511,33.8711],[-84.4511,33.871],[-84.4511,33.8708],[-84.4517,33.8702],[-84.4517,33.8701],[-84.4519,33.8699],[-84.4525,33.8692],[-84.4531,33.8686],[-84.4534,33.8683],[-84.4536,33.8681],[-84.4536,33.868],[-84.4536,33.868],[-84.4537,33.8679],[-84.4539,33.8676]]]}},{"type":"Feature","id":"13121010212","properties":{"GEOID":"13121010212","NAME":"Census Tract 102.12","AREALAND":3259380},"geometry":{"type":"Polygon","coordinates":[[[-84.3977,33.9006],[-84.3977,33.9005],[-84.3977,33.9003],[-84.3976,33.9002],[-84.3975,33.9001],[-84.3973,33.8999],[-84.3972,33.8998],[-84.395,33.8983],[-84.3946,33.898],[-84.3943,33.8977],[-84.3941,33.8976],[-84.3941,33.8975],[-84.394,33.8973],[-84.394,33.8972],[-84.3939,33.8969],[-84.3939,33.8967],[-84.3941,33.8959],[-84.3941,33.8957],[-84.3941,33.8955],[-84.3941,33.8952],[-84.394,33.8951],[-84.394,33.8949],[-84.3939,33.8947],[-84.3937,33.8944],[-84.3935,33.8941],[-84.3933,33.8938],[-84.3921,33.8918],[-84.3916,33.891],[-84.3915,33.8909],[-84.3914,33.8908],[-84.3912,33.8907],[-84.3911,33.8906],[-84.391,33.8905],[-84.3908,33.8904],[-84.3907,33.8904],[-84.3905,33.8904],[-84.3904,33.8904],[-84.3891,33.8904],[-84.3886,33.8903],[-84.3884,33.8903],[-84.3882,33.8903],[-84.3881,33.8902],[-84.3873,33.8897],[-84.387,33.8896],[-84.3869,33.8895],[-84.3861,33.889],[-84.3857,33.8887],[-84.3856,33.8886],[-84.3854,33.8885],[-84.3853,33.8885],[-84.3847,33.8883],[-84.3844,33.8883],[-84.3842,33.8882],[-84.3838,33.8882],[-84.3832,33.8882],[-84.3816,33.8881],[-84.3815,33.8888],[-84.3813,33.8906],[-84.3813,33.891],[-84.3812,33.8916],[-84.3812,33.8923],[-84.3811,33.8927],[-84.3812,33.8929],[-84.3813,33.8939],[-84.3814,33.895],[-84.3815,33.8965],[-84.3815,33.8967],[-84.3816,33.8972],[-84.3816,33.8975],[-84.3815,33.8977],[-84.3815,33.8979],[-84.3814,33.8983],[-84.3813,33.8986],[-84.3811,33.899],[-84.3809,33.8994],[-84.3808,33.8996],[-84.3806,33.8998],[-84.3803,33.9002],[-84.38,33.9006],[-84.3798,33.9008],[-84.3789,33.9019],[-84.3788,33.902],[-84.3788,33.9021],[-84.3787,33.9023],[-84.3787,33.9023],[-84.3787,33.9024],[-84.3786,33.9025],[-84.3786,33.9026],[-84.3785,33.9028],[-84.3785,33.903],[-84.3785,33.9032],[-84.3785,33.9034],[-84.3786,33.9043],[-84.3786,33.9055],[-84.3787,33.9075],[-84.3787,33.9078],[-84.3788,33.9089],[-84.3788,33.9096],[-84.3788,33.9101],[-84.3789,33.9102],[-84.3789,33.911],[-84.379,33.9115],[-84.3791,33.9121],[-84.3803,33.9122],[-84.3844,33.9123],[-84.3851,33.9123],[-84.3856,33.9123],[-84.3871,33.9125],[-84.3872,33.9125],[-84.3893,33.9127],[-84.3902,33.9128],[-84.3905,33.9129],[-84.3918,33.913],[-84.3925,33.9132],[-84.3925,33.9132],[-84.3925,33.9131],[-84.3922,33.9121],[-84.3921,33.9119],[-84.3921,33.9116],[-84.392,33.911],[-84.392,33.9108],[-84.392,33.9106],[-84.392,33.9105],[-84.3921,33.9102],[-84.3921,33.91],[-84.3921,33.9099],[-84.3922,33.9096],[-84.3924,33.9087],[-84.3925,33.9083],[-84.3926,33.9079],[-84.3927,33.9073],[-84.3928,33.9071],[-84.3928,33.907],[-84.3929,33.9068],[-84.393,33.9066],[-84.3931,33.9065],[-84.3931,33.9064],[-84.3934,33.9062],[-84.3936,33.9061],[-84.3943,33.9057],[-84.3948,33.9054],[-84.395,33.9053],[-84.3951,33.9052],[-84.3953,33.905],[-84.3955,33.9046],[-84.3958,33.9042],[-84.3961,33.9034],[-84.3962,33.9032],[-84.3963,33.903],[-84.3965,33.9024],[-84.3965,33.9024],[-84.3967,33.902],[-84.3968,33.9018],[-84.3969,33.9016],[-84.397,33.9015],[-84.3971,33.9013],[-84.3972,33.9012],[-84.3974,33.9011],[-84.3976,33.9008],[-84.3977,33.9007],[-84.3977,33.9006]]]}},{"type":"Feature","id":"13121010002","properties":{"GEOID":"13121010002","NAME":"Census Tract 100.02","AREALAND":6284885},"geometry":{"type":"Polygon","coordinates":[[[-84.3695,33.8529],[-84.3695,33.8527],[-84.3694,33.8525],[-84.3694,33.8525],[-84.3694,33.8522],[-84.3694,33.852],[-84.3693,33.8519],[-84.3693,33.8517],[-84.3692,33.8514],[-84.3691,33.8512],[-84.3691,33.8511],[-84.369,33.8509],[-84.3688,33.8507],[-84.3684,33.85],[-84.3672,33.8479],[-84.3672,33.8478],[-84.3669,33.8481],[-84.3666,33.8484],[-84.3664,33.8485],[-84.3663,33.8486],[-84.3662,33.8487],[-84.3658,33.8488],[-84.3657,33.8489],[-84.3656,33.8489],[-84.3655,33.8489],[-84.3653,33.8489],[-84.365,33.8489],[-84.365,33.8489],[-84.3647,33.8489],[-84.3646,33.8489],[-84.3644,33.8489],[-84.3637,33.8492],[-84.3633,33.8493],[-84.3632,33.8494],[-84.363,33.8494],[-84.3629,33.8495],[-84.3628,33.8496],[-84.3626,33.8497],[-84.3622,33.8501],[-84.3619,33.8505],[-84.3615,33.8509],[-84.3613,33.8512],[-84.361,33.8515],[-84.3609,33.8517],[-84.3607,33.8521],[-84.3604,33.8526],[-84.3602,33.853],[-84.3601,33.8532],[-84.36,33.8533],[-84.3599,33.8534],[-84.3597,33.8535],[-84.3595,33.8536],[-84.3594,33.8537],[-84.3592,33.8537],[-84.3588,33.8538],[-84.3585,33.8539],[-84.3581,33.854],[-84.3577,33.854],[-84.3564,33.854],[-84.3561,33.854],[-84.3559,33.8541],[-84.355,33.8544],[-84.3545,33.8545],[-84.3542,33.8546],[-84.3539,33.8547],[-84.3536,33.8548],[-84.3528,33.8551],[-84.3524,33.8552],[-84.3514,33.8556],[-84.351,33.8557],[-84.3507,33.8559],[-84.3504,33.856],[-84.3504,33.8561],[-84.35,33.8563],[-84.35,33.8564],[-84.3496,33.8566],[-84.3494,33.8569],[-84.3491,33.857],[-84.3488,33.8572],[-84.3486,33.8574],[-84.3484,33.8574],[-84.3483,33.8575],[-84.3483,33.8576],[-84.3483,33.8584],[-84.3483,33.8594],[-84.3483,33.8599],[-84.3484,33.8605],[-84.3484,33.8611],[-84.3484,33.8615],[-84.3484,33.8621],[-84.3483,33.8621],[-84.3482,33.8622],[-84.3482,33.8635],[-84.3482,33.8641],[-84.3482,33.8652],[-84.3482,33.8657],[-84.3482,33.8658],[-84.3482,33.866],[-84.3482,33.8661],[-84.3482,33.8663],[-84.3483,33.8666],[-84.3483,33.8667],[-84.3483,33.8668],[-84.3483,33.8672],[-84.3483,33.8676],[-84.3483,33.8679],[-84.3483,33.8683],[-84.3483,33.8686],[-84.3483,33.8686],[-84.3483,33.8694],[-84.3483,33.8694],[-84.3483,33.87],[-84.3482,33.8736],[-84.3482,33.8747],[-84.3482,33.8752],[-84.3482,33.8762],[-84.3481,33.8778],[-84.3481,33.8779],[-84.3481,33.8791],[-84.3481,33.8792],[-84.3481,33.8793],[-84.3481,33.8801],[-84.3481,33.8814],[-84.3481,33.8819],[-84.3481,33.8821],[-84.3481,33.8843],[-84.3482,33.8872],[-84.3482,33.8888],[-84.3483,33.8896],[-84.3483,33.8909],[-84.3483,33.8909],[-84.3484,33.8909],[-84.3485,33.8908],[-84.3486,33.8907],[-84.3486,33.8906],[-84.3487,33.8906],[-84.3487,33.8905],[-84.3488,33.8904],[-84.3491,33.8903],[-84.3492,33.8903],[-84.3493,33.8903],[-84.3494,33.8902],[-84.3496,33.8901],[-84.3498,33.89],[-84.3498,33.89],[-84.3502,33.8897],[-84.3508,33.8893],[-84.3511,33.8891],[-84.3514,33.8889],[-84.3515,33.8889],[-84.3517,33.8888],[-84.3518,33.8888],[-84.3521,33.8887],[-84.3522,33.8887],[-84.3524,33.8886],[-84.3526,33.8885],[-84.3527,33.8885],[-84.3528,33.8884],[-84.353,33.8884],[-84.3531,33.8883],[-84.3532,33.8883],[-84.3533,33.8884],[-84.3534,33.8884],[-84.3534,33.8884],[-84.3535,33.8884],[-84.3536,33.8885],[-84.3537,33.8885],[-84.3538,33.8885],[-84.3539,33.8885],[-84.3541,33.8884],[-84.3541,33.8884],[-84.3542,33.8884],[-84.3542,33.8883],[-84.3544,33.8882],[-84.3545,33.8881],[-84.3545,33.8881],[-84.3547,33.888],[-84.3548,33.888],[-84.355,33.888],[-84.3551,33.888],[-84.3552,33.8881],[-84.3553,33.8881],[-84.3554,33.8881],[-84.3555,33.8882],[-84.3556,33.8882],[-84.3559,33.8882],[-84.356,33.8882],[-84.3561,33.8882],[-84.3562,33.8882],[-84.3563,33.8882],[-84.3564,33.8883],[-84.3565,33.8883],[-84.3566,33.8883],[-84.3567,33.8883],[-84.3568,33.8882],[-84.3569,33.8882],[-84.357,33.8882],[-84.3571,33.8882],[-84.3572,33.8882],[-84.3573,33.8883],[-84.3574,33.8883],[-84.3575,33.8882],[-84.3576,33.8881],[-84.3576,33.8878],[-84.3577,33.8876],[-84.3578,33.8875],[-84.3579,33.8873],[-84.358,33.8871],[-84.358,33.8871],[-84.3581,33.887],[-84.3585,33.8868],[-84.3586,33.8867],[-84.3587,33.8866],[-84.3588,33.8865],[-84.3589,33.8864],[-84.3589,33.8863],[-84.3589,33.8862],[-84.3589,33.8861],[-84.3589,33.8861],[-84.3589,33.8861],[-84.359,33.8861],[-84.3591,33.886],[-84.3592,33.886],[-84.3592,33.886],[-84.3593,33.886],[-84.3593,33.8859],[-84.3593,33.8859],[-84.3594,33.8858],[-84.3593,33.8857],[-84.3592,33.8856],[-84.3592,33.8856],[-84.3591,33.8855],[-84.359,33.8854],[-84.359,33.8854],[-84.359,33.8853],[-84.359,33.8852],[-84.359,33.8851],[-84.359,33.885],[-84.359,33.8849],[-84.359,33.8848],[-84.3592,33.8844],[-84.3592,33.8843],[-84.3592,33.8842],[-84.3592,33.8841],[-84.3591,33.884],[-84.3591,33.8839],[-84.359,33.8839],[-84.3589,33.8838],[-84.3589,33.8837],[-84.359,33.8837],[-84.359,33.8837],[-84.3591,33.8836],[-84.3592,33.8836],[-84.3593,33.8835],[-84.3593,33.8835],[-84.3593,33.8834],[-84.3593,33.8833],[-84.3593,33.8832],[-84.3594,33.8831],[-84.3595,33.8831],[-84.3596,33.8831],[-84.3597,33.883],[-84.3598,33.8829],[-84.3599,33.8826],[-84.36,33.8825],[-84.3601,33.8824],[-84.3602,33.8824],[-84.3602,33.8825],[-84.3603,33.8826],[-84.3603,33.8826],[-84.3604,33.8827],[-84.3605,33.8827],[-84.3606,33.8827],[-84.3607,33.8827],[-84.3608,33.8827],[-84.3609,33.8827],[-84.361,33.8826],[-84.361,33.8825],[-84.3611,33.8824],[-84.3611,33.8824],[-84.3612,33.8823],[-84.3613,33.8822],[-84.3614,33.8822],[-84.3615,33.8822],[-84.3616,33.8822],[-84.3616,33.8822],[-84.3617,33.8822],[-84.3618,33.8821],[-84.3619,33.8821],[-84.3619,33.882],[-84.362,33.8819],[-84.3621,33.8819],[-84.3621,33.8819],[-84.3622,33.8819],[-84.3623,33.8819],[-84.3624,33.8821],[-84.3624,33.8822],[-84.3625,33.8822],[-84.3626,33.8823],[-84.3627,33.8823],[-84.3631,33.8822],[-84.3632,33.8823],[-84.3635,33.8824],[-84.3636,33.8824],[-84.3637,33.8824],[-84.3638,33.8824],[-84.3639,33.8823],[-84.364,33.8823],[-84.3641,33.8822],[-84.3643,33.882],[-84.3642,33.882],[-84.3643,33.8819],[-84.3643,33.8808],[-84.3643,33.8802],[-84.3643,33.8801],[-84.3643,33.8801],[-84.3642,33.8795],[-84.364,33.8782],[-84.3639,33.8773],[-84.3639,33.877],[-84.3639,33.8769],[-84.3639,33.8766],[-84.3639,33.8765],[-84.364,33.8762],[-84.3641,33.8749],[-84.3642,33.873],[-84.3642,33.8728],[-84.3642,33.8726],[-84.3642,33.8724],[-84.3642,33.8721],[-84.3643,33.8718],[-84.3643,33.8716],[-84.3644,33.8713],[-84.3645,33.8711],[-84.3646,33.8709],[-84.3648,33.8706],[-84.3649,33.8704],[-84.365,33.8704],[-84.3657,33.8697],[-84.3658,33.8695],[-84.3661,33.8693],[-84.3661,33.8692],[-84.3662,33.8691],[-84.3662,33.8691],[-84.3667,33.8685],[-84.367,33.8681],[-84.3671,33.868],[-84.3672,33.8679],[-84.3675,33.8676],[-84.3676,33.8674],[-84.3678,33.8671],[-84.368,33.8668],[-84.3681,33.8666],[-84.3682,33.8665],[-84.3683,33.8663],[-84.3684,33.866],[-84.3686,33.8655],[-84.3686,33.8652],[-84.3687,33.8649],[-84.3688,33.864],[-84.3688,33.8638],[-84.3688,33.8634],[-84.3691,33.8601],[-84.3692,33.8575],[-84.3693,33.8567],[-84.3694,33.8536],[-84.3695,33.8529]]]}},{"type":"Feature","id":"13121009602","properties":{"GEOID":"13121009602","NAME":"Census Tract 96.02","AREALAND":2375923},"geometry":{"type":"Polygon","coordinates":[[[-84.3713,33.8437],[-84.3712,33.8432],[-84.3706,33.8421],[-84.3693,33.8395],[-84.369,33.8389],[-84.3683,33.8375],[-84.3682,33.8373],[-84.3681,33.837],[-84.368,33.8368],[-84.368,33.8366],[-84.368,33.836],[-84.368,33.8342],[-84.368,33.8336],[-84.368,33.8316],[-84.368,33.8312],[-84.368,33.8311],[-84.368,33.8309],[-84.3678,33.8296],[-84.3677,33.8293],[-84.3677,33.8291],[-84.3674,33.8285],[-84.3664,33.8293],[-84.3657,33.8298],[-84.3651,33.8303],[-84.3645,33.8307],[-84.3636,33.8314],[-84.3623,33.8324],[-84.3617,33.8329],[-84.3616,33.833],[-84.3612,33.8334],[-84.3609,33.8338],[-84.3608,33.834],[-84.3607,33.834],[-84.3606,33.8342],[-84.3606,33.8343],[-84.3605,33.8345],[-84.3604,33.8346],[-84.3603,33.8349],[-84.3601,33.8356],[-84.3601,33.8361],[-84.3601,33.8365],[-84.3601,33.837],[-84.3602,33.8373],[-84.3604,33.8377],[-84.3606,33.8382],[-84.361,33.839],[-84.3612,33.8394],[-84.3614,33.84],[-84.3615,33.8404],[-84.3616,33.8406],[-84.3616,33.8408],[-84.3616,33.8417],[-84.3616,33.8419],[-84.3615,33.8421],[-84.3615,33.8423],[-84.3615,33.8424],[-84.3614,33.8426],[-84.3613,33.8427],[-84.3613,33.8428],[-84.3612,33.843],[-84.3611,33.8432],[-84.361,33.8433],[-84.3609,33.8435],[-84.3607,33.8436],[-84.36,33.8443],[-84.3596,33.8446],[-84.3596,33.8447],[-84.3594,33.8448],[-84.3593,33.8449],[-84.3592,33.8449],[-84.3586,33.8452],[-84.3584,33.8453],[-84.3574,33.8458],[-84.357,33.846],[-84.3553,33.8468],[-84.3532,33.848],[-84.353,33.8481],[-84.3527,33.8483],[-84.3525,33.8485],[-84.3523,33.8486],[-84.3522,33.8487],[-84.352,33.8489],[-84.3518,33.8491],[-84.3516,33.8493],[-84.3515,33.8496],[-84.3513,33.8498],[-84.3512,33.85],[-84.351,33.8503],[-84.351,33.8505],[-84.3507,33.851],[-84.3505,33.8515],[-84.3502,33.8521],[-84.3501,33.8523],[-84.35,33.8526],[-84.3497,33.8529],[-84.3495,33.8532],[-84.3492,33.8535],[-84.349,33.8537],[-84.3487,33.854],[-84.3485,33.8541],[-84.3483,33.8542],[-84.3483,33.8543],[-84.3483,33.8548],[-84.3483,33.8575],[-84.3484,33.8574],[-84.3486,33.8574],[-84.3488,33.8572],[-84.3491,33.857],[-84.3494,33.8569],[-84.3496,33.8566],[-84.35,33.8564],[-84.35,33.8563],[-84.3504,33.8561],[-84.3504,33.856],[-84.3507,33.8559],[-84.351,33.8557],[-84.3514,33.8556],[-84.3524,33.8552],[-84.3528,33.8551],[-84.3536,33.8548],[-84.3539,33.8547],[-84.3542,33.8546],[-84.3545,33.8545],[-84.355,33.8544],[-84.3559,33.8541],[-84.3561,33.854],[-84.3564,33.854],[-84.3577,33.854],[-84.3581,33.854],[-84.3585,33.8539],[-84.3588,33.8538],[-84.3592,33.8537],[-84.3594,33.8537],[-84.3595,33.8536],[-84.3597,33.8535],[-84.3599,33.8534],[-84.36,33.8533],[-84.3601,33.8532],[-84.3602,33.853],[-84.3604,33.8526],[-84.3607,33.8521],[-84.3609,33.8517],[-84.361,33.8515],[-84.3613,33.8512],[-84.3615,33.8509],[-84.3619,33.8505],[-84.3622,33.8501],[-84.3626,33.8497],[-84.3628,33.8496],[-84.3629,33.8495],[-84.363,33.8494],[-84.3632,33.8494],[-84.3633,33.8493],[-84.3637,33.8492],[-84.3644,33.8489],[-84.3646,33.8489],[-84.3647,33.8489],[-84.365,33.8489],[-84.365,33.8489],[-84.3653,33.8489],[-84.3655,33.8489],[-84.3656,33.8489],[-84.3657,33.8489],[-84.3658,33.8488],[-84.3662,33.8487],[-84.3663,33.8486],[-84.3664,33.8485],[-84.3666,33.8484],[-84.3669,33.8481],[-84.3672,33.8478],[-84.3673,33.8476],[-84.3675,33.8475],[-84.3676,33.8473],[-84.3678,33.8471],[-84.3681,33.8466],[-84.3682,33.8464],[-84.3683,33.846],[-84.3684,33.8458],[-84.3685,33.8457],[-84.3685,33.8456],[-84.3686,33.8455],[-84.3687,33.8453],[-84.3689,33.8451],[-84.369,33.845],[-84.3692,33.8449],[-84.3697,33.8446],[-84.3703,33.8442],[-84.3713,33.8437]]]}},{"type":"Feature","id":"13121010001","properties":{"GEOID":"13121010001","NAME":"Census Tract 100.01","AREALAND":4042846},"geometry":{"type":"Polygon","coordinates":[[[-84.3827,33.8544],[-84.3827,33.8542],[-84.3825,33.8542],[-84.3825,33.8542],[-84.3824,33.8541],[-84.382,33.8538],[-84.3816,33.8533],[-84.3813,33.8531],[-84.3811,33.8529],[-84.3808,33.8525],[-84.3806,33.8524],[-84.3804,33.8522],[-84.38,33.8518],[-84.3794,33.8512],[-84.3793,33.8512],[-84.379,33.8509],[-84.3787,33.8506],[-84.3784,33.8504],[-84.3781,33.8502],[-84.3779,33.8501],[-84.3763,33.8493],[-84.3756,33.849],[-84.3742,33.8485],[-84.3741,33.8485],[-84.3739,33.8484],[-84.3738,33.8482],[-84.3736,33.8481],[-84.3735,33.848],[-84.3732,33.8474],[-84.3726,33.8461],[-84.3726,33.846],[-84.3725,33.8458],[-84.3724,33.8456],[-84.3723,33.8454],[-84.3721,33.845],[-84.3714,33.8438],[-84.3713,33.8437],[-84.3703,33.8442],[-84.3697,33.8446],[-84.3692,33.8449],[-84.369,33.845],[-84.3689,33.8451],[-84.3687,33.8453],[-84.3686,33.8455],[-84.3685,33.8456],[-84.3685,33.8457],[-84.3684,33.8458],[-84.3683,33.846],[-84.3682,33.8464],[-84.3681,33.8466],[-84.3678,33.8471],[-84.3676,33.8473],[-84.3675,33.8475],[-84.3673,33.8476],[-84.3672,33.8478],[-84.3672,33.8479],[-84.3684,33.85],[-84.3688,33.8507],[-84.369,33.8509],[-84.3691,33.8511],[-84.3691,33.8512],[-84.3692,33.8514],[-84.3693,33.8517],[-84.3693,33.8519],[-84.3694,33.852],[-84.3694,33.8522],[-84.3694,33.8525],[-84.3694,33.8525],[-84.3695,33.8527],[-84.3695,33.8529],[-84.3694,33.8536],[-84.3693,33.8567],[-84.3692,33.8575],[-84.3691,33.8601],[-84.3688,33.8634],[-84.3688,33.8638],[-84.3688,33.864],[-84.3687,33.8649],[-84.3686,33.8652],[-84.3686,33.8655],[-84.3684,33.866],[-84.3683,33.8663],[-84.3682,33.8665],[-84.3681,33.8666],[-84.368,33.8668],[-84.3678,33.8671],[-84.3676,33.8674],[-84.3675,33.8676],[-84.3672,33.8679],[-84.3671,33.868],[-84.367,33.8681],[-84.3667,33.8685],[-84.3662,33.8691],[-84.3662,33.8691],[-84.3661,33.8692],[-84.3661,33.8693],[-84.3658,33.8695],[-84.3657,33.8697],[-84.365,33.8704],[-84.3649,33.8704],[-84.3648,33.8706],[-84.3646,33.8709],[-84.3645,33.8711],[-84.3644,33.8713],[-84.3643,33.8716],[-84.3643,33.8718],[-84.3642,33.8721],[-84.3642,33.8724],[-84.3642,33.8726],[-84.3642,33.8728],[-84.3642,33.873],[-84.3641,33.8749],[-84.364,33.8762],[-84.3639,33.8765],[-84.3639,33.8766],[-84.3639,33.8769],[-84.3639,33.877],[-84.3639,33.8773],[-84.364,33.8782],[-84.3642,33.8795],[-84.3643,33.8801],[-84.3643,33.8801],[-84.3643,33.8802],[-84.3643,33.8808],[-84.3643,33.8819],[-84.3642,33.882],[-84.3643,33.882],[-84.3643,33.882],[-84.3646,33.8817],[-84.3648,33.8816],[-84.3648,33.8815],[-84.3648,33.8815],[-84.3649,33.8815],[-84.3651,33.8813],[-84.3652,33.8811],[-84.3653,33.8811],[-84.3654,33.881],[-84.3654,33.8809],[-84.3655,33.8808],[-84.3655,33.8808],[-84.3656,33.8807],[-84.3657,33.8806],[-84.3663,33.8801],[-84.3664,33.88],[-84.3665,33.88],[-84.3665,33.8799],[-84.3666,33.8798],[-84.3666,33.8797],[-84.3668,33.8796],[-84.3668,33.8795],[-84.3671,33.8795],[-84.3671,33.8794],[-84.3672,33.8793],[-84.3673,33.8793],[-84.3673,33.8792],[-84.3674,33.8791],[-84.3675,33.8791],[-84.3676,33.8791],[-84.3677,33.8791],[-84.3677,33.8791],[-84.3678,33.8791],[-84.3678,33.8791],[-84.3678,33.8791],[-84.3679,33.8791],[-84.368,33.8791],[-84.368,33.8791],[-84.3681,33.8791],[-84.3682,33.8791],[-84.3682,33.879],[-84.3682,33.879],[-84.3682,33.8791],[-84.3684,33.879],[-84.3686,33.879],[-84.3687,33.8789],[-84.3688,33.8789],[-84.3688,33.8789],[-84.3689,33.8788],[-84.369,33.8787],[-84.3691,33.8787],[-84.3692,33.8785],[-84.3693,33.8784],[-84.3694,33.8784],[-84.3695,33.8783],[-84.3696,33.8783],[-84.3697,33.8782],[-84.3698,33.8782],[-84.37,33.8781],[-84.3701,33.8781],[-84.3702,33.878],[-84.3703,33.878],[-84.3703,33.878],[-84.3703,33.8779],[-84.3708,33.8777],[-84.3709,33.8776],[-84.371,33.8776],[-84.3711,33.8775],[-84.3715,33.8774],[-84.3719,33.8773],[-84.372,33.8773],[-84.3721,33.8773],[-84.3721,33.8772],[-84.3722,33.8772],[-84.3722,33.8771],[-84.3722,33.877],[-84.3722,33.877],[-84.3722,33.8769],[-84.372,33.8767],[-84.372,33.8766],[-84.372,33.8765],[-84.372,33.8763],[-84.3721,33.8763],[-84.3722,33.8762],[-84.3723,33.8762],[-84.3724,33.8762],[-84.3725,33.8762],[-84.3727,33.8762],[-84.3731,33.8762],[-84.3734,33.8762],[-84.3738,33.8761],[-84.3741,33.8761],[-84.3742,33.8761],[-84.3743,33.876],[-84.3744,33.876],[-84.3745,33.8759],[-84.3745,33.8758],[-84.3745,33.8757],[-84.3744,33.8755],[-84.3744,33.8755],[-84.3744,33.8754],[-84.3744,33.8753],[-84.3746,33.8753],[-84.3747,33.8752],[-84.3747,33.8751],[-84.3747,33.875],[-84.3747,33.8749],[-84.3746,33.8748],[-84.3745,33.8747],[-84.3745,33.8746],[-84.3746,33.8744],[-84.3748,33.874],[-84.3748,33.8738],[-84.3749,33.8733],[-84.3749,33.8731],[-84.375,33.8731],[-84.3754,33.8731],[-84.3757,33.8731],[-84.3757,33.8732],[-84.3757,33.8733],[-84.3763,33.8741],[-84.3763,33.8742],[-84.3767,33.8748],[-84.3768,33.8749],[-84.3769,33.875],[-84.3772,33.8753],[-84.3775,33.8755],[-84.3783,33.876],[-84.3786,33.8763],[-84.3788,33.8764],[-84.379,33.8765],[-84.3792,33.8766],[-84.3799,33.8768],[-84.3805,33.8757],[-84.3806,33.8754],[-84.3807,33.8753],[-84.3807,33.8753],[-84.3807,33.8753],[-84.3807,33.8752],[-84.3808,33.8749],[-84.3809,33.8747],[-84.3809,33.8746],[-84.3809,33.8744],[-84.381,33.8736],[-84.381,33.873],[-84.381,33.8722],[-84.381,33.8718],[-84.3811,33.8703],[-84.3811,33.8686],[-84.3811,33.8675],[-84.3811,33.867],[-84.381,33.8666],[-84.381,33.8662],[-84.381,33.8661],[-84.381,33.866],[-84.3809,33.8657],[-84.3808,33.8652],[-84.3808,33.8652],[-84.3807,33.8648],[-84.3807,33.8646],[-84.3806,33.8643],[-84.3804,33.8634],[-84.3803,33.8632],[-84.3803,33.8629],[-84.3802,33.8627],[-84.3803,33.8625],[-84.3803,33.8622],[-84.3804,33.8615],[-84.3804,33.8612],[-84.3807,33.8595],[-84.3807,33.8591],[-84.3808,33.8589],[-84.3809,33.8586],[-84.3811,33.8583],[-84.3813,33.858],[-84.3814,33.858],[-84.3822,33.8569],[-84.3824,33.8567],[-84.3825,33.8564],[-84.3825,33.8564],[-84.3826,33.8562],[-84.3826,33.8561],[-84.3826,33.856],[-84.3826,33.8558],[-84.3827,33.8556],[-84.3827,33.8544]]]}},{"type":"Feature","id":"13121009404","properties":{"GEOID":"13121009404","NAME":"Census Tract 94.04","AREALAND":2049455},"geometry":{"type":"Polygon","coordinates":[[[-84.3584,33.8453],[-84.3583,33.8453],[-84.3583,33.8452],[-84.3583,33.8451],[-84.3582,33.845],[-84.3582,33.8449],[-84.3581,33.8447],[-84.3581,33.8446],[-84.3581,33.8445],[-84.3581,33.8444],[-84.3581,33.8436],[-84.3581,33.8436],[-84.3582,33.8432],[-84.3581,33.8425],[-84.3581,33.8416],[-84.3581,33.8416],[-84.3581,33.8414],[-84.3581,33.8402],[-84.3581,33.8397],[-84.3581,33.8376],[-84.3581,33.8372],[-84.3581,33.837],[-84.3581,33.8369],[-84.358,33.8363],[-84.358,33.8363],[-84.3579,33.8362],[-84.3579,33.836],[-84.3579,33.8358],[-84.3578,33.8358],[-84.3578,33.8357],[-84.3577,33.8354],[-84.3575,33.8347],[-84.3575,33.8345],[-84.3573,33.8339],[-84.3573,33.8337],[-84.3572,33.8335],[-84.3569,33.8326],[-84.3566,33.832],[-84.3564,33.8314],[-84.3563,33.8312],[-84.3562,33.8311],[-84.3561,33.831],[-84.356,33.8308],[-84.3554,33.8302],[-84.3553,33.8301],[-84.3552,33.8299],[-84.3552,33.8298],[-84.3551,33.8295],[-84.355,33.8294],[-84.3549,33.8289],[-84.3549,33.8288],[-84.3548,33.8285],[-84.3548,33.8283],[-84.3548,33.8282],[-84.3548,33.8278],[-84.3547,33.8277],[-84.3547,33.8275],[-84.3547,33.8274],[-84.3546,33.8274],[-84.3546,33.8273],[-84.3545,33.8272],[-84.3544,33.8271],[-84.3538,33.8267],[-84.3537,33.8266],[-84.3534,33.8264],[-84.3533,33.8262],[-84.3531,33.8261],[-84.353,33.8259],[-84.3528,33.8257],[-84.3528,33.8256],[-84.3526,33.8257],[-84.3524,33.8257],[-84.3521,33.8257],[-84.3517,33.8257],[-84.3514,33.8256],[-84.3507,33.8255],[-84.3504,33.8255],[-84.3502,33.8255],[-84.3501,33.8255],[-84.3499,33.8256],[-84.3499,33.8256],[-84.3498,33.8256],[-84.3496,33.8256],[-84.3494,33.8257],[-84.3491,33.8259],[-84.3489,33.826],[-84.3486,33.8262],[-84.3485,33.8263],[-84.3485,33.8264],[-84.3485,33.8269],[-84.3483,33.8271],[-84.3485,33.827],[-84.3485,33.8274],[-84.3483,33.8276],[-84.3484,33.8276],[-84.3485,33.8279],[-84.3485,33.8283],[-84.3484,33.8283],[-84.3484,33.8284],[-84.3485,33.8285],[-84.3485,33.8285],[-84.3485,33.8292],[-84.3485,33.8295],[-84.3485,33.8301],[-84.3485,33.8307],[-84.3485,33.831],[-84.3484,33.8314],[-84.3484,33.8322],[-84.3484,33.8351],[-84.3484,33.8362],[-84.3485,33.8364],[-84.3485,33.8368],[-84.3485,33.837],[-84.3485,33.8372],[-84.3485,33.8377],[-84.3485,33.8382],[-84.3485,33.8391],[-84.3485,33.8391],[-84.3485,33.8395],[-84.3485,33.8396],[-84.3485,33.8397],[-84.3484,33.8411],[-84.3484,33.8414],[-84.3483,33.842],[-84.3483,33.8422],[-84.3483,33.8426],[-84.3482,33.8435],[-84.3481,33.8443],[-84.348,33.845],[-84.3483,33.8453],[-84.3482,33.8454],[-84.3482,33.8457],[-84.3483,33.8459],[-84.3483,33.846],[-84.3483,33.8462],[-84.3483,33.8467],[-84.3483,33.8476],[-84.3483,33.848],[-84.3483,33.8489],[-84.3483,33.8493],[-84.3483,33.8501],[-84.3483,33.8503],[-84.3483,33.8505],[-84.3484,33.8525],[-84.3484,33.8525],[-84.3484,33.8526],[-84.3483,33.8539],[-84.3483,33.854],[-84.3483,33.8542],[-84.3485,33.8541],[-84.3487,33.854],[-84.349,33.8537],[-84.3492,33.8535],[-84.3495,33.8532],[-84.3497,33.8529],[-84.35,33.8526],[-84.3501,33.8523],[-84.3502,33.8521],[-84.3505,33.8515],[-84.3507,33.851],[-84.351,33.8505],[-84.351,33.8503],[-84.3512,33.85],[-84.3513,33.8498],[-84.3515,33.8496],[-84.3516,33.8493],[-84.3518,33.8491],[-84.352,33.8489],[-84.3522,33.8487],[-84.3523,33.8486],[-84.3525,33.8485],[-84.3527,33.8483],[-84.353,33.8481],[-84.3532,33.848],[-84.3553,33.8468],[-84.357,33.846],[-84.3574,33.8458],[-84.3584,33.8453]]]}},{"type":"Feature","id":"13121011414","properties":{"GEOID":"13121011414","NAME":"Census Tract 114.14","AREALAND":4673371},"geometry":{"type":"Polygon","coordinates":[[[-84.2921,34.0033],[-84.2921,34.0032],[-84.2917,34.0031],[-84.2912,34.003],[-84.2909,34.0028],[-84.2905,34.0027],[-84.2897,34.0023],[-84.2891,34.002],[-84.289,34.002],[-84.2879,34.0015],[-84.2874,34.0014],[-84.286,34.001],[-84.2856,34.0009],[-84.2853,34.0007],[-84.2851,34.0006],[-84.2849,34.0005],[-84.2845,34.0002],[-84.2843,34.0],[-84.2841,33.9998],[-84.2839,33.9996],[-84.2838,33.9992],[-84.2837,33.999],[-84.2836,33.9987],[-84.2834,33.9981],[-84.2833,33.9976],[-84.2833,33.9975],[-84.2831,33.9971],[-84.283,33.9968],[-84.2829,33.9965],[-84.2829,33.9965],[-84.2827,33.9962],[-84.2825,33.9959],[-84.282,33.9953],[-84.2819,33.9951],[-84.2813,33.9944],[-84.2808,33.9937],[-84.2804,33.9931],[-84.2801,33.9927],[-84.28,33.9925],[-84.2798,33.9924],[-84.2796,33.9922],[-84.2794,33.9921],[-84.2793,33.992],[-84.2786,33.9918],[-84.2782,33.9916],[-84.2779,33.9915],[-84.2772,33.9911],[-84.277,33.9909],[-84.2768,33.9908],[-84.2754,33.9899],[-84.2753,33.9898],[-84.275,33.9896],[-84.2741,33.989],[-84.2738,33.9888],[-84.2734,33.9886],[-84.2733,33.9885],[-84.2731,33.9883],[-84.2729,33.988],[-84.2726,33.9878],[-84.2724,33.9876],[-84.2723,33.9875],[-84.2725,33.9877],[-84.2725,33.9878],[-84.2726,33.9879],[-84.2727,33.9881],[-84.2732,33.9893],[-84.2733,33.9893],[-84.2733,33.9894],[-84.2733,33.9895],[-84.2732,33.9897],[-84.2732,33.9899],[-84.2732,33.9902],[-84.2732,33.9904],[-84.2733,33.9915],[-84.2734,33.9925],[-84.2734,33.9926],[-84.2734,33.9931],[-84.2735,33.9951],[-84.2735,33.9955],[-84.2736,33.9959],[-84.274,33.9976],[-84.2741,33.9978],[-84.2741,33.9981],[-84.2743,33.9985],[-84.2743,33.9986],[-84.2744,33.9989],[-84.2745,33.9992],[-84.2747,33.9995],[-84.2748,33.9996],[-84.2749,33.9997],[-84.2749,33.9998],[-84.2751,34.0],[-84.2753,34.0002],[-84.2757,34.0006],[-84.2759,34.0008],[-84.2759,34.0009],[-84.276,34.001],[-84.276,34.0011],[-84.2762,34.0014],[-84.2763,34.0018],[-84.2764,34.0021],[-84.2764,34.0036],[-84.2765,34.0045],[-84.2764,34.0045],[-84.2763,34.0045],[-84.2763,34.0045],[-84.2762,34.0045],[-84.2761,34.0044],[-84.2759,34.0044],[-84.2757,34.0043],[-84.2755,34.0042],[-84.2753,34.0042],[-84.2751,34.0041],[-84.2749,34.0039],[-84.2728,34.0027],[-84.2726,34.0026],[-84.2724,34.0025],[-84.2722,34.0024],[-84.272,34.0024],[-84.2717,34.0023],[-84.2715,34.0023],[-84.2712,34.0023],[-84.271,34.0023],[-84.2687,34.0024],[-84.2685,34.0024],[-84.2683,34.0025],[-84.2681,34.0025],[-84.2679,34.0026],[-84.2676,34.0028],[-84.2674,34.0029],[-84.2673,34.0029],[-84.2671,34.0031],[-84.2668,34.0035],[-84.2655,34.0051],[-84.2641,34.0068],[-84.2637,34.0073],[-84.2636,34.0074],[-84.2636,34.0076],[-84.2635,34.0078],[-84.2634,34.008],[-84.2633,34.0083],[-84.2633,34.0085],[-84.2633,34.0086],[-84.2633,34.0091],[-84.2633,34.0093],[-84.2633,34.0095],[-84.2633,34.0106],[-84.2633,34.0114],[-84.2633,34.0117],[-84.2633,34.0119],[-84.2635,34.0135],[-84.2636,34.0144],[-84.2638,34.016],[-84.2638,34.0161],[-84.2638,34.0166],[-84.2638,34.0169],[-84.2638,34.0172],[-84.2636,34.0185],[-84.2635,34.0193],[-84.2635,34.0195],[-84.2635,34.0197],[-84.2635,34.02],[-84.2637,34.0205],[-84.2639,34.0211],[-84.2642,34.0216],[-84.2643,34.0216],[-84.2646,34.0215],[-84.2648,34.0214],[-84.265,34.0214],[-84.2652,34.0213],[-84.2654,34.0213],[-84.2657,34.0213],[-84.2659,34.0213],[-84.267,34.0213],[-84.2673,34.0213],[-84.2691,34.0213],[-84.2694,34.0213],[-84.2697,34.0214],[-84.27,34.0214],[-84.2705,34.0215],[-84.2716,34.0217],[-84.2717,34.0218],[-84.272,34.0218],[-84.2723,34.0218],[-84.2725,34.0218],[-84.2731,34.0217],[-84.2734,34.0217],[-84.2737,34.0216],[-84.2743,34.0213],[-84.2759,34.0203],[-84.2763,34.02],[-84.2769,34.0196],[-84.2773,34.0194],[-84.2776,34.0191],[-84.2799,34.0168],[-84.2801,34.0166],[-84.2803,34.0163],[-84.2804,34.0161],[-84.2804,34.0161],[-84.2805,34.0157],[-84.2806,34.0155],[-84.2808,34.0149],[-84.2809,34.0145],[-84.2811,34.0138],[-84.2812,34.0135],[-84.2813,34.0132],[-84.2813,34.0129],[-84.2813,34.0126],[-84.2813,34.0124],[-84.2815,34.0122],[-84.2817,34.0121],[-84.2819,34.0119],[-84.2821,34.0117],[-84.2823,34.0114],[-84.2824,34.0112],[-84.2826,34.0109],[-84.2828,34.0105],[-84.2829,34.0103],[-84.2829,34.0103],[-84.283,34.0101],[-84.2831,34.0099],[-84.2832,34.0099],[-84.2833,34.0098],[-84.2836,34.0095],[-84.2839,34.0092],[-84.2852,34.0079],[-84.2855,34.0077],[-84.2858,34.0074],[-84.2861,34.0072],[-84.2865,34.0069],[-84.2869,34.0067],[-84.2872,34.0066],[-84.2883,34.0061],[-84.2887,34.0059],[-84.2891,34.0057],[-84.2892,34.0057],[-84.2895,34.0056],[-84.2896,34.0056],[-84.2897,34.0055],[-84.2899,34.0055],[-84.2901,34.0055],[-84.2901,34.0051],[-84.2901,34.005],[-84.2902,34.005],[-84.2917,34.0037],[-84.2918,34.0036],[-84.292,34.0034],[-84.2921,34.0033]]]}},{"type":"Feature","id":"13121011412","properties":{"GEOID":"13121011412","NAME":"Census Tract 114.12","AREALAND":8900222},"geometry":{"type":"Polygon","coordinates":[[[-84.3244,34.0218],[-84.3242,34.0217],[-84.323,34.0214],[-84.3228,34.0214],[-84.3226,34.0213],[-84.3211,34.021],[-84.3195,34.0206],[-84.3177,34.0202],[-84.317,34.0201],[-84.3167,34.02],[-84.3163,34.0199],[-84.316,34.0197],[-84.3157,34.0196],[-84.3146,34.0191],[-84.3129,34.0182],[-84.3125,34.018],[-84.3121,34.0178],[-84.3119,34.0176],[-84.3118,34.0175],[-84.3115,34.0173],[-84.3105,34.0163],[-84.3101,34.016],[-84.3098,34.0157],[-84.3094,34.0154],[-84.309,34.0152],[-84.308,34.0145],[-84.3074,34.0141],[-84.3071,34.014],[-84.3069,34.0139],[-84.3062,34.0135],[-84.3057,34.0132],[-84.3041,34.0122],[-84.3023,34.0111],[-84.3021,34.011],[-84.3019,34.0108],[-84.3017,34.0106],[-84.3015,34.0104],[-84.3007,34.0093],[-84.3007,34.0093],[-84.3005,34.0091],[-84.3003,34.0089],[-84.3001,34.0086],[-84.2998,34.0084],[-84.2994,34.008],[-84.2988,34.0074],[-84.2986,34.0073],[-84.2984,34.007],[-84.2982,34.0068],[-84.2981,34.0065],[-84.2976,34.0054],[-84.2975,34.0053],[-84.2974,34.005],[-84.2973,34.0049],[-84.2972,34.0047],[-84.297,34.0045],[-84.2968,34.0043],[-84.2966,34.0042],[-84.2964,34.004],[-84.2962,34.0039],[-84.296,34.0038],[-84.2958,34.0037],[-84.2956,34.0037],[-84.2952,34.0036],[-84.2934,34.0034],[-84.2927,34.0033],[-84.2921,34.0032],[-84.2921,34.0033],[-84.292,34.0034],[-84.2918,34.0036],[-84.2917,34.0037],[-84.2902,34.005],[-84.2901,34.005],[-84.2901,34.0051],[-84.2901,34.0055],[-84.2899,34.0055],[-84.2897,34.0055],[-84.2896,34.0056],[-84.2895,34.0056],[-84.2892,34.0057],[-84.2891,34.0057],[-84.2887,34.0059],[-84.2883,34.0061],[-84.2872,34.0066],[-84.2869,34.0067],[-84.2865,34.0069],[-84.2861,34.0072],[-84.2858,34.0074],[-84.2855,34.0077],[-84.2852,34.0079],[-84.2839,34.0092],[-84.2836,34.0095],[-84.2833,34.0098],[-84.2832,34.0099],[-84.2831,34.0099],[-84.283,34.0101],[-84.2829,34.0103],[-84.2829,34.0103],[-84.2828,34.0105],[-84.2826,34.0109],[-84.2824,34.0112],[-84.2823,34.0114],[-84.2821,34.0117],[-84.2819,34.0119],[-84.2817,34.0121],[-84.2815,34.0122],[-84.2813,34.0124],[-84.2813,34.0126],[-84.2813,34.0129],[-84.2813,34.0132],[-84.2812,34.0135],[-84.2811,34.0138],[-84.2809,34.0145],[-84.2808,34.0149],[-84.2806,34.0155],[-84.2805,34.0157],[-84.2804,34.0161],[-84.2804,34.0161],[-84.2803,34.0163],[-84.2801,34.0166],[-84.2799,34.0168],[-84.2776,34.0191],[-84.2773,34.0194],[-84.2769,34.0196],[-84.2763,34.02],[-84.2759,34.0203],[-84.2759,34.0203],[-84.2761,34.0202],[-84.2763,34.0201],[-84.2767,34.02],[-84.2771,34.02],[-84.2775,34.0199],[-84.2778,34.0199],[-84.2782,34.02],[-84.2787,34.0201],[-84.2798,34.0203],[-84.2801,34.0203],[-84.2805,34.0204],[-84.2806,34.0204],[-84.2808,34.0204],[-84.2812,34.0204],[-84.2814,34.0204],[-84.2826,34.0203],[-84.2834,34.0203],[-84.2838,34.0203],[-84.2841,34.0204],[-84.2841,34.0204],[-84.2841,34.0204],[-84.2844,34.0204],[-84.2846,34.0204],[-84.2848,34.0205],[-84.2849,34.0205],[-84.2851,34.0206],[-84.2854,34.0207],[-84.2858,34.0208],[-84.2862,34.021],[-84.2864,34.0211],[-84.2873,34.0215],[-84.2877,34.0217],[-84.2882,34.0219],[-84.2897,34.0224],[-84.2896,34.0225],[-84.2896,34.0225],[-84.2896,34.0233],[-84.2896,34.024],[-84.2896,34.0245],[-84.2896,34.0251],[-84.2896,34.0252],[-84.2897,34.0254],[-84.2897,34.026],[-84.2897,34.0272],[-84.2898,34.0282],[-84.2899,34.0294],[-84.2899,34.03],[-84.2899,34.0306],[-84.2899,34.0308],[-84.2899,34.0311],[-84.29,34.0333],[-84.29,34.0337],[-84.2903,34.0347],[-84.2909,34.0359],[-84.2911,34.0363],[-84.292,34.0376],[-84.2914,34.0378],[-84.2911,34.038],[-84.2907,34.0384],[-84.2903,34.0388],[-84.2898,34.0392],[-84.2894,34.0396],[-84.289,34.0398],[-84.2889,34.0399],[-84.2885,34.0401],[-84.2877,34.0404],[-84.2867,34.0407],[-84.2851,34.0412],[-84.2847,34.0413],[-84.2847,34.0414],[-84.2848,34.042],[-84.2851,34.042],[-84.2854,34.0419],[-84.2857,34.0418],[-84.2867,34.0417],[-84.2871,34.0416],[-84.2882,34.0414],[-84.2884,34.0413],[-84.2889,34.0413],[-84.2894,34.0413],[-84.2898,34.0414],[-84.2901,34.0415],[-84.2902,34.0416],[-84.2904,34.0416],[-84.2906,34.0417],[-84.2908,34.0417],[-84.2911,34.0417],[-84.2914,34.0416],[-84.2918,34.0414],[-84.2921,34.0412],[-84.2922,34.041],[-84.2924,34.0409],[-84.2925,34.0408],[-84.2926,34.0408],[-84.2927,34.0407],[-84.2928,34.0407],[-84.2929,34.0407],[-84.293,34.0406],[-84.2932,34.0406],[-84.2934,34.0405],[-84.2935,34.0405],[-84.2941,34.0404],[-84.2945,34.0403],[-84.2946,34.0403],[-84.2947,34.0403],[-84.2948,34.0402],[-84.2949,34.0402],[-84.295,34.0402],[-84.2951,34.0402],[-84.2952,34.0403],[-84.2953,34.0403],[-84.2955,34.0403],[-84.2956,34.0404],[-84.2957,34.0404],[-84.2958,34.0405],[-84.2962,34.0406],[-84.2965,34.0407],[-84.2969,34.0408],[-84.2971,34.0408],[-84.2972,34.0408],[-84.2972,34.0408],[-84.2973,34.0408],[-84.2975,34.0408],[-84.2977,34.0408],[-84.2979,34.0407],[-84.2981,34.0406],[-84.2983,34.0406],[-84.2986,34.0405],[-84.2989,34.0405],[-84.2989,34.0404],[-84.2994,34.0403],[-84.2995,34.0403],[-84.2997,34.0403],[-84.3,34.0402],[-84.3003,34.04],[-84.3007,34.0398],[-84.301,34.0395],[-84.3018,34.0389],[-84.302,34.0387],[-84.3021,34.0386],[-84.3025,34.0383],[-84.3025,34.0383],[-84.3029,34.0378],[-84.303,34.0377],[-84.303,34.0376],[-84.303,34.0375],[-84.3031,34.0375],[-84.3033,34.037],[-84.3033,34.037],[-84.3038,34.0364],[-84.3039,34.0363],[-84.304,34.0362],[-84.3042,34.0361],[-84.3044,34.036],[-84.3046,34.0359],[-84.3047,34.0359],[-84.3049,34.0358],[-84.3051,34.0358],[-84.3054,34.0358],[-84.3057,34.0358],[-84.3059,34.0358],[-84.306,34.0358],[-84.3062,34.0357],[-84.3064,34.0356],[-84.3067,34.0354],[-84.3069,34.0352],[-84.3071,34.035],[-84.3071,34.035],[-84.3072,34.0348],[-84.3073,34.0347],[-84.3076,34.0346],[-84.3078,34.0346],[-84.3079,34.0345],[-84.3082,34.0344],[-84.3083,34.0344],[-84.3085,34.0344],[-84.3087,34.0343],[-84.3088,34.0343],[-84.309,34.0342],[-84.3092,34.0341],[-84.3094,34.0341],[-84.3096,34.0341],[-84.3098,34.0341],[-84.3099,34.034],[-84.31,34.034],[-84.3101,34.0339],[-84.3102,34.0339],[-84.3107,34.0336],[-84.3109,34.0336],[-84.3113,34.0335],[-84.3119,34.0335],[-84.3121,34.0335],[-84.3126,34.0334],[-84.3129,34.0334],[-84.3133,34.0333],[-84.3137,34.0333],[-84.3141,34.0333],[-84.3141,34.0333],[-84.3143,34.0333],[-84.3145,34.0333],[-84.3148,34.0334],[-84.3149,34.0335],[-84.315,34.0335],[-84.3152,34.0336],[-84.3154,34.0337],[-84.3155,34.0337],[-84.3155,34.0338],[-84.3157,34.0338],[-84.3158,34.0337],[-84.3165,34.0328],[-84.3175,34.0313],[-84.3182,34.0303],[-84.3185,34.0299],[-84.3197,34.0283],[-84.32,34.0278],[-84.3207,34.0268],[-84.3208,34.0267],[-84.3216,34.0256],[-84.3226,34.0243],[-84.3244,34.0218]]]}},{"type":"Feature","id":"13121011411","properties":{"GEOID":"13121011411","NAME":"Census Tract 114.11","AREALAND":7205428},"geometry":{"type":"Polygon","coordinates":[[[-84.3331,34.0097],[-84.3332,34.0097],[-84.333,34.0095],[-84.3323,34.0083],[-84.3319,34.0077],[-84.3315,34.0055],[-84.3314,34.005],[-84.3303,34.0028],[-84.3301,34.0023],[-84.3283,34.0008],[-84.3261,33.9976],[-84.3252,33.9955],[-84.325,33.9952],[-84.325,33.9951],[-84.3243,33.9938],[-84.3241,33.9905],[-84.3232,33.9882],[-84.323,33.9879],[-84.3229,33.9876],[-84.3228,33.9874],[-84.3226,33.9871],[-84.3225,33.9868],[-84.3225,33.9867],[-84.3222,33.9863],[-84.3207,33.9857],[-84.3194,33.9856],[-84.3188,33.9856],[-84.3164,33.9856],[-84.3164,33.9856],[-84.3147,33.9856],[-84.3147,33.9857],[-84.3147,33.986],[-84.3147,33.9861],[-84.3146,33.9862],[-84.3146,33.9863],[-84.3146,33.9866],[-84.3146,33.9876],[-84.3146,33.9878],[-84.3146,33.9881],[-84.3146,33.9884],[-84.3146,33.9887],[-84.3146,33.9888],[-84.3145,33.9889],[-84.3145,33.989],[-84.3144,33.9891],[-84.3143,33.9892],[-84.3142,33.9893],[-84.3132,33.9903],[-84.313,33.9904],[-84.3127,33.9907],[-84.3125,33.991],[-84.3122,33.9915],[-84.3121,33.9917],[-84.3119,33.9918],[-84.3117,33.992],[-84.3117,33.992],[-84.3115,33.9921],[-84.3111,33.9922],[-84.3095,33.9925],[-84.3085,33.9927],[-84.3084,33.9927],[-84.3078,33.9929],[-84.3073,33.9931],[-84.3071,33.9932],[-84.3069,33.9933],[-84.3068,33.9935],[-84.3066,33.9936],[-84.3065,33.9938],[-84.3062,33.9944],[-84.3062,33.9945],[-84.3056,33.9956],[-84.3056,33.9957],[-84.3053,33.9963],[-84.305,33.9968],[-84.305,33.9968],[-84.3048,33.9972],[-84.3047,33.9974],[-84.3046,33.9975],[-84.3044,33.9977],[-84.3042,33.9979],[-84.304,33.9981],[-84.3034,33.9984],[-84.3032,33.9985],[-84.3031,33.9986],[-84.303,33.9987],[-84.3028,33.9989],[-84.3026,33.9991],[-84.3018,34.0004],[-84.3013,34.0013],[-84.3009,34.0018],[-84.3009,34.0019],[-84.3003,34.0027],[-84.3002,34.0029],[-84.3,34.003],[-84.2998,34.0032],[-84.299,34.0036],[-84.2988,34.0038],[-84.2986,34.0039],[-84.2985,34.0041],[-84.2977,34.0048],[-84.2976,34.005],[-84.2974,34.005],[-84.2975,34.0053],[-84.2976,34.0054],[-84.2981,34.0065],[-84.2982,34.0068],[-84.2984,34.007],[-84.2986,34.0073],[-84.2988,34.0074],[-84.2994,34.008],[-84.2998,34.0084],[-84.3001,34.0086],[-84.3003,34.0089],[-84.3005,34.0091],[-84.3007,34.0093],[-84.3007,34.0093],[-84.3015,34.0104],[-84.3017,34.0106],[-84.3019,34.0108],[-84.3021,34.011],[-84.3023,34.0111],[-84.3041,34.0122],[-84.3057,34.0132],[-84.3062,34.0135],[-84.3069,34.0139],[-84.3071,34.014],[-84.3074,34.0141],[-84.308,34.0145],[-84.309,34.0152],[-84.3094,34.0154],[-84.3098,34.0157],[-84.3101,34.016],[-84.3105,34.0163],[-84.3115,34.0173],[-84.3118,34.0175],[-84.3119,34.0176],[-84.3121,34.0178],[-84.3125,34.018],[-84.3129,34.0182],[-84.3146,34.0191],[-84.3157,34.0196],[-84.316,34.0197],[-84.3163,34.0199],[-84.3167,34.02],[-84.317,34.0201],[-84.3177,34.0202],[-84.3195,34.0206],[-84.3211,34.021],[-84.3226,34.0213],[-84.3228,34.0214],[-84.323,34.0214],[-84.3242,34.0217],[-84.3244,34.0218],[-84.3276,34.0174],[-84.3307,34.0131],[-84.3319,34.0115],[-84.3326,34.0104],[-84.3328,34.0101],[-84.3331,34.0097]]]}},{"type":"Feature","id":"13121010208","properties":{"GEOID":"13121010208","NAME":"Census Tract 102.08","AREALAND":5384853},"geometry":{"type":"Polygon","coordinates":[[[-84.3839,33.9957],[-84.3839,33.9938],[-84.3833,33.9928],[-84.3831,33.9926],[-84.3828,33.9925],[-84.3825,33.9923],[-84.3822,33.9922],[-84.3822,33.9922],[-84.3819,33.9921],[-84.3816,33.992],[-84.3813,33.9919],[-84.381,33.9918],[-84.3807,33.9917],[-84.3804,33.9917],[-84.3789,33.9909],[-84.3786,33.9908],[-84.3784,33.9906],[-84.3781,33.9905],[-84.3778,33.9903],[-84.3776,33.9901],[-84.3773,33.99],[-84.3771,33.9898],[-84.3768,33.9896],[-84.3766,33.9893],[-84.3763,33.9891],[-84.376,33.9888],[-84.3758,33.9885],[-84.3756,33.9882],[-84.3753,33.9877],[-84.375,33.9873],[-84.3749,33.9871],[-84.3749,33.987],[-84.3748,33.9868],[-84.3748,33.9866],[-84.3747,33.9864],[-84.3747,33.9863],[-84.3747,33.9861],[-84.3747,33.986],[-84.3747,33.9859],[-84.3748,33.9857],[-84.3748,33.9856],[-84.3749,33.9854],[-84.3749,33.9852],[-84.375,33.985],[-84.3751,33.985],[-84.3751,33.9849],[-84.3752,33.9847],[-84.3752,33.9846],[-84.3752,33.9845],[-84.3753,33.9844],[-84.3753,33.9844],[-84.3753,33.9842],[-84.3753,33.9841],[-84.3753,33.984],[-84.3752,33.9839],[-84.3752,33.9839],[-84.3753,33.983],[-84.3754,33.9806],[-84.3757,33.978],[-84.3761,33.9766],[-84.3778,33.9739],[-84.378,33.9737],[-84.3776,33.9736],[-84.3771,33.9736],[-84.3768,33.9737],[-84.3763,33.9737],[-84.3759,33.9738],[-84.3758,33.9738],[-84.3753,33.9739],[-84.3747,33.974],[-84.3737,33.9741],[-84.3734,33.9742],[-84.3733,33.9743],[-84.3732,33.9743],[-84.3731,33.9745],[-84.3731,33.9747],[-84.3731,33.975],[-84.373,33.9752],[-84.3727,33.9754],[-84.3723,33.9758],[-84.3722,33.9759],[-84.372,33.9761],[-84.3717,33.9765],[-84.3714,33.977],[-84.3713,33.9771],[-84.3713,33.9772],[-84.3711,33.9773],[-84.3708,33.9775],[-84.3706,33.9776],[-84.3704,33.9776],[-84.3699,33.9778],[-84.3696,33.978],[-84.3688,33.9785],[-84.3663,33.9802],[-84.3661,33.9803],[-84.3658,33.9803],[-84.3658,33.9803],[-84.3655,33.9803],[-84.3652,33.9802],[-84.365,33.9802],[-84.3647,33.9804],[-84.364,33.9808],[-84.3636,33.9811],[-84.3633,33.9813],[-84.3632,33.9815],[-84.3629,33.9824],[-84.3629,33.9824],[-84.3629,33.9824],[-84.3627,33.9826],[-84.3626,33.9827],[-84.3625,33.9827],[-84.3623,33.9828],[-84.3621,33.9828],[-84.3619,33.9829],[-84.3617,33.983],[-84.3616,33.9831],[-84.3615,33.9832],[-84.3613,33.9833],[-84.3612,33.9834],[-84.3611,33.9835],[-84.3609,33.9836],[-84.3608,33.9837],[-84.3608,33.9837],[-84.3606,33.9838],[-84.3604,33.9838],[-84.3603,33.9839],[-84.3601,33.984],[-84.3599,33.984],[-84.3592,33.984],[-84.359,33.984],[-84.3589,33.984],[-84.3587,33.984],[-84.3586,33.984],[-84.3584,33.9839],[-84.3581,33.9838],[-84.358,33.9837],[-84.3578,33.9835],[-84.3577,33.9834],[-84.3575,33.9831],[-84.3575,33.983],[-84.3574,33.9828],[-84.3574,33.9827],[-84.3573,33.9825],[-84.3572,33.9823],[-84.3571,33.9822],[-84.3569,33.9819],[-84.3568,33.9818],[-84.3567,33.9817],[-84.3564,33.9816],[-84.3562,33.9815],[-84.3559,33.9815],[-84.3558,33.9814],[-84.3556,33.9813],[-84.3555,33.9813],[-84.3553,33.9812],[-84.3552,33.9812],[-84.355,33.9812],[-84.3548,33.9811],[-84.3547,33.981],[-84.3545,33.9809],[-84.3544,33.9808],[-84.3541,33.9806],[-84.354,33.9805],[-84.3539,33.9805],[-84.3538,33.9804],[-84.3537,33.9804],[-84.3535,33.9802],[-84.3534,33.9801],[-84.3533,33.98],[-84.3532,33.9799],[-84.353,33.9798],[-84.3529,33.9796],[-84.3527,33.9795],[-84.3525,33.9795],[-84.352,33.9792],[-84.3518,33.9792],[-84.3517,33.9791],[-84.3516,33.9789],[-84.3515,33.9788],[-84.3511,33.9785],[-84.3508,33.9792],[-84.3507,33.9794],[-84.3505,33.9798],[-84.3504,33.9803],[-84.3503,33.9807],[-84.3503,33.981],[-84.3503,33.9814],[-84.3503,33.9819],[-84.3503,33.9828],[-84.3504,33.9838],[-84.3504,33.9841],[-84.3504,33.9841],[-84.3506,33.9851],[-84.3507,33.9859],[-84.3508,33.9867],[-84.3509,33.9871],[-84.351,33.9876],[-84.3512,33.988],[-84.3514,33.9886],[-84.3516,33.9892],[-84.3517,33.9896],[-84.3517,33.9901],[-84.3518,33.9905],[-84.3518,33.991],[-84.3518,33.9912],[-84.3517,33.9915],[-84.3516,33.9924],[-84.3515,33.9926],[-84.3515,33.9927],[-84.3515,33.9929],[-84.3515,33.993],[-84.3513,33.994],[-84.3508,33.9972],[-84.3507,33.9982],[-84.3505,33.9992],[-84.3505,34.0006],[-84.3504,34.0016],[-84.3504,34.0029],[-84.3505,34.0037],[-84.3505,34.0041],[-84.3579,34.002],[-84.3592,34.0017],[-84.3599,34.0016],[-84.3627,34.001],[-84.3675,34.0003],[-84.374,34.0012],[-84.3764,34.0013],[-84.3769,34.0013],[-84.3783,34.0013],[-84.3823,33.9995],[-84.3824,33.9994],[-84.3826,33.9992],[-84.3826,33.9991],[-84.3833,33.9981],[-84.3838,33.9966],[-84.3839,33.9963],[-84.3839,33.9957]]]}},{"type":"Feature","id":"13121010107","properties":{"GEOID":"13121010107","NAME":"Census Tract 101.07","AREALAND":5322414},"geometry":{"type":"Polygon","coordinates":[[[-84.3207,33.9787],[-84.3209,33.9786],[-84.3207,33.9785],[-84.3204,33.9784],[-84.3203,33.9784],[-84.3201,33.9783],[-84.3199,33.9784],[-84.3196,33.9785],[-84.3188,33.9788],[-84.3183,33.979],[-84.3177,33.9793],[-84.3175,33.9793],[-84.3171,33.979],[-84.317,33.9789],[-84.3169,33.9788],[-84.3166,33.9782],[-84.3162,33.9778],[-84.3161,33.9776],[-84.316,33.9772],[-84.316,33.9771],[-84.3159,33.977],[-84.3158,33.9769],[-84.3155,33.9766],[-84.3151,33.9761],[-84.3148,33.9759],[-84.3144,33.9756],[-84.314,33.9751],[-84.3139,33.975],[-84.3138,33.9749],[-84.3137,33.9747],[-84.3137,33.9745],[-84.3137,33.9738],[-84.3138,33.9737],[-84.3138,33.9733],[-84.3138,33.9732],[-84.3138,33.9731],[-84.3138,33.9729],[-84.3138,33.9728],[-84.3137,33.9727],[-84.3137,33.9726],[-84.3135,33.9723],[-84.3133,33.9721],[-84.3132,33.9719],[-84.3131,33.9716],[-84.3131,33.9715],[-84.3131,33.9713],[-84.3132,33.9712],[-84.3136,33.9695],[-84.3136,33.9693],[-84.3136,33.9692],[-84.3136,33.969],[-84.3134,33.968],[-84.3142,33.9679],[-84.3145,33.9679],[-84.3147,33.9678],[-84.3149,33.9677],[-84.3151,33.9677],[-84.3154,33.9676],[-84.3161,33.9672],[-84.3162,33.9671],[-84.3163,33.967],[-84.3164,33.9669],[-84.3165,33.9667],[-84.3166,33.966],[-84.3164,33.966],[-84.3163,33.966],[-84.3158,33.9661],[-84.3156,33.9661],[-84.3155,33.9661],[-84.3153,33.966],[-84.3141,33.9656],[-84.3136,33.9655],[-84.3133,33.9654],[-84.3131,33.9653],[-84.313,33.9652],[-84.3126,33.965],[-84.3125,33.9649],[-84.3119,33.9645],[-84.3119,33.9645],[-84.3117,33.9643],[-84.3115,33.9643],[-84.3108,33.9642],[-84.3104,33.9641],[-84.3098,33.9639],[-84.3095,33.9638],[-84.3093,33.9637],[-84.3092,33.9636],[-84.3086,33.9632],[-84.3085,33.9631],[-84.3083,33.963],[-84.3082,33.963],[-84.3082,33.9629],[-84.3081,33.9629],[-84.3078,33.9627],[-84.3073,33.9625],[-84.3064,33.962],[-84.3063,33.962],[-84.3061,33.9619],[-84.3033,33.9604],[-84.3029,33.9602],[-84.3029,33.9602],[-84.3025,33.9601],[-84.3025,33.9618],[-84.3025,33.9627],[-84.3025,33.9628],[-84.3025,33.963],[-84.3024,33.9631],[-84.3023,33.9632],[-84.3019,33.9638],[-84.3017,33.964],[-84.3009,33.9652],[-84.3008,33.9652],[-84.2975,33.9651],[-84.2963,33.9651],[-84.295,33.965],[-84.295,33.9651],[-84.295,33.9652],[-84.2949,33.9654],[-84.2947,33.9655],[-84.2946,33.9656],[-84.2942,33.9658],[-84.2941,33.9659],[-84.2938,33.9661],[-84.2936,33.9662],[-84.2931,33.9665],[-84.293,33.9665],[-84.2928,33.9666],[-84.2926,33.9666],[-84.2925,33.9667],[-84.2923,33.9668],[-84.2921,33.9669],[-84.2918,33.967],[-84.2915,33.9672],[-84.2914,33.9672],[-84.2914,33.9673],[-84.2913,33.9675],[-84.2912,33.9675],[-84.2912,33.9676],[-84.291,33.9679],[-84.2909,33.968],[-84.2909,33.968],[-84.2907,33.9683],[-84.2906,33.9684],[-84.2905,33.9684],[-84.2905,33.9684],[-84.2905,33.9686],[-84.2904,33.9687],[-84.2903,33.9688],[-84.2902,33.969],[-84.2901,33.9691],[-84.2899,33.9693],[-84.2898,33.9694],[-84.2895,33.9696],[-84.2894,33.9697],[-84.2892,33.9697],[-84.289,33.9697],[-84.2889,33.9696],[-84.2887,33.9696],[-84.2885,33.9697],[-84.2882,33.9699],[-84.2881,33.97],[-84.2881,33.97],[-84.288,33.9701],[-84.2879,33.9701],[-84.2875,33.9701],[-84.2875,33.9701],[-84.2875,33.9702],[-84.2876,33.9703],[-84.2876,33.9704],[-84.2876,33.9704],[-84.2876,33.9704],[-84.2875,33.9704],[-84.2874,33.9705],[-84.2874,33.9705],[-84.2874,33.9706],[-84.2874,33.9706],[-84.2873,33.9706],[-84.2872,33.9707],[-84.2872,33.9708],[-84.2872,33.9709],[-84.2871,33.971],[-84.2871,33.9711],[-84.2869,33.9712],[-84.2865,33.9715],[-84.2863,33.9715],[-84.2862,33.9716],[-84.2861,33.9716],[-84.2861,33.9716],[-84.286,33.9715],[-84.2859,33.9713],[-84.2858,33.9712],[-84.2857,33.9712],[-84.2857,33.9711],[-84.2857,33.9711],[-84.2858,33.9711],[-84.2857,33.971],[-84.2856,33.9711],[-84.2855,33.9711],[-84.2855,33.9711],[-84.2855,33.9711],[-84.2853,33.9711],[-84.2852,33.9712],[-84.2852,33.9713],[-84.2851,33.9714],[-84.285,33.9715],[-84.2849,33.9716],[-84.2845,33.9717],[-84.2843,33.9718],[-84.2842,33.9718],[-84.2841,33.9718],[-84.2839,33.9719],[-84.2836,33.9719],[-84.2832,33.972],[-84.2826,33.9721],[-84.2815,33.9725],[-84.2812,33.9725],[-84.281,33.9726],[-84.2809,33.9726],[-84.2807,33.9726],[-84.2804,33.9727],[-84.2802,33.9729],[-84.2803,33.973],[-84.2805,33.9732],[-84.2805,33.9733],[-84.2805,33.9734],[-84.2804,33.9736],[-84.2801,33.9738],[-84.2796,33.9741],[-84.2795,33.9742],[-84.2794,33.9743],[-84.2793,33.9744],[-84.2792,33.9745],[-84.2792,33.9747],[-84.2792,33.9748],[-84.279,33.9749],[-84.2788,33.9751],[-84.2788,33.9752],[-84.2788,33.9753],[-84.2789,33.9754],[-84.2791,33.9755],[-84.2792,33.9757],[-84.2793,33.9758],[-84.2793,33.9758],[-84.2796,33.9764],[-84.2796,33.9765],[-84.2797,33.9766],[-84.2797,33.9766],[-84.2797,33.9767],[-84.2799,33.9769],[-84.2802,33.9775],[-84.2803,33.9776],[-84.2804,33.9775],[-84.2805,33.9774],[-84.2817,33.9771],[-84.2872,33.9756],[-84.2878,33.9754],[-84.2908,33.9754],[-84.2934,33.9764],[-84.2941,33.9767],[-84.2971,33.9786],[-84.2975,33.9792],[-84.2978,33.9796],[-84.2982,33.9802],[-84.2989,33.9814],[-84.2991,33.9828],[-84.2987,33.9839],[-84.2967,33.9841],[-84.2955,33.9842],[-84.2952,33.9842],[-84.2949,33.9845],[-84.2944,33.9848],[-84.2941,33.9851],[-84.294,33.9852],[-84.2941,33.9854],[-84.2946,33.9865],[-84.2947,33.9868],[-84.295,33.9875],[-84.2953,33.9881],[-84.2955,33.9882],[-84.2965,33.9888],[-84.2991,33.989],[-84.2999,33.9888],[-84.302,33.9874],[-84.3037,33.9851],[-84.3041,33.9846],[-84.3043,33.9843],[-84.3071,33.9838],[-84.3079,33.984],[-84.3087,33.9843],[-84.3095,33.9845],[-84.3113,33.9852],[-84.3128,33.9855],[-84.3147,33.9856],[-84.3164,33.9856],[-84.3164,33.9855],[-84.3164,33.9853],[-84.3164,33.9851],[-84.3164,33.9847],[-84.3164,33.9845],[-84.3164,33.9844],[-84.3162,33.9843],[-84.3161,33.9843],[-84.3161,33.9841],[-84.3161,33.984],[-84.3161,33.9838],[-84.3161,33.9837],[-84.3161,33.9836],[-84.316,33.9835],[-84.3159,33.9835],[-84.3158,33.9834],[-84.3158,33.9833],[-84.3158,33.9832],[-84.3159,33.9831],[-84.316,33.983],[-84.3161,33.9829],[-84.3162,33.9828],[-84.3163,33.9827],[-84.3165,33.9826],[-84.3167,33.9825],[-84.3169,33.9824],[-84.3171,33.9822],[-84.3171,33.9821],[-84.3172,33.9819],[-84.3173,33.9818],[-84.3173,33.9818],[-84.3175,33.9816],[-84.3176,33.9815],[-84.3176,33.9814],[-84.3176,33.9814],[-84.3176,33.9812],[-84.3177,33.9811],[-84.3178,33.9811],[-84.3179,33.9811],[-84.318,33.9811],[-84.3181,33.9811],[-84.3181,33.981],[-84.3181,33.9809],[-84.3181,33.9807],[-84.3182,33.9805],[-84.3183,33.9804],[-84.3184,33.9802],[-84.3186,33.9801],[-84.3187,33.98],[-84.3187,33.9799],[-84.3189,33.9798],[-84.319,33.9797],[-84.3191,33.9796],[-84.3193,33.9796],[-84.3197,33.9794],[-84.3198,33.9792],[-84.32,33.9791],[-84.3202,33.979],[-84.3203,33.9789],[-84.3204,33.9789],[-84.3207,33.9787]]]}},{"type":"Feature","id":"13121011410","properties":{"GEOID":"13121011410","NAME":"Census Tract 114.10","AREALAND":7437492},"geometry":{"type":"Polygon","coordinates":[[[-84.3147,33.986],[-84.3147,33.9857],[-84.3147,33.9856],[-84.3128,33.9855],[-84.3113,33.9852],[-84.3095,33.9845],[-84.3087,33.9843],[-84.3079,33.984],[-84.3071,33.9838],[-84.3043,33.9843],[-84.3041,33.9846],[-84.3037,33.9851],[-84.302,33.9874],[-84.2999,33.9888],[-84.2991,33.989],[-84.2965,33.9888],[-84.2955,33.9882],[-84.2953,33.9881],[-84.295,33.9875],[-84.2947,33.9868],[-84.2946,33.9865],[-84.2941,33.9854],[-84.294,33.9852],[-84.2941,33.9851],[-84.2944,33.9848],[-84.2949,33.9845],[-84.2952,33.9842],[-84.2955,33.9842],[-84.2967,33.9841],[-84.2987,33.9839],[-84.2991,33.9828],[-84.2989,33.9814],[-84.2982,33.9802],[-84.2978,33.9796],[-84.2975,33.9792],[-84.2971,33.9786],[-84.2941,33.9767],[-84.2934,33.9764],[-84.2908,33.9754],[-84.2878,33.9754],[-84.2872,33.9756],[-84.2817,33.9771],[-84.2805,33.9774],[-84.2804,33.9775],[-84.2803,33.9776],[-84.2801,33.9778],[-84.2798,33.978],[-84.2781,33.9798],[-84.2774,33.9801],[-84.2766,33.9801],[-84.2756,33.9797],[-84.2738,33.9785],[-84.2724,33.9753],[-84.2724,33.9752],[-84.2724,33.9752],[-84.2721,33.9749],[-84.2721,33.9745],[-84.2721,33.9742],[-84.2718,33.9742],[-84.2706,33.9737],[-84.2698,33.9732],[-84.2682,33.9724],[-84.2679,33.9723],[-84.2673,33.9721],[-84.2667,33.972],[-84.2663,33.972],[-84.2657,33.9722],[-84.2633,33.9733],[-84.2628,33.9737],[-84.263,33.9739],[-84.2657,33.9777],[-84.2664,33.9787],[-84.2666,33.9789],[-84.2668,33.9792],[-84.2669,33.9796],[-84.2671,33.9798],[-84.2672,33.9801],[-84.2672,33.9803],[-84.2673,33.9807],[-84.2673,33.9807],[-84.2674,33.9812],[-84.2674,33.9818],[-84.2673,33.9827],[-84.2674,33.983],[-84.2675,33.9834],[-84.2676,33.9837],[-84.2678,33.984],[-84.2681,33.9844],[-84.2688,33.985],[-84.2693,33.9853],[-84.2704,33.986],[-84.2712,33.9866],[-84.2717,33.9869],[-84.272,33.9872],[-84.2722,33.9874],[-84.2723,33.9874],[-84.2723,33.9875],[-84.2724,33.9876],[-84.2726,33.9878],[-84.2729,33.988],[-84.2731,33.9883],[-84.2733,33.9885],[-84.2734,33.9886],[-84.2738,33.9888],[-84.2741,33.989],[-84.275,33.9896],[-84.2753,33.9898],[-84.2754,33.9899],[-84.2768,33.9908],[-84.277,33.9909],[-84.2772,33.9911],[-84.2779,33.9915],[-84.2782,33.9916],[-84.2786,33.9918],[-84.2793,33.992],[-84.2794,33.9921],[-84.2796,33.9922],[-84.2798,33.9924],[-84.28,33.9925],[-84.2801,33.9927],[-84.2804,33.9931],[-84.2808,33.9937],[-84.2813,33.9944],[-84.2819,33.9951],[-84.282,33.9953],[-84.2825,33.9959],[-84.2827,33.9962],[-84.2829,33.9965],[-84.2829,33.9965],[-84.283,33.9968],[-84.2831,33.9971],[-84.2833,33.9975],[-84.2833,33.9976],[-84.2834,33.9981],[-84.2836,33.9987],[-84.2837,33.999],[-84.2838,33.9992],[-84.2839,33.9996],[-84.2841,33.9998],[-84.2843,34.0],[-84.2845,34.0002],[-84.2849,34.0005],[-84.2851,34.0006],[-84.2853,34.0007],[-84.2856,34.0009],[-84.286,34.001],[-84.2874,34.0014],[-84.2879,34.0015],[-84.289,34.002],[-84.2891,34.002],[-84.2897,34.0023],[-84.2905,34.0027],[-84.2909,34.0028],[-84.2912,34.003],[-84.2917,34.0031],[-84.2921,34.0032],[-84.2927,34.0033],[-84.2934,34.0034],[-84.2952,34.0036],[-84.2956,34.0037],[-84.2958,34.0037],[-84.296,34.0038],[-84.2962,34.0039],[-84.2964,34.004],[-84.2966,34.0042],[-84.2968,34.0043],[-84.297,34.0045],[-84.2972,34.0047],[-84.2973,34.0049],[-84.2974,34.005],[-84.2976,34.005],[-84.2977,34.0048],[-84.2985,34.0041],[-84.2986,34.0039],[-84.2988,34.0038],[-84.299,34.0036],[-84.2998,34.0032],[-84.3,34.003],[-84.3002,34.0029],[-84.3003,34.0027],[-84.3009,34.0019],[-84.3009,34.0018],[-84.3013,34.0013],[-84.3018,34.0004],[-84.3026,33.9991],[-84.3028,33.9989],[-84.303,33.9987],[-84.3031,33.9986],[-84.3032,33.9985],[-84.3034,33.9984],[-84.304,33.9981],[-84.3042,33.9979],[-84.3044,33.9977],[-84.3046,33.9975],[-84.3047,33.9974],[-84.3048,33.9972],[-84.305,33.9968],[-84.305,33.9968],[-84.3053,33.9963],[-84.3056,33.9957],[-84.3056,33.9956],[-84.3062,33.9945],[-84.3062,33.9944],[-84.3065,33.9938],[-84.3066,33.9936],[-84.3068,33.9935],[-84.3069,33.9933],[-84.3071,33.9932],[-84.3073,33.9931],[-84.3078,33.9929],[-84.3084,33.9927],[-84.3085,33.9927],[-84.3095,33.9925],[-84.3111,33.9922],[-84.3115,33.9921],[-84.3117,33.992],[-84.3117,33.992],[-84.3119,33.9918],[-84.3121,33.9917],[-84.3122,33.9915],[-84.3125,33.991],[-84.3127,33.9907],[-84.313,33.9904],[-84.3132,33.9903],[-84.3142,33.9893],[-84.3143,33.9892],[-84.3144,33.9891],[-84.3145,33.989],[-84.3145,33.9889],[-84.3146,33.9888],[-84.3146,33.9887],[-84.3146,33.9884],[-84.3146,33.9881],[-84.3146,33.9878],[-84.3146,33.9876],[-84.3146,33.9866],[-84.3146,33.9863],[-84.3146,33.9862],[-84.3147,33.9861],[-84.3147,33.986]]]}},{"type":"Feature","id":"13121010117","properties":{"GEOID":"13121010117","NAME":"Census Tract 101.17","AREALAND":1397838},"geometry":{"type":"Polygon","coordinates":[[[-84.3658,33.9619],[-84.3657,33.9616],[-84.3657,33.9614],[-84.3657,33.961],[-84.3655,33.9599],[-84.3648,33.9576],[-84.3646,33.9566],[-84.3646,33.9565],[-84.3645,33.9563],[-84.3645,33.956],[-84.3645,33.9558],[-84.3645,33.9556],[-84.3646,33.9553],[-84.3639,33.9551],[-84.363,33.955],[-84.3628,33.955],[-84.3626,33.955],[-84.3625,33.955],[-84.3624,33.955],[-84.3622,33.955],[-84.362,33.9551],[-84.3619,33.9551],[-84.3618,33.9551],[-84.3617,33.9552],[-84.3615,33.9552],[-84.3615,33.9552],[-84.3613,33.9554],[-84.3605,33.9558],[-84.3603,33.9559],[-84.3601,33.956],[-84.3598,33.9561],[-84.3595,33.9561],[-84.3592,33.9562],[-84.3588,33.9562],[-84.3581,33.9562],[-84.3579,33.9562],[-84.3578,33.9563],[-84.3577,33.9563],[-84.3571,33.9565],[-84.3568,33.9566],[-84.3564,33.9568],[-84.356,33.9574],[-84.3557,33.9579],[-84.3547,33.9593],[-84.3546,33.9596],[-84.3545,33.9596],[-84.3541,33.9602],[-84.3535,33.9611],[-84.3522,33.963],[-84.3516,33.9639],[-84.351,33.9647],[-84.3505,33.9655],[-84.3504,33.9656],[-84.3502,33.9659],[-84.3507,33.966],[-84.3533,33.967],[-84.3549,33.9676],[-84.356,33.968],[-84.3564,33.9682],[-84.3569,33.9684],[-84.3572,33.9684],[-84.3573,33.9684],[-84.3575,33.9684],[-84.3581,33.9684],[-84.3591,33.9684],[-84.3599,33.9684],[-84.361,33.9684],[-84.361,33.9689],[-84.3611,33.9687],[-84.3613,33.9684],[-84.3618,33.9678],[-84.3619,33.9676],[-84.3628,33.9663],[-84.3638,33.965],[-84.3643,33.9644],[-84.3649,33.9636],[-84.3652,33.9632],[-84.3653,33.963],[-84.3654,33.9628],[-84.3658,33.9619]]]}},{"type":"Feature","id":"13121010120","properties":{"GEOID":"13121010120","NAME":"Census Tract 101.20","AREALAND":1011266},"geometry":{"type":"Polygon","coordinates":[[[-84.3505,34.0041],[-84.3505,34.0037],[-84.3504,34.0029],[-84.3504,34.0016],[-84.3489,34.0015],[-84.3486,34.0015],[-84.3483,34.0014],[-84.3481,34.0013],[-84.3479,34.0013],[-84.3475,34.001],[-84.3471,34.0008],[-84.347,34.0007],[-84.3469,34.0006],[-84.3469,34.0006],[-84.3468,34.0005],[-84.3465,33.9999],[-84.3464,33.9997],[-84.3462,33.9995],[-84.3461,33.9994],[-84.346,33.9993],[-84.3458,33.9991],[-84.3455,33.9989],[-84.3452,33.9987],[-84.3449,33.9986],[-84.3447,33.9985],[-84.3444,33.9984],[-84.3441,33.9983],[-84.3439,33.9982],[-84.3437,33.9982],[-84.3435,33.9982],[-84.3434,33.9982],[-84.3433,33.9982],[-84.343,33.9982],[-84.343,33.9982],[-84.3427,33.9983],[-84.3425,33.9983],[-84.3425,33.9984],[-84.3421,33.9985],[-84.3417,33.9986],[-84.3415,33.9988],[-84.3413,33.9989],[-84.3411,33.999],[-84.3408,33.9991],[-84.3406,33.9992],[-84.3406,33.9992],[-84.3404,33.9993],[-84.3402,33.9993],[-84.34,33.9993],[-84.3398,33.9994],[-84.3395,33.9994],[-84.3391,33.9993],[-84.3387,33.9993],[-84.3381,33.9992],[-84.3381,33.9992],[-84.338,33.9988],[-84.338,33.9986],[-84.3379,33.9984],[-84.3379,33.9981],[-84.3379,33.9978],[-84.338,33.9973],[-84.338,33.9972],[-84.3384,33.9945],[-84.3386,33.9928],[-84.3387,33.9926],[-84.3388,33.9925],[-84.3388,33.9923],[-84.3391,33.992],[-84.3392,33.9919],[-84.3392,33.9918],[-84.3392,33.9917],[-84.3392,33.9916],[-84.3392,33.9916],[-84.3382,33.9917],[-84.3381,33.9924],[-84.3379,33.9936],[-84.3377,33.9948],[-84.3372,33.9981],[-84.337,33.999],[-84.3369,33.9997],[-84.3367,34.0008],[-84.3365,34.0022],[-84.3364,34.0028],[-84.3363,34.0034],[-84.3362,34.0038],[-84.336,34.0046],[-84.3358,34.0051],[-84.3355,34.0059],[-84.3354,34.0061],[-84.3352,34.0066],[-84.3349,34.0072],[-84.3346,34.0077],[-84.3341,34.0084],[-84.3336,34.009],[-84.3334,34.0094],[-84.3332,34.0097],[-84.3349,34.0103],[-84.3365,34.0102],[-84.3384,34.0092],[-84.3422,34.0061],[-84.3422,34.006],[-84.3434,34.005],[-84.3444,34.0045],[-84.3451,34.0044],[-84.3452,34.0044],[-84.348,34.0042],[-84.3488,34.0041],[-84.3505,34.0041]]]}},{"type":"Feature","id":"13121003500","properties":{"GEOID":"13121003500","NAME":"Census Tract 35","AREALAND":1380569},"geometry":{"type":"Polygon","coordinates":[[[-84.4016,33.7495],[-84.4023,33.7488],[-84.4016,33.7482],[-84.4011,33.748],[-84.4001,33.7473],[-84.4,33.7472],[-84.3999,33.7472],[-84.3998,33.7471],[-84.3997,33.7471],[-84.3982,33.7471],[-84.3981,33.7477],[-84.398,33.7481],[-84.398,33.748],[-84.3979,33.7476],[-84.3979,33.7471],[-84.3979,33.7465],[-84.3974,33.7468],[-84.3972,33.7469],[-84.397,33.747],[-84.3969,33.7469],[-84.3968,33.747],[-84.3957,33.747],[-84.3944,33.7469],[-84.3928,33.7469],[-84.3922,33.7469],[-84.3909,33.7469],[-84.3906,33.7469],[-84.3892,33.7469],[-84.3888,33.7469],[-84.3886,33.7469],[-84.3881,33.7469],[-84.3878,33.7469],[-84.3877,33.7469],[-84.3872,33.7469],[-84.3869,33.7469],[-84.3862,33.7469],[-84.3851,33.7469],[-84.3838,33.7469],[-84.3827,33.7469],[-84.3815,33.7469],[-84.3807,33.7469],[-84.3804,33.7469],[-84.3794,33.7469],[-84.3782,33.7468],[-84.377,33.7468],[-84.3767,33.7468],[-84.3764,33.7468],[-84.3759,33.7468],[-84.3752,33.7468],[-84.3752,33.7472],[-84.3752,33.7474],[-84.3751,33.7481],[-84.3751,33.7487],[-84.3751,33.7496],[-84.375,33.7498],[-84.3752,33.7497],[-84.3757,33.7496],[-84.3766,33.7492],[-84.3766,33.7495],[-84.3769,33.7494],[-84.3777,33.7492],[-84.3784,33.749],[-84.3788,33.749],[-84.379,33.7489],[-84.3795,33.7489],[-84.3797,33.7489],[-84.3801,33.7489],[-84.3805,33.7489],[-84.3808,33.7489],[-84.381,33.7489],[-84.3815,33.7489],[-84.3821,33.7489],[-84.3825,33.7489],[-84.3827,33.7489],[-84.3829,33.7489],[-84.3833,33.7489],[-84.3835,33.7489],[-84.3837,33.749],[-84.3839,33.749],[-84.3841,33.7491],[-84.3843,33.7492],[-84.3843,33.7492],[-84.3846,33.7493],[-84.3849,33.7494],[-84.3852,33.7497],[-84.3857,33.75],[-84.3864,33.7505],[-84.3876,33.7512],[-84.3879,33.7515],[-84.3889,33.7521],[-84.3899,33.7528],[-84.3908,33.7534],[-84.3913,33.7537],[-84.3915,33.7538],[-84.3922,33.7541],[-84.3924,33.7542],[-84.3928,33.7544],[-84.3932,33.7546],[-84.3932,33.7546],[-84.3934,33.7547],[-84.3938,33.7549],[-84.3938,33.7551],[-84.394,33.7563],[-84.3944,33.7572],[-84.395,33.7585],[-84.3956,33.7597],[-84.3957,33.7596],[-84.3958,33.7599],[-84.3961,33.7605],[-84.3962,33.7607],[-84.3964,33.7611],[-84.3965,33.7612],[-84.3968,33.7616],[-84.3973,33.7623],[-84.3975,33.7627],[-84.3977,33.7631],[-84.3978,33.7634],[-84.3979,33.7634],[-84.3978,33.763],[-84.3978,33.7628],[-84.3978,33.7627],[-84.3977,33.7625],[-84.3977,33.7624],[-84.3977,33.7622],[-84.3977,33.7619],[-84.3977,33.7616],[-84.3977,33.7603],[-84.3977,33.758],[-84.3977,33.7562],[-84.3977,33.7558],[-84.3977,33.7557],[-84.3977,33.7556],[-84.3977,33.7547],[-84.3976,33.7545],[-84.3976,33.7541],[-84.3976,33.7539],[-84.3976,33.7534],[-84.3975,33.7532],[-84.3975,33.7529],[-84.3975,33.7526],[-84.3976,33.7523],[-84.3976,33.7523],[-84.3978,33.7523],[-84.3978,33.7522],[-84.3979,33.7521],[-84.3979,33.7519],[-84.398,33.7518],[-84.3981,33.7517],[-84.3981,33.7517],[-84.3996,33.7513],[-84.4001,33.7511],[-84.4009,33.7502],[-84.4016,33.7495]]]}},{"type":"Feature","id":"13121003600","properties":{"GEOID":"13121003600","NAME":"Census Tract 36","AREALAND":393883},"geometry":{"type":"Polygon","coordinates":[[[-84.4066,33.7513],[-84.4066,33.7492],[-84.4058,33.7491],[-84.4045,33.7489],[-84.4036,33.7488],[-84.403,33.7487],[-84.4026,33.7486],[-84.4025,33.7486],[-84.4024,33.7486],[-84.4023,33.7488],[-84.4016,33.7495],[-84.4009,33.7502],[-84.4001,33.7511],[-84.3996,33.7513],[-84.3981,33.7517],[-84.3981,33.7517],[-84.398,33.7518],[-84.3979,33.7519],[-84.3979,33.7521],[-84.3978,33.7522],[-84.3978,33.7523],[-84.3976,33.7523],[-84.3976,33.7523],[-84.3975,33.7526],[-84.3975,33.7529],[-84.3975,33.7532],[-84.3976,33.7534],[-84.398,33.7536],[-84.398,33.7536],[-84.3981,33.7537],[-84.3982,33.7537],[-84.3984,33.7538],[-84.3987,33.7538],[-84.399,33.7538],[-84.3996,33.7538],[-84.3997,33.7538],[-84.4006,33.7538],[-84.4008,33.7538],[-84.4015,33.7539],[-84.4026,33.7539],[-84.4028,33.7539],[-84.4028,33.7546],[-84.4041,33.7546],[-84.4055,33.7546],[-84.4065,33.7547],[-84.4065,33.7543],[-84.4065,33.7539],[-84.4065,33.7538],[-84.4066,33.7528],[-84.4066,33.7521],[-84.4066,33.7517],[-84.4066,33.7513]]]}},{"type":"Feature","id":"13121010209","properties":{"GEOID":"13121010209","NAME":"Census Tract 102.09","AREALAND":3594718},"geometry":{"type":"Polygon","coordinates":[[[-84.3847,33.9699],[-84.3847,33.9697],[-84.3847,33.9695],[-84.3846,33.9693],[-84.3846,33.9693],[-84.3845,33.9691],[-84.3845,33.9689],[-84.3843,33.9686],[-84.3842,33.9684],[-84.3841,33.9683],[-84.3839,33.9681],[-84.3839,33.9681],[-84.3837,33.9678],[-84.3835,33.9676],[-84.3833,33.9673],[-84.3832,33.9672],[-84.3831,33.9669],[-84.383,33.9667],[-84.383,33.9667],[-84.3829,33.9665],[-84.3829,33.9665],[-84.3829,33.9663],[-84.3829,33.9662],[-84.3828,33.966],[-84.3828,33.9657],[-84.3828,33.9654],[-84.3828,33.9651],[-84.3829,33.9646],[-84.383,33.9641],[-84.383,33.9639],[-84.383,33.9638],[-84.3831,33.9637],[-84.3831,33.9636],[-84.3831,33.9636],[-84.3831,33.9635],[-84.3832,33.9635],[-84.3833,33.9634],[-84.3834,33.9633],[-84.383,33.9632],[-84.383,33.9632],[-84.3827,33.9633],[-84.3824,33.9633],[-84.3821,33.9633],[-84.3819,33.9632],[-84.3815,33.9632],[-84.3812,33.9631],[-84.3809,33.963],[-84.3801,33.9629],[-84.3792,33.9629],[-84.3786,33.9628],[-84.3776,33.9629],[-84.3771,33.9629],[-84.3763,33.9629],[-84.376,33.963],[-84.3759,33.9631],[-84.3753,33.9632],[-84.3746,33.9632],[-84.3739,33.9633],[-84.3732,33.9631],[-84.3719,33.9631],[-84.3717,33.9631],[-84.3711,33.9631],[-84.3706,33.963],[-84.3703,33.9629],[-84.3701,33.9625],[-84.3699,33.9623],[-84.3693,33.9623],[-84.3691,33.9622],[-84.3687,33.9621],[-84.3687,33.9618],[-84.3687,33.9616],[-84.3685,33.9616],[-84.3682,33.9616],[-84.368,33.9614],[-84.3678,33.9611],[-84.3674,33.9608],[-84.367,33.9606],[-84.3667,33.9606],[-84.3664,33.9608],[-84.3659,33.9613],[-84.3657,33.9614],[-84.3657,33.9614],[-84.3657,33.9616],[-84.3658,33.9619],[-84.3654,33.9628],[-84.3653,33.963],[-84.3652,33.9632],[-84.3649,33.9636],[-84.3643,33.9644],[-84.3638,33.965],[-84.3628,33.9663],[-84.3619,33.9676],[-84.3618,33.9678],[-84.3613,33.9684],[-84.3611,33.9687],[-84.361,33.9689],[-84.3606,33.9694],[-84.3601,33.9699],[-84.36,33.97],[-84.3591,33.9709],[-84.3588,33.9712],[-84.3586,33.9715],[-84.3581,33.9722],[-84.3576,33.973],[-84.3575,33.9732],[-84.3574,33.9733],[-84.3571,33.9735],[-84.3569,33.9736],[-84.3567,33.9738],[-84.3563,33.974],[-84.3558,33.9742],[-84.3555,33.9743],[-84.3552,33.9744],[-84.3552,33.9744],[-84.3551,33.9744],[-84.3548,33.9746],[-84.3542,33.9749],[-84.3539,33.975],[-84.3538,33.975],[-84.3537,33.9751],[-84.3533,33.9752],[-84.3529,33.9754],[-84.3528,33.9755],[-84.3526,33.9756],[-84.3525,33.9757],[-84.3524,33.9758],[-84.3522,33.976],[-84.3521,33.9763],[-84.352,33.9765],[-84.3518,33.9768],[-84.3516,33.9772],[-84.3515,33.9775],[-84.3512,33.9781],[-84.3511,33.9783],[-84.3511,33.9785],[-84.3515,33.9788],[-84.3516,33.9789],[-84.3517,33.9791],[-84.3518,33.9792],[-84.352,33.9792],[-84.3525,33.9795],[-84.3527,33.9795],[-84.3529,33.9796],[-84.353,33.9798],[-84.3532,33.9799],[-84.3533,33.98],[-84.3534,33.9801],[-84.3535,33.9802],[-84.3537,33.9804],[-84.3538,33.9804],[-84.3539,33.9805],[-84.354,33.9805],[-84.3541,33.9806],[-84.3544,33.9808],[-84.3545,33.9809],[-84.3547,33.981],[-84.3548,33.9811],[-84.355,33.9812],[-84.3552,33.9812],[-84.3553,33.9812],[-84.3555,33.9813],[-84.3556,33.9813],[-84.3558,33.9814],[-84.3559,33.9815],[-84.3562,33.9815],[-84.3564,33.9816],[-84.3567,33.9817],[-84.3568,33.9818],[-84.3569,33.9819],[-84.3571,33.9822],[-84.3572,33.9823],[-84.3573,33.9825],[-84.3574,33.9827],[-84.3574,33.9828],[-84.3575,33.983],[-84.3575,33.9831],[-84.3577,33.9834],[-84.3578,33.9835],[-84.358,33.9837],[-84.3581,33.9838],[-84.3584,33.9839],[-84.3586,33.984],[-84.3587,33.984],[-84.3589,33.984],[-84.359,33.984],[-84.3592,33.984],[-84.3599,33.984],[-84.3601,33.984],[-84.3603,33.9839],[-84.3604,33.9838],[-84.3606,33.9838],[-84.3608,33.9837],[-84.3608,33.9837],[-84.3609,33.9836],[-84.3611,33.9835],[-84.3612,33.9834],[-84.3613,33.9833],[-84.3615,33.9832],[-84.3616,33.9831],[-84.3617,33.983],[-84.3619,33.9829],[-84.3621,33.9828],[-84.3623,33.9828],[-84.3625,33.9827],[-84.3626,33.9827],[-84.3627,33.9826],[-84.3629,33.9824],[-84.3629,33.9824],[-84.3629,33.9824],[-84.3632,33.9815],[-84.3633,33.9813],[-84.3636,33.9811],[-84.364,33.9808],[-84.3647,33.9804],[-84.365,33.9802],[-84.3652,33.9802],[-84.3655,33.9803],[-84.3658,33.9803],[-84.3658,33.9803],[-84.3661,33.9803],[-84.3663,33.9802],[-84.3688,33.9785],[-84.3696,33.978],[-84.3699,33.9778],[-84.3704,33.9776],[-84.3706,33.9776],[-84.3708,33.9775],[-84.3711,33.9773],[-84.3713,33.9772],[-84.3713,33.9771],[-84.3714,33.977],[-84.3717,33.9765],[-84.372,33.9761],[-84.3722,33.9759],[-84.3723,33.9758],[-84.3727,33.9754],[-84.373,33.9752],[-84.3731,33.975],[-84.3731,33.9747],[-84.3731,33.9745],[-84.3732,33.9743],[-84.3733,33.9743],[-84.3734,33.9742],[-84.3737,33.9741],[-84.3747,33.974],[-84.3753,33.9739],[-84.3758,33.9738],[-84.3759,33.9738],[-84.3763,33.9737],[-84.3768,33.9737],[-84.3771,33.9736],[-84.3776,33.9736],[-84.378,33.9737],[-84.3782,33.9733],[-84.3787,33.9727],[-84.3787,33.9726],[-84.3788,33.9726],[-84.3791,33.9726],[-84.3791,33.9726],[-84.3793,33.9726],[-84.3796,33.9726],[-84.38,33.9726],[-84.3802,33.9726],[-84.3805,33.9726],[-84.3807,33.9726],[-84.3809,33.9726],[-84.3811,33.9726],[-84.3813,33.9725],[-84.3816,33.9725],[-84.3818,33.9725],[-84.3822,33.9724],[-84.3824,33.9723],[-84.3827,33.9722],[-84.383,33.9721],[-84.3831,33.972],[-84.3833,33.9719],[-84.3835,33.9718],[-84.3837,33.9717],[-84.3838,33.9716],[-84.3839,33.9715],[-84.384,33.9714],[-84.3842,33.9712],[-84.3843,33.9711],[-84.3844,33.9709],[-84.3845,33.9708],[-84.3846,33.9706],[-84.3846,33.9704],[-84.3847,33.9702],[-84.3847,33.9701],[-84.3847,33.9699]]]}},{"type":"Feature","id":"13121010516","properties":{"GEOID":"13121010516","NAME":"Census Tract 105.16","AREALAND":8397063},"geometry":{"type":"Polygon","coordinates":[[[-84.4951,33.5801],[-84.495,33.5795],[-84.4948,33.5791],[-84.4947,33.5788],[-84.4946,33.5785],[-84.4945,33.5784],[-84.4945,33.5782],[-84.4944,33.5782],[-84.4944,33.578],[-84.4944,33.5779],[-84.4943,33.5777],[-84.4943,33.5776],[-84.4944,33.5773],[-84.4944,33.5771],[-84.4943,33.5768],[-84.4943,33.5766],[-84.4943,33.5764],[-84.4942,33.5763],[-84.4942,33.5759],[-84.4942,33.5755],[-84.4943,33.5753],[-84.4943,33.575],[-84.4943,33.5747],[-84.4943,33.5745],[-84.4943,33.5742],[-84.4942,33.5737],[-84.4941,33.5736],[-84.4938,33.5726],[-84.4934,33.5715],[-84.4934,33.5713],[-84.4932,33.5708],[-84.4931,33.5707],[-84.4931,33.5706],[-84.4931,33.5705],[-84.493,33.5705],[-84.4929,33.5704],[-84.4929,33.5703],[-84.4927,33.5703],[-84.4927,33.5702],[-84.4926,33.5702],[-84.4925,33.5701],[-84.4924,33.5701],[-84.4923,33.57],[-84.4922,33.5698],[-84.4921,33.5696],[-84.4919,33.5693],[-84.4918,33.5691],[-84.4918,33.569],[-84.4917,33.5688],[-84.4917,33.5688],[-84.4915,33.5681],[-84.4914,33.5679],[-84.4914,33.5678],[-84.4913,33.5676],[-84.4912,33.5674],[-84.4909,33.567],[-84.4908,33.5668],[-84.4908,33.5667],[-84.4907,33.5667],[-84.4906,33.5666],[-84.4906,33.5665],[-84.4902,33.5663],[-84.4902,33.5662],[-84.4901,33.5661],[-84.4901,33.566],[-84.4899,33.5657],[-84.4898,33.5655],[-84.4897,33.5654],[-84.4897,33.5653],[-84.4896,33.5653],[-84.4896,33.5652],[-84.4896,33.5651],[-84.4896,33.565],[-84.4896,33.5649],[-84.4895,33.5648],[-84.4895,33.5647],[-84.4894,33.5646],[-84.4894,33.5646],[-84.4893,33.5645],[-84.4893,33.5644],[-84.4893,33.5643],[-84.4894,33.5642],[-84.4894,33.5641],[-84.4895,33.5641],[-84.4895,33.564],[-84.4896,33.5638],[-84.4896,33.5636],[-84.4896,33.5634],[-84.4896,33.5633],[-84.4896,33.5628],[-84.4896,33.5622],[-84.4896,33.5619],[-84.4896,33.5618],[-84.4896,33.5617],[-84.4896,33.5615],[-84.4891,33.5614],[-84.4887,33.5613],[-84.4884,33.5613],[-84.4882,33.5613],[-84.488,33.5613],[-84.4877,33.5614],[-84.4874,33.5615],[-84.4869,33.5617],[-84.485,33.5624],[-84.484,33.5628],[-84.4835,33.563],[-84.4831,33.5631],[-84.4827,33.5632],[-84.4824,33.5632],[-84.482,33.5632],[-84.4802,33.5632],[-84.4797,33.5632],[-84.4791,33.5632],[-84.4783,33.5632],[-84.4769,33.5632],[-84.4759,33.5633],[-84.4755,33.5633],[-84.4752,33.5633],[-84.4751,33.5633],[-84.4732,33.5633],[-84.4729,33.5633],[-84.4719,33.5633],[-84.4718,33.5633],[-84.4709,33.5633],[-84.4702,33.5633],[-84.4696,33.5632],[-84.4686,33.563],[-84.4676,33.5628],[-84.4669,33.5627],[-84.4657,33.5626],[-84.4654,33.5626],[-84.465,33.5625],[-84.4646,33.5623],[-84.4634,33.5619],[-84.4619,33.5613],[-84.4616,33.5612],[-84.4613,33.561],[-84.4599,33.5601],[-84.4597,33.56],[-84.4594,33.5599],[-84.4592,33.5598],[-84.459,33.5598],[-84.4589,33.5598],[-84.4589,33.5642],[-84.4589,33.5642],[-84.4589,33.5654],[-84.4589,33.5657],[-84.4589,33.5659],[-84.4589,33.5664],[-84.4588,33.5689],[-84.4587,33.5702],[-84.4587,33.5705],[-84.4587,33.5713],[-84.4587,33.5715],[-84.4587,33.5716],[-84.4586,33.5719],[-84.4586,33.5721],[-84.4586,33.5721],[-84.4586,33.5721],[-84.4586,33.5722],[-84.4585,33.5724],[-84.4584,33.5727],[-84.4584,33.5727],[-84.4584,33.5727],[-84.4584,33.5735],[-84.4584,33.5743],[-84.4583,33.5745],[-84.4583,33.5746],[-84.4583,33.5747],[-84.4583,33.5752],[-84.4583,33.5756],[-84.4584,33.5761],[-84.4583,33.5766],[-84.4583,33.5773],[-84.4583,33.5774],[-84.4585,33.5811],[-84.4586,33.5825],[-84.4586,33.5831],[-84.4586,33.5831],[-84.4586,33.5832],[-84.4586,33.5844],[-84.4586,33.5845],[-84.4586,33.5864],[-84.4586,33.5865],[-84.4599,33.5869],[-84.4608,33.5874],[-84.4611,33.5875],[-84.4611,33.5875],[-84.4616,33.5877],[-84.462,33.5878],[-84.4624,33.5878],[-84.4627,33.5879],[-84.4646,33.5882],[-84.465,33.5882],[-84.4655,33.5883],[-84.466,33.5883],[-84.4665,33.5884],[-84.468,33.5886],[-84.469,33.5887],[-84.4724,33.5891],[-84.4735,33.5893],[-84.4739,33.5893],[-84.4741,33.5893],[-84.4744,33.5893],[-84.4746,33.5892],[-84.4749,33.5892],[-84.4751,33.5891],[-84.4754,33.5891],[-84.4758,33.5889],[-84.4762,33.5887],[-84.4768,33.5883],[-84.4771,33.5881],[-84.4792,33.5867],[-84.4799,33.5862],[-84.4802,33.5861],[-84.4805,33.5859],[-84.4825,33.5848],[-84.4829,33.5846],[-84.4833,33.5844],[-84.4835,33.5843],[-84.4862,33.5834],[-84.4872,33.583],[-84.488,33.5827],[-84.4883,33.5827],[-84.4886,33.5826],[-84.489,33.5826],[-84.4906,33.5825],[-84.4909,33.5824],[-84.4912,33.5824],[-84.4915,33.5823],[-84.4917,33.5823],[-84.492,33.5822],[-84.4925,33.582],[-84.4927,33.5818],[-84.493,33.5817],[-84.4932,33.5815],[-84.4942,33.5808],[-84.4951,33.5801]]]}},{"type":"Feature","id":"13121010515","properties":{"GEOID":"13121010515","NAME":"Census Tract 105.15","AREALAND":11094600},"geometry":{"type":"Polygon","coordinates":[[[-84.5251,33.5529],[-84.5251,33.5526],[-84.525,33.5522],[-84.5249,33.5513],[-84.5248,33.5511],[-84.5246,33.5502],[-84.5245,33.5499],[-84.5243,33.5496],[-84.5242,33.5494],[-84.5242,33.5494],[-84.524,33.5492],[-84.5239,33.549],[-84.5235,33.5487],[-84.5231,33.5485],[-84.5226,33.5481],[-84.5224,33.548],[-84.5223,33.5478],[-84.5222,33.5478],[-84.5221,33.5476],[-84.5221,33.5475],[-84.522,33.5474],[-84.5219,33.5471],[-84.5219,33.5469],[-84.5219,33.5467],[-84.5219,33.5465],[-84.522,33.5464],[-84.522,33.5462],[-84.5235,33.5437],[-84.5236,33.5435],[-84.5237,33.5432],[-84.5238,33.5429],[-84.5238,33.5427],[-84.5238,33.5426],[-84.5239,33.5425],[-84.5239,33.542],[-84.5239,33.5418],[-84.5239,33.5416],[-84.5239,33.5407],[-84.5239,33.5404],[-84.5239,33.5393],[-84.5239,33.539],[-84.5239,33.5387],[-84.5239,33.5387],[-84.524,33.5381],[-84.524,33.538],[-84.524,33.538],[-84.524,33.5379],[-84.524,33.5379],[-84.524,33.5379],[-84.524,33.5378],[-84.5241,33.5376],[-84.5241,33.5374],[-84.524,33.5372],[-84.5238,33.5366],[-84.5238,33.5365],[-84.5237,33.5365],[-84.5235,33.5366],[-84.5234,33.5366],[-84.5223,33.5368],[-84.5222,33.5369],[-84.5222,33.5369],[-84.5222,33.5369],[-84.5222,33.5369],[-84.5222,33.5369],[-84.5221,33.5369],[-84.5176,33.5381],[-84.5132,33.5392],[-84.5116,33.5395],[-84.5115,33.5395],[-84.5111,33.5396],[-84.5107,33.5397],[-84.5107,33.5397],[-84.5107,33.5397],[-84.5106,33.5398],[-84.5105,33.5398],[-84.5105,33.5398],[-84.5104,33.5398],[-84.5101,33.5399],[-84.5098,33.54],[-84.5095,33.54],[-84.5094,33.54],[-84.5093,33.54],[-84.5093,33.54],[-84.5093,33.54],[-84.4999,33.5419],[-84.4997,33.542],[-84.4894,33.5446],[-84.4888,33.5447],[-84.4878,33.5449],[-84.4841,33.5457],[-84.4837,33.5457],[-84.4837,33.5457],[-84.4825,33.546],[-84.4825,33.546],[-84.4824,33.546],[-84.4802,33.5465],[-84.4802,33.5465],[-84.4782,33.5469],[-84.4771,33.5472],[-84.4771,33.5472],[-84.4768,33.5472],[-84.4744,33.5478],[-84.4743,33.5478],[-84.4728,33.5481],[-84.4726,33.5482],[-84.4648,33.5497],[-84.4645,33.5498],[-84.4587,33.5509],[-84.4586,33.5514],[-84.4586,33.5521],[-84.4586,33.553],[-84.4586,33.5532],[-84.4586,33.5558],[-84.4586,33.5562],[-84.4588,33.558],[-84.4588,33.5581],[-84.4589,33.5597],[-84.4589,33.5598],[-84.459,33.5598],[-84.4592,33.5598],[-84.4594,33.5599],[-84.4597,33.56],[-84.4599,33.5601],[-84.4613,33.561],[-84.4616,33.5612],[-84.4619,33.5613],[-84.4634,33.5619],[-84.4646,33.5623],[-84.465,33.5625],[-84.4654,33.5626],[-84.4657,33.5626],[-84.4669,33.5627],[-84.4676,33.5628],[-84.4686,33.563],[-84.4696,33.5632],[-84.4702,33.5633],[-84.4709,33.5633],[-84.4718,33.5633],[-84.4719,33.5633],[-84.4729,33.5633],[-84.4732,33.5633],[-84.4751,33.5633],[-84.4752,33.5633],[-84.4755,33.5633],[-84.4759,33.5633],[-84.4769,33.5632],[-84.4783,33.5632],[-84.4791,33.5632],[-84.4797,33.5632],[-84.4802,33.5632],[-84.482,33.5632],[-84.4824,33.5632],[-84.4827,33.5632],[-84.4831,33.5631],[-84.4835,33.563],[-84.484,33.5628],[-84.485,33.5624],[-84.4869,33.5617],[-84.4874,33.5615],[-84.4877,33.5614],[-84.488,33.5613],[-84.4882,33.5613],[-84.4884,33.5613],[-84.4887,33.5613],[-84.4891,33.5614],[-84.4896,33.5615],[-84.4907,33.5618],[-84.491,33.5618],[-84.4912,33.5618],[-84.4914,33.5618],[-84.4918,33.5618],[-84.4919,33.5618],[-84.4933,33.5617],[-84.4939,33.5617],[-84.4944,33.5616],[-84.4947,33.5616],[-84.495,33.5615],[-84.4954,33.5614],[-84.4967,33.5608],[-84.4975,33.5605],[-84.4982,33.5603],[-84.4986,33.5602],[-84.4991,33.5601],[-84.4996,33.5601],[-84.5016,33.5601],[-84.5032,33.5602],[-84.5045,33.5602],[-84.5046,33.5602],[-84.5051,33.5601],[-84.5055,33.5601],[-84.5057,33.56],[-84.5057,33.56],[-84.5059,33.5599],[-84.5062,33.5597],[-84.5064,33.5596],[-84.5064,33.5596],[-84.5065,33.5594],[-84.5066,33.5592],[-84.5068,33.5592],[-84.5072,33.5593],[-84.5076,33.5594],[-84.508,33.5594],[-84.5135,33.5594],[-84.5137,33.5594],[-84.5139,33.5594],[-84.5142,33.5594],[-84.5145,33.5595],[-84.5148,33.5596],[-84.515,33.5596],[-84.5157,33.5593],[-84.5167,33.5575],[-84.5168,33.5573],[-84.517,33.557],[-84.5172,33.5569],[-84.5173,33.5568],[-84.5174,33.5568],[-84.5175,33.5568],[-84.5176,33.5567],[-84.5178,33.5567],[-84.5182,33.5567],[-84.5184,33.5567],[-84.5185,33.5567],[-84.5189,33.5565],[-84.5207,33.5559],[-84.5209,33.5559],[-84.5212,33.5559],[-84.5213,33.5559],[-84.5216,33.556],[-84.5218,33.5561],[-84.5219,33.5562],[-84.5221,33.5563],[-84.5226,33.557],[-84.5227,33.5572],[-84.5228,33.557],[-84.5231,33.5568],[-84.5237,33.5562],[-84.5239,33.556],[-84.5241,33.5557],[-84.5243,33.5555],[-84.5245,33.5552],[-84.5245,33.555],[-84.5246,33.5548],[-84.5247,33.5545],[-84.5249,33.5537],[-84.525,33.5535],[-84.525,33.5534],[-84.5251,33.5531],[-84.5251,33.5529]]]}},{"type":"Feature","id":"13121011504","properties":{"GEOID":"13121011504","NAME":"Census Tract 115.04","AREALAND":58586336},"geometry":{"type":"Polygon","coordinates":[[[-84.3613,34.1371],[-84.3613,34.137],[-84.3612,34.1369],[-84.3608,34.1367],[-84.3603,34.1365],[-84.3599,34.1362],[-84.3578,34.1349],[-84.3575,34.1346],[-84.3571,34.1343],[-84.3568,34.134],[-84.3563,34.1336],[-84.3561,34.1335],[-84.3556,34.1331],[-84.3553,34.1329],[-84.3551,34.1326],[-84.3547,34.1323],[-84.3535,34.131],[-84.3535,34.1309],[-84.353,34.1304],[-84.3516,34.1289],[-84.3514,34.1286],[-84.3506,34.1278],[-84.3503,34.1274],[-84.3501,34.1272],[-84.3498,34.1271],[-84.3491,34.1266],[-84.3483,34.1261],[-84.3474,34.1255],[-84.3472,34.1254],[-84.3468,34.1252],[-84.3467,34.1252],[-84.3466,34.1252],[-84.3464,34.1251],[-84.3462,34.1251],[-84.346,34.1251],[-84.3458,34.125],[-84.3455,34.125],[-84.3444,34.125],[-84.3445,34.1247],[-84.3445,34.1244],[-84.3445,34.1242],[-84.3445,34.1239],[-84.3444,34.1237],[-84.3441,34.1229],[-84.3432,34.1205],[-84.3432,34.1203],[-84.3431,34.1201],[-84.3429,34.12],[-84.3428,34.1198],[-84.3427,34.1197],[-84.3424,34.1193],[-84.3423,34.1193],[-84.342,34.119],[-84.3416,34.1189],[-84.3415,34.1189],[-84.3412,34.1188],[-84.3408,34.1188],[-84.3403,34.1188],[-84.3392,34.1188],[-84.339,34.1188],[-84.3384,34.1189],[-84.3383,34.1189],[-84.3369,34.1192],[-84.3357,34.1195],[-84.3353,34.1196],[-84.3349,34.1196],[-84.3345,34.1197],[-84.3341,34.1197],[-84.3335,34.1198],[-84.333,34.1198],[-84.3327,34.1198],[-84.3324,34.1198],[-84.332,34.1199],[-84.3318,34.1199],[-84.3316,34.1199],[-84.3314,34.1198],[-84.3311,34.1198],[-84.3308,34.1197],[-84.33,34.1195],[-84.3282,34.119],[-84.3279,34.1189],[-84.3274,34.1188],[-84.3267,34.1187],[-84.3241,34.1185],[-84.3231,34.1184],[-84.3226,34.1184],[-84.3222,34.1184],[-84.3208,34.1184],[-84.3206,34.1184],[-84.3204,34.1183],[-84.3201,34.1183],[-84.3201,34.1183],[-84.3184,34.1178],[-84.3177,34.1177],[-84.3174,34.1176],[-84.317,34.1174],[-84.3168,34.1173],[-84.3165,34.1172],[-84.316,34.1169],[-84.3158,34.1168],[-84.3157,34.1166],[-84.3157,34.1166],[-84.3154,34.1164],[-84.3152,34.1162],[-84.3151,34.1159],[-84.3144,34.1148],[-84.3142,34.1149],[-84.3109,34.1156],[-84.3103,34.1158],[-84.3098,34.1159],[-84.3096,34.116],[-84.3093,34.1161],[-84.3089,34.1163],[-84.3085,34.1166],[-84.3083,34.1168],[-84.3074,34.1175],[-84.307,34.1179],[-84.3051,34.1174],[-84.3019,34.1168],[-84.3006,34.1165],[-84.3003,34.1165],[-84.3,34.1164],[-84.2998,34.1164],[-84.2995,34.1165],[-84.2992,34.1165],[-84.299,34.1165],[-84.2984,34.1167],[-84.297,34.1172],[-84.2967,34.1172],[-84.2965,34.1173],[-84.2963,34.1173],[-84.296,34.1173],[-84.2952,34.1174],[-84.2954,34.1176],[-84.2961,34.1183],[-84.2965,34.1187],[-84.297,34.1193],[-84.2974,34.1198],[-84.2978,34.1203],[-84.298,34.1205],[-84.2983,34.1207],[-84.2986,34.121],[-84.299,34.1213],[-84.2992,34.1214],[-84.3001,34.122],[-84.3004,34.1222],[-84.3005,34.1223],[-84.3008,34.1225],[-84.301,34.1228],[-84.3012,34.123],[-84.3013,34.1233],[-84.3014,34.1235],[-84.3015,34.1237],[-84.3016,34.1241],[-84.3016,34.1245],[-84.3017,34.1253],[-84.3017,34.1256],[-84.3017,34.1259],[-84.3017,34.1262],[-84.3016,34.1265],[-84.3015,34.1269],[-84.3014,34.1271],[-84.3013,34.1273],[-84.3011,34.1275],[-84.301,34.1276],[-84.3009,34.1278],[-84.3007,34.128],[-84.3002,34.1284],[-84.3002,34.1285],[-84.3,34.1284],[-84.2999,34.1284],[-84.2998,34.1283],[-84.2997,34.1283],[-84.2996,34.1283],[-84.2994,34.1283],[-84.2991,34.1284],[-84.299,34.1284],[-84.2988,34.1284],[-84.2987,34.1285],[-84.2986,34.1285],[-84.2985,34.1285],[-84.2983,34.1285],[-84.2982,34.1285],[-84.2981,34.1285],[-84.298,34.1285],[-84.2977,34.1285],[-84.2974,34.1285],[-84.2972,34.1285],[-84.297,34.1285],[-84.2968,34.1285],[-84.2967,34.1285],[-84.2966,34.1285],[-84.2965,34.1285],[-84.2964,34.1284],[-84.2961,34.1284],[-84.2956,34.1284],[-84.2954,34.1284],[-84.2952,34.1284],[-84.295,34.1283],[-84.2949,34.1283],[-84.2948,34.1283],[-84.2947,34.1282],[-84.2946,34.1282],[-84.2945,34.1281],[-84.2944,34.1281],[-84.2943,34.128],[-84.2941,34.1278],[-84.294,34.1277],[-84.2939,34.1276],[-84.2939,34.1275],[-84.2938,34.1275],[-84.2937,34.1274],[-84.2936,34.1274],[-84.2935,34.1274],[-84.2934,34.1274],[-84.2933,34.1274],[-84.2932,34.1274],[-84.293,34.1275],[-84.2928,34.1276],[-84.2927,34.1276],[-84.2925,34.1276],[-84.2924,34.1277],[-84.2922,34.1277],[-84.2919,34.1277],[-84.2918,34.1277],[-84.2916,34.1277],[-84.2914,34.1277],[-84.2912,34.1276],[-84.291,34.1276],[-84.2909,34.1275],[-84.2908,34.1275],[-84.2903,34.1273],[-84.2902,34.1273],[-84.2902,34.1273],[-84.2901,34.1273],[-84.29,34.1274],[-84.2899,34.1274],[-84.2898,34.1274],[-84.2897,34.1274],[-84.2893,34.1277],[-84.2892,34.1277],[-84.2892,34.1278],[-84.2891,34.1278],[-84.289,34.1279],[-84.2889,34.1279],[-84.2887,34.1279],[-84.2886,34.1279],[-84.2881,34.1281],[-84.2879,34.1281],[-84.2877,34.1282],[-84.2873,34.1284],[-84.2872,34.1284],[-84.2871,34.1285],[-84.2869,34.1286],[-84.2869,34.1287],[-84.2867,34.1288],[-84.2864,34.1291],[-84.2863,34.1292],[-84.2863,34.1293],[-84.2862,34.1293],[-84.286,34.1296],[-84.2859,34.1296],[-84.2858,34.1297],[-84.2857,34.1298],[-84.2856,34.1299],[-84.2856,34.1299],[-84.2855,34.13],[-84.2854,34.1301],[-84.2846,34.1305],[-84.2845,34.1305],[-84.2844,34.1306],[-84.2844,34.1307],[-84.2843,34.1308],[-84.2842,34.1309],[-84.284,34.131],[-84.2836,34.1313],[-84.2835,34.1313],[-84.2834,34.1314],[-84.2834,34.1315],[-84.2833,34.1315],[-84.2832,34.1316],[-84.2831,34.1316],[-84.283,34.1316],[-84.2827,34.1317],[-84.2826,34.1317],[-84.2825,34.1318],[-84.2824,34.1318],[-84.2823,34.1319],[-84.2822,34.132],[-84.2822,34.132],[-84.2821,34.1321],[-84.2821,34.1322],[-84.2821,34.1322],[-84.282,34.1323],[-84.2819,34.1323],[-84.2819,34.1324],[-84.2819,34.1325],[-84.2818,34.1326],[-84.2818,34.1327],[-84.2817,34.1327],[-84.2816,34.1328],[-84.2816,34.1329],[-84.2815,34.133],[-84.2815,34.1331],[-84.2813,34.1332],[-84.2811,34.1333],[-84.2811,34.1333],[-84.281,34.1334],[-84.2808,34.1335],[-84.2806,34.1336],[-84.2804,34.1336],[-84.2803,34.1337],[-84.2802,34.1337],[-84.2801,34.1337],[-84.28,34.1337],[-84.2798,34.1336],[-84.2797,34.1336],[-84.2795,34.1337],[-84.2791,34.1338],[-84.279,34.1339],[-84.2789,34.1339],[-84.2788,34.134],[-84.2787,34.134],[-84.2786,34.134],[-84.2785,34.134],[-84.2783,34.134],[-84.2781,34.1341],[-84.2779,34.1341],[-84.2778,34.1341],[-84.2773,34.1342],[-84.2771,34.1342],[-84.277,34.1341],[-84.2769,34.1342],[-84.2767,34.1342],[-84.2766,34.1341],[-84.2765,34.1341],[-84.2764,34.1341],[-84.2763,34.1341],[-84.2762,34.1341],[-84.2761,34.1341],[-84.276,34.1341],[-84.2759,34.1342],[-84.2758,34.1343],[-84.2758,34.1343],[-84.2757,34.1344],[-84.2756,34.1345],[-84.2756,34.1345],[-84.2755,34.1346],[-84.2754,34.1346],[-84.275,34.1348],[-84.2749,34.1349],[-84.2748,34.1349],[-84.2748,34.135],[-84.2747,34.135],[-84.2746,34.1351],[-84.2745,34.1351],[-84.2743,34.1353],[-84.2743,34.1353],[-84.2742,34.1354],[-84.2741,34.1355],[-84.2741,34.1355],[-84.274,34.1357],[-84.2739,34.1358],[-84.2737,34.1361],[-84.2736,34.1362],[-84.2736,34.1362],[-84.2735,34.1363],[-84.2735,34.1363],[-84.2734,34.1363],[-84.2733,34.1364],[-84.2732,34.1364],[-84.2731,34.1365],[-84.273,34.1365],[-84.2729,34.1365],[-84.2728,34.1365],[-84.2727,34.1365],[-84.2724,34.1365],[-84.2723,34.1365],[-84.2722,34.1365],[-84.2721,34.1365],[-84.272,34.1366],[-84.2717,34.1368],[-84.2716,34.1368],[-84.2716,34.1369],[-84.2714,34.137],[-84.2713,34.137],[-84.2712,34.1371],[-84.2711,34.1371],[-84.271,34.137],[-84.2709,34.137],[-84.2708,34.1369],[-84.2706,34.1367],[-84.2705,34.1366],[-84.2704,34.1365],[-84.2704,34.1363],[-84.2703,34.1362],[-84.2703,34.1362],[-84.2703,34.1361],[-84.2702,34.136],[-84.2702,34.1359],[-84.2701,34.1358],[-84.2698,34.1357],[-84.2698,34.1356],[-84.2697,34.1356],[-84.2696,34.1355],[-84.2696,34.1354],[-84.2695,34.1354],[-84.2694,34.1353],[-84.2693,34.1352],[-84.2692,34.1352],[-84.2692,34.1351],[-84.2691,34.1351],[-84.269,34.135],[-84.2689,34.1349],[-84.2689,34.1349],[-84.2688,34.1348],[-84.2687,34.1348],[-84.2686,34.1347],[-84.2685,34.1347],[-84.2684,34.1347],[-84.2683,34.1347],[-84.2682,34.1347],[-84.268,34.1347],[-84.2678,34.1347],[-84.2677,34.1348],[-84.2676,34.1348],[-84.2675,34.1348],[-84.2674,34.1348],[-84.2673,34.1348],[-84.2671,34.1348],[-84.267,34.1348],[-84.2669,34.1348],[-84.2668,34.1349],[-84.2667,34.1349],[-84.2666,34.1349],[-84.2665,34.1349],[-84.2664,34.1349],[-84.2663,34.1349],[-84.2662,34.135],[-84.2661,34.1351],[-84.2661,34.1352],[-84.266,34.1352],[-84.2658,34.1353],[-84.2658,34.1354],[-84.2657,34.1354],[-84.2656,34.1355],[-84.2655,34.1355],[-84.2654,34.1356],[-84.2653,34.1357],[-84.2653,34.1357],[-84.2653,34.1358],[-84.2652,34.1359],[-84.2652,34.136],[-84.2651,34.136],[-84.2647,34.136],[-84.2646,34.136],[-84.2645,34.136],[-84.2644,34.1359],[-84.2643,34.1358],[-84.2642,34.1357],[-84.2641,34.1357],[-84.264,34.1357],[-84.2638,34.1356],[-84.2636,34.1355],[-84.2635,34.1355],[-84.2634,34.1355],[-84.2632,34.1355],[-84.2631,34.1355],[-84.2629,34.1355],[-84.2625,34.1355],[-84.2618,34.1355],[-84.2617,34.1355],[-84.2615,34.1356],[-84.2612,34.1356],[-84.261,34.1357],[-84.2608,34.1357],[-84.2607,34.1358],[-84.2606,34.1358],[-84.2604,34.1359],[-84.2603,34.136],[-84.2602,34.1361],[-84.2599,34.1363],[-84.2597,34.1363],[-84.2596,34.1364],[-84.2594,34.1364],[-84.2593,34.1365],[-84.2592,34.1365],[-84.2592,34.1365],[-84.259,34.1366],[-84.2589,34.1366],[-84.2589,34.1366],[-84.2589,34.1366],[-84.2589,34.1367],[-84.2589,34.1376],[-84.2589,34.1382],[-84.2589,34.1387],[-84.2589,34.1392],[-84.2589,34.1398],[-84.2589,34.1404],[-84.2589,34.1407],[-84.2589,34.1411],[-84.2589,34.1431],[-84.2589,34.1432],[-84.2589,34.1433],[-84.2589,34.144],[-84.2589,34.1457],[-84.2589,34.1464],[-84.2589,34.1469],[-84.2589,34.1477],[-84.2589,34.1485],[-84.2589,34.149],[-84.2589,34.1492],[-84.2589,34.1496],[-84.2589,34.1498],[-84.2589,34.15],[-84.2589,34.1512],[-84.2589,34.1515],[-84.2589,34.1524],[-84.2589,34.1525],[-84.2589,34.1525],[-84.2589,34.1527],[-84.2589,34.1528],[-84.2589,34.1529],[-84.2589,34.153],[-84.2589,34.153],[-84.2589,34.1534],[-84.2589,34.1548],[-84.2589,34.1549],[-84.2589,34.1549],[-84.2589,34.1561],[-84.2589,34.1566],[-84.2589,34.1567],[-84.2589,34.1567],[-84.2589,34.1572],[-84.2589,34.1574],[-84.2589,34.1575],[-84.2589,34.1577],[-84.2589,34.1578],[-84.2589,34.1581],[-84.2589,34.1583],[-84.2589,34.1584],[-84.2589,34.1586],[-84.2589,34.1586],[-84.2589,34.1588],[-84.2589,34.1588],[-84.2589,34.159],[-84.2589,34.159],[-84.259,34.1592],[-84.259,34.1594],[-84.259,34.1595],[-84.259,34.1596],[-84.259,34.16],[-84.259,34.1601],[-84.259,34.1603],[-84.259,34.1614],[-84.259,34.1621],[-84.259,34.1629],[-84.2588,34.1632],[-84.2588,34.1641],[-84.2588,34.1644],[-84.2588,34.1644],[-84.2588,34.1652],[-84.2588,34.1663],[-84.259,34.1668],[-84.259,34.1673],[-84.259,34.1675],[-84.259,34.1676],[-84.259,34.1681],[-84.259,34.1689],[-84.259,34.1693],[-84.2591,34.1709],[-84.2591,34.171],[-84.2591,34.171],[-84.2591,34.1711],[-84.2591,34.1711],[-84.2591,34.1713],[-84.2591,34.1717],[-84.259,34.1717],[-84.259,34.173],[-84.259,34.1749],[-84.259,34.1751],[-84.259,34.1776],[-84.259,34.1782],[-84.259,34.1784],[-84.259,34.1785],[-84.259,34.1788],[-84.259,34.1792],[-84.259,34.1793],[-84.259,34.1797],[-84.2591,34.1821],[-84.2591,34.1827],[-84.2591,34.1829],[-84.2591,34.1834],[-84.259,34.1859],[-84.2606,34.186],[-84.2645,34.1861],[-84.2645,34.1861],[-84.2727,34.1861],[-84.2728,34.1861],[-84.2729,34.1861],[-84.2746,34.1861],[-84.2822,34.1861],[-84.2863,34.1862],[-84.29,34.1862],[-84.2957,34.1862],[-84.2959,34.1862],[-84.297,34.1862],[-84.2982,34.1862],[-84.2984,34.1862],[-84.2984,34.1862],[-84.2997,34.1862],[-84.3013,34.1862],[-84.3175,34.1863],[-84.3212,34.1862],[-84.3231,34.1862],[-84.3234,34.1862],[-84.3236,34.1862],[-84.3237,34.1862],[-84.3238,34.1862],[-84.3276,34.1861],[-84.3281,34.1861],[-84.3283,34.1861],[-84.3285,34.186],[-84.3288,34.1858],[-84.3291,34.1856],[-84.3295,34.1853],[-84.3298,34.1852],[-84.3298,34.1852],[-84.3301,34.185],[-84.3304,34.1849],[-84.3306,34.1847],[-84.3307,34.1847],[-84.3309,34.1846],[-84.331,34.1844],[-84.3311,34.1844],[-84.3312,34.1842],[-84.3313,34.1841],[-84.3315,34.1839],[-84.3317,34.1838],[-84.3317,34.1837],[-84.3318,34.1837],[-84.3319,34.1836],[-84.332,34.1836],[-84.3321,34.1835],[-84.3322,34.1835],[-84.3322,34.1834],[-84.3322,34.1833],[-84.3323,34.1832],[-84.3323,34.1831],[-84.3324,34.1831],[-84.3324,34.183],[-84.3328,34.1828],[-84.3329,34.1826],[-84.3331,34.1826],[-84.3332,34.1826],[-84.3332,34.1825],[-84.3334,34.1824],[-84.3335,34.1822],[-84.3337,34.1821],[-84.334,34.1819],[-84.3342,34.1818],[-84.3343,34.1816],[-84.3344,34.1815],[-84.3345,34.1815],[-84.3345,34.1814],[-84.3345,34.1813],[-84.3347,34.1812],[-84.3348,34.1811],[-84.3349,34.1811],[-84.3349,34.181],[-84.3349,34.1809],[-84.335,34.1808],[-84.3351,34.1808],[-84.3352,34.1808],[-84.3353,34.1808],[-84.3354,34.1808],[-84.3355,34.1806],[-84.3356,34.1805],[-84.3357,34.1803],[-84.3358,34.1802],[-84.3359,34.1802],[-84.3359,34.1801],[-84.3361,34.18],[-84.3362,34.1798],[-84.3362,34.1797],[-84.3363,34.1796],[-84.3365,34.1794],[-84.3365,34.1793],[-84.3367,34.1793],[-84.3371,34.179],[-84.3371,34.1789],[-84.3373,34.1787],[-84.3376,34.1785],[-84.3376,34.1785],[-84.3378,34.1783],[-84.3379,34.1782],[-84.3379,34.1782],[-84.338,34.1781],[-84.3382,34.178],[-84.3387,34.178],[-84.3389,34.178],[-84.3392,34.1779],[-84.3394,34.1779],[-84.3396,34.1779],[-84.3396,34.178],[-84.3398,34.178],[-84.34,34.178],[-84.3401,34.178],[-84.3402,34.1779],[-84.3405,34.1779],[-84.3406,34.1778],[-84.3408,34.1777],[-84.341,34.1777],[-84.3411,34.1777],[-84.3412,34.1776],[-84.3413,34.1775],[-84.3414,34.1774],[-84.3414,34.1773],[-84.3415,34.1772],[-84.3416,34.1771],[-84.3417,34.177],[-84.3417,34.1769],[-84.3418,34.1768],[-84.3418,34.1768],[-84.3418,34.1768],[-84.3419,34.1767],[-84.3419,34.1766],[-84.342,34.1766],[-84.3422,34.1764],[-84.3424,34.1763],[-84.3425,34.1762],[-84.3426,34.1762],[-84.3427,34.1762],[-84.3428,34.1761],[-84.3429,34.1761],[-84.343,34.1761],[-84.3432,34.1761],[-84.3433,34.1761],[-84.3437,34.1762],[-84.344,34.1763],[-84.3446,34.1764],[-84.3449,34.1764],[-84.3453,34.1765],[-84.3455,34.1764],[-84.3456,34.1763],[-84.3458,34.1762],[-84.3459,34.1761],[-84.346,34.1761],[-84.3461,34.176],[-84.3461,34.176],[-84.3461,34.176],[-84.3462,34.176],[-84.3464,34.176],[-84.3468,34.1759],[-84.347,34.1759],[-84.3471,34.176],[-84.3472,34.176],[-84.3476,34.1761],[-84.3481,34.1761],[-84.3484,34.1762],[-84.3485,34.1762],[-84.3489,34.1763],[-84.3493,34.1764],[-84.3496,34.1765],[-84.3501,34.1765],[-84.3506,34.1766],[-84.3507,34.1766],[-84.3512,34.1767],[-84.3513,34.1767],[-84.3515,34.1767],[-84.3516,34.1768],[-84.3518,34.1768],[-84.3518,34.1768],[-84.3519,34.1769],[-84.3521,34.1768],[-84.3522,34.1768],[-84.3523,34.1767],[-84.3523,34.1767],[-84.3524,34.1766],[-84.3525,34.1764],[-84.3525,34.1763],[-84.3526,34.1762],[-84.3527,34.1761],[-84.3529,34.1759],[-84.353,34.1759],[-84.3531,34.1758],[-84.3534,34.1757],[-84.3534,34.1756],[-84.3536,34.1755],[-84.3538,34.1753],[-84.3539,34.1752],[-84.3541,34.175],[-84.3542,34.1749],[-84.3543,34.1748],[-84.3544,34.1746],[-84.3544,34.1744],[-84.3546,34.1741],[-84.3547,34.1739],[-84.3547,34.1737],[-84.3547,34.1737],[-84.3547,34.1736],[-84.3548,34.1734],[-84.3548,34.1731],[-84.3549,34.1728],[-84.3549,34.1727],[-84.355,34.1724],[-84.355,34.1722],[-84.355,34.1722],[-84.3551,34.172],[-84.3551,34.1719],[-84.3551,34.1717],[-84.3552,34.1715],[-84.3553,34.1713],[-84.3554,34.171],[-84.3554,34.1709],[-84.3555,34.1707],[-84.3557,34.1703],[-84.3557,34.1702],[-84.3557,34.1701],[-84.3558,34.1699],[-84.3558,34.1696],[-84.3559,34.1694],[-84.3559,34.1693],[-84.3559,34.1692],[-84.356,34.169],[-84.356,34.1689],[-84.3561,34.1687],[-84.3563,34.1683],[-84.3563,34.1681],[-84.3565,34.1677],[-84.3566,34.1675],[-84.3569,34.1672],[-84.357,34.167],[-84.357,34.1669],[-84.3572,34.1668],[-84.3573,34.1666],[-84.3574,34.1664],[-84.3574,34.1663],[-84.3574,34.1662],[-84.3574,34.1661],[-84.3576,34.166],[-84.3579,34.1656],[-84.358,34.1654],[-84.3582,34.1651],[-84.3584,34.1647],[-84.3586,34.1645],[-84.3587,34.1643],[-84.3588,34.1642],[-84.3592,34.1639],[-84.3593,34.1637],[-84.3594,34.1636],[-84.3596,34.1634],[-84.3596,34.1632],[-84.3598,34.1631],[-84.3602,34.1628],[-84.3603,34.1627],[-84.3605,34.1623],[-84.3606,34.162],[-84.3606,34.162],[-84.3606,34.1619],[-84.3605,34.1618],[-84.3605,34.1615],[-84.3604,34.1613],[-84.3604,34.1613],[-84.3603,34.1611],[-84.3601,34.1608],[-84.36,34.1606],[-84.3598,34.1604],[-84.3598,34.1602],[-84.3595,34.1597],[-84.3595,34.1597],[-84.3595,34.1596],[-84.3594,34.1595],[-84.3591,34.1585],[-84.3591,34.1582],[-84.3591,34.158],[-84.359,34.1578],[-84.3589,34.1577],[-84.3584,34.1571],[-84.3582,34.1568],[-84.3581,34.1568],[-84.358,34.1567],[-84.358,34.1566],[-84.358,34.1566],[-84.3578,34.1564],[-84.3578,34.1563],[-84.3577,34.1561],[-84.3576,34.156],[-84.3575,34.1559],[-84.3574,34.1558],[-84.3573,34.1556],[-84.3571,34.1555],[-84.357,34.1553],[-84.3569,34.1551],[-84.3569,34.155],[-84.3568,34.1548],[-84.3568,34.1547],[-84.3569,34.1546],[-84.3569,34.1544],[-84.357,34.1542],[-84.3571,34.154],[-84.3572,34.1538],[-84.3573,34.1537],[-84.3575,34.1535],[-84.3576,34.1535],[-84.358,34.1533],[-84.3582,34.1532],[-84.3585,34.1532],[-84.3588,34.1532],[-84.3592,34.1532],[-84.3593,34.1531],[-84.3594,34.1531],[-84.3595,34.1531],[-84.3597,34.1531],[-84.3598,34.153],[-84.3599,34.1528],[-84.3601,34.1526],[-84.3601,34.1525],[-84.3602,34.1523],[-84.3603,34.152],[-84.3603,34.1514],[-84.3602,34.1511],[-84.3602,34.1508],[-84.36,34.1505],[-84.3598,34.1503],[-84.3597,34.1502],[-84.3596,34.15],[-84.3594,34.1496],[-84.3592,34.1494],[-84.3591,34.1492],[-84.359,34.1489],[-84.3589,34.1487],[-84.3588,34.1486],[-84.3588,34.1481],[-84.3588,34.1479],[-84.3589,34.1477],[-84.3589,34.1476],[-84.3592,34.1474],[-84.3594,34.1472],[-84.3597,34.1468],[-84.3599,34.1465],[-84.3601,34.1461],[-84.3601,34.1459],[-84.3602,34.1456],[-84.3601,34.1449],[-84.3601,34.1445],[-84.36,34.1437],[-84.3599,34.1435],[-84.3599,34.1434],[-84.3599,34.1432],[-84.3597,34.1429],[-84.3597,34.1428],[-84.3596,34.1427],[-84.3595,34.1426],[-84.3594,34.1424],[-84.3593,34.1422],[-84.3591,34.1419],[-84.359,34.1417],[-84.359,34.1416],[-84.3589,34.1414],[-84.3588,34.1412],[-84.3588,34.1409],[-84.3589,34.1407],[-84.359,34.1405],[-84.3591,34.1402],[-84.3592,34.14],[-84.3592,34.1397],[-84.3592,34.1395],[-84.3593,34.1393],[-84.3593,34.1391],[-84.3594,34.139],[-84.3595,34.1386],[-84.3597,34.1383],[-84.3599,34.1382],[-84.36,34.138],[-84.3602,34.1379],[-84.3604,34.1378],[-84.3606,34.1377],[-84.3608,34.1375],[-84.3612,34.1373],[-84.3613,34.1371],[-84.3613,34.1371]]]}},{"type":"Feature","id":"13121011615","properties":{"GEOID":"13121011615","NAME":"Census Tract 116.15","AREALAND":20189177},"geometry":{"type":"Polygon","coordinates":[[[-84.3321,34.1046],[-84.3321,34.1045],[-84.332,34.1043],[-84.332,34.1041],[-84.3319,34.104],[-84.3318,34.1039],[-84.3317,34.1037],[-84.3316,34.1036],[-84.3309,34.1033],[-84.3307,34.1031],[-84.3306,34.103],[-84.3305,34.1029],[-84.3304,34.1027],[-84.3304,34.1026],[-84.3303,34.1024],[-84.3303,34.1021],[-84.3304,34.1013],[-84.3305,34.097],[-84.3305,34.0968],[-84.3305,34.0967],[-84.3305,34.0963],[-84.3305,34.0963],[-84.3304,34.0961],[-84.3304,34.0959],[-84.3304,34.0958],[-84.3301,34.0959],[-84.3298,34.096],[-84.3298,34.096],[-84.3294,34.0961],[-84.3291,34.0961],[-84.3283,34.0961],[-84.3281,34.0961],[-84.3275,34.0961],[-84.3269,34.096],[-84.3262,34.0959],[-84.3219,34.0953],[-84.3218,34.0953],[-84.3218,34.0953],[-84.3216,34.0953],[-84.3213,34.0952],[-84.3205,34.0951],[-84.3202,34.0951],[-84.3198,34.095],[-84.3197,34.095],[-84.3191,34.0949],[-84.3182,34.0948],[-84.3175,34.0947],[-84.317,34.0946],[-84.3165,34.0946],[-84.3164,34.0946],[-84.3157,34.0945],[-84.3153,34.0944],[-84.315,34.0943],[-84.3148,34.0943],[-84.3146,34.0942],[-84.3144,34.0941],[-84.3143,34.094],[-84.3141,34.0939],[-84.314,34.0938],[-84.3139,34.0937],[-84.3137,34.0934],[-84.3135,34.0932],[-84.3131,34.0922],[-84.3126,34.091],[-84.3125,34.0909],[-84.3123,34.0904],[-84.3121,34.0901],[-84.3119,34.09],[-84.3118,34.0899],[-84.3115,34.0895],[-84.3109,34.089],[-84.3106,34.0888],[-84.3103,34.0886],[-84.3103,34.0886],[-84.31,34.0884],[-84.3099,34.0884],[-84.3092,34.0881],[-84.309,34.088],[-84.308,34.0877],[-84.3077,34.0875],[-84.3075,34.0874],[-84.3075,34.0874],[-84.3073,34.0872],[-84.3071,34.087],[-84.307,34.0869],[-84.3067,34.0867],[-84.3065,34.0866],[-84.3055,34.086],[-84.3052,34.0859],[-84.3045,34.0854],[-84.304,34.0851],[-84.3034,34.0847],[-84.3033,34.0846],[-84.3031,34.0845],[-84.3026,34.0842],[-84.3021,34.0839],[-84.3005,34.083],[-84.2998,34.0826],[-84.299,34.0821],[-84.2988,34.082],[-84.2985,34.0819],[-84.2982,34.0818],[-84.298,34.0817],[-84.2973,34.0815],[-84.2973,34.0813],[-84.2974,34.0811],[-84.2974,34.0808],[-84.2974,34.0806],[-84.2973,34.0803],[-84.2972,34.08],[-84.2968,34.0784],[-84.2966,34.0776],[-84.2965,34.0774],[-84.2965,34.0772],[-84.2963,34.0771],[-84.2952,34.0762],[-84.2951,34.0761],[-84.2951,34.076],[-84.2951,34.0759],[-84.2951,34.0756],[-84.2945,34.0756],[-84.2945,34.076],[-84.2945,34.0775],[-84.2944,34.078],[-84.2945,34.0785],[-84.2946,34.0799],[-84.2947,34.0812],[-84.2948,34.0825],[-84.2952,34.0869],[-84.2952,34.0873],[-84.2952,34.0875],[-84.2952,34.0877],[-84.2952,34.0879],[-84.2951,34.0882],[-84.295,34.0884],[-84.295,34.0886],[-84.2949,34.0888],[-84.2948,34.089],[-84.2947,34.0892],[-84.2945,34.0893],[-84.2944,34.0895],[-84.2943,34.0897],[-84.2941,34.0899],[-84.2939,34.09],[-84.2939,34.09],[-84.2933,34.0905],[-84.2931,34.0907],[-84.2928,34.0908],[-84.2924,34.091],[-84.2922,34.0911],[-84.292,34.0912],[-84.2919,34.0912],[-84.2917,34.0913],[-84.2916,34.0913],[-84.2914,34.0914],[-84.2912,34.0914],[-84.2905,34.0916],[-84.29,34.0917],[-84.2895,34.0918],[-84.2887,34.092],[-84.2881,34.0921],[-84.2875,34.0922],[-84.2869,34.0922],[-84.2867,34.0922],[-84.2863,34.0922],[-84.2856,34.0922],[-84.2834,34.0921],[-84.283,34.0922],[-84.2826,34.0922],[-84.2823,34.0923],[-84.282,34.0924],[-84.2817,34.0925],[-84.2814,34.0926],[-84.2811,34.0928],[-84.2795,34.0938],[-84.2794,34.0938],[-84.2788,34.0942],[-84.2787,34.0943],[-84.2787,34.0943],[-84.2785,34.0944],[-84.2783,34.0945],[-84.2776,34.0948],[-84.2771,34.095],[-84.2768,34.0951],[-84.2765,34.0952],[-84.2744,34.0957],[-84.2741,34.0958],[-84.2738,34.096],[-84.2735,34.0961],[-84.2733,34.0962],[-84.2732,34.0964],[-84.273,34.0965],[-84.2729,34.0967],[-84.2718,34.098],[-84.2717,34.0981],[-84.2716,34.0982],[-84.2714,34.0985],[-84.2714,34.0985],[-84.2712,34.0989],[-84.271,34.0994],[-84.2709,34.0996],[-84.2709,34.0998],[-84.2708,34.1],[-84.2706,34.1013],[-84.2704,34.1019],[-84.2701,34.1036],[-84.2698,34.1048],[-84.2696,34.106],[-84.2695,34.1062],[-84.2695,34.1065],[-84.2694,34.1066],[-84.2694,34.107],[-84.2691,34.1084],[-84.269,34.1087],[-84.2689,34.1092],[-84.2689,34.1097],[-84.2689,34.1102],[-84.269,34.1106],[-84.269,34.1107],[-84.2691,34.1122],[-84.2691,34.1132],[-84.2692,34.114],[-84.2693,34.1148],[-84.2699,34.1179],[-84.27,34.1184],[-84.2701,34.1188],[-84.2704,34.1207],[-84.2705,34.121],[-84.2705,34.1213],[-84.2705,34.1217],[-84.2705,34.1221],[-84.2704,34.1235],[-84.2703,34.1238],[-84.2703,34.124],[-84.2702,34.1242],[-84.27,34.1245],[-84.2699,34.1247],[-84.2697,34.1249],[-84.2695,34.1251],[-84.2693,34.1253],[-84.269,34.1255],[-84.2686,34.1257],[-84.2683,34.1258],[-84.2679,34.1259],[-84.2677,34.1259],[-84.2672,34.126],[-84.2664,34.126],[-84.2664,34.1267],[-84.2663,34.1267],[-84.2663,34.1266],[-84.2663,34.1261],[-84.2663,34.1261],[-84.2649,34.1261],[-84.2644,34.1261],[-84.264,34.1262],[-84.2633,34.1263],[-84.2621,34.1266],[-84.2615,34.1267],[-84.259,34.1272],[-84.2589,34.1272],[-84.2589,34.1274],[-84.2589,34.1275],[-84.2589,34.1279],[-84.2589,34.1289],[-84.2589,34.1294],[-84.2589,34.1326],[-84.2589,34.135],[-84.2589,34.1355],[-84.2589,34.1365],[-84.2589,34.1366],[-84.2589,34.1366],[-84.2589,34.1366],[-84.259,34.1366],[-84.2592,34.1365],[-84.2592,34.1365],[-84.2593,34.1365],[-84.2594,34.1364],[-84.2596,34.1364],[-84.2597,34.1363],[-84.2599,34.1363],[-84.2602,34.1361],[-84.2603,34.136],[-84.2604,34.1359],[-84.2606,34.1358],[-84.2607,34.1358],[-84.2608,34.1357],[-84.261,34.1357],[-84.2612,34.1356],[-84.2615,34.1356],[-84.2617,34.1355],[-84.2618,34.1355],[-84.2625,34.1355],[-84.2629,34.1355],[-84.2631,34.1355],[-84.2632,34.1355],[-84.2634,34.1355],[-84.2635,34.1355],[-84.2636,34.1355],[-84.2638,34.1356],[-84.264,34.1357],[-84.2641,34.1357],[-84.2642,34.1357],[-84.2643,34.1358],[-84.2644,34.1359],[-84.2645,34.136],[-84.2646,34.136],[-84.2647,34.136],[-84.2651,34.136],[-84.2652,34.136],[-84.2652,34.1359],[-84.2653,34.1358],[-84.2653,34.1357],[-84.2653,34.1357],[-84.2654,34.1356],[-84.2655,34.1355],[-84.2656,34.1355],[-84.2657,34.1354],[-84.2658,34.1354],[-84.2658,34.1353],[-84.266,34.1352],[-84.2661,34.1352],[-84.2661,34.1351],[-84.2662,34.135],[-84.2663,34.1349],[-84.2664,34.1349],[-84.2665,34.1349],[-84.2666,34.1349],[-84.2667,34.1349],[-84.2668,34.1349],[-84.2669,34.1348],[-84.267,34.1348],[-84.2671,34.1348],[-84.2673,34.1348],[-84.2674,34.1348],[-84.2675,34.1348],[-84.2676,34.1348],[-84.2677,34.1348],[-84.2678,34.1347],[-84.268,34.1347],[-84.2682,34.1347],[-84.2683,34.1347],[-84.2684,34.1347],[-84.2685,34.1347],[-84.2686,34.1347],[-84.2687,34.1348],[-84.2688,34.1348],[-84.2689,34.1349],[-84.2689,34.1349],[-84.269,34.135],[-84.2691,34.1351],[-84.2692,34.1351],[-84.2692,34.1352],[-84.2693,34.1352],[-84.2694,34.1353],[-84.2695,34.1354],[-84.2696,34.1354],[-84.2696,34.1355],[-84.2697,34.1356],[-84.2698,34.1356],[-84.2698,34.1357],[-84.2701,34.1358],[-84.2702,34.1359],[-84.2702,34.136],[-84.2703,34.1361],[-84.2703,34.1362],[-84.2703,34.1362],[-84.2704,34.1363],[-84.2704,34.1365],[-84.2705,34.1366],[-84.2706,34.1367],[-84.2708,34.1369],[-84.2709,34.137],[-84.271,34.137],[-84.2711,34.1371],[-84.2712,34.1371],[-84.2713,34.137],[-84.2714,34.137],[-84.2716,34.1369],[-84.2716,34.1368],[-84.2717,34.1368],[-84.272,34.1366],[-84.2721,34.1365],[-84.2722,34.1365],[-84.2723,34.1365],[-84.2724,34.1365],[-84.2727,34.1365],[-84.2728,34.1365],[-84.2729,34.1365],[-84.273,34.1365],[-84.2731,34.1365],[-84.2732,34.1364],[-84.2733,34.1364],[-84.2734,34.1363],[-84.2735,34.1363],[-84.2735,34.1363],[-84.2736,34.1362],[-84.2736,34.1362],[-84.2737,34.1361],[-84.2739,34.1358],[-84.274,34.1357],[-84.2741,34.1355],[-84.2741,34.1355],[-84.2742,34.1354],[-84.2743,34.1353],[-84.2743,34.1353],[-84.2745,34.1351],[-84.2746,34.1351],[-84.2747,34.135],[-84.2748,34.135],[-84.2748,34.1349],[-84.2749,34.1349],[-84.275,34.1348],[-84.2754,34.1346],[-84.2755,34.1346],[-84.2756,34.1345],[-84.2756,34.1345],[-84.2757,34.1344],[-84.2758,34.1343],[-84.2758,34.1343],[-84.2759,34.1342],[-84.276,34.1341],[-84.2761,34.1341],[-84.2762,34.1341],[-84.2763,34.1341],[-84.2764,34.1341],[-84.2765,34.1341],[-84.2766,34.1341],[-84.2767,34.1342],[-84.2769,34.1342],[-84.277,34.1341],[-84.2771,34.1342],[-84.2773,34.1342],[-84.2778,34.1341],[-84.2779,34.1341],[-84.2781,34.1341],[-84.2783,34.134],[-84.2785,34.134],[-84.2786,34.134],[-84.2787,34.134],[-84.2788,34.134],[-84.2789,34.1339],[-84.279,34.1339],[-84.2791,34.1338],[-84.2795,34.1337],[-84.2797,34.1336],[-84.2798,34.1336],[-84.28,34.1337],[-84.2801,34.1337],[-84.2802,34.1337],[-84.2803,34.1337],[-84.2804,34.1336],[-84.2806,34.1336],[-84.2808,34.1335],[-84.281,34.1334],[-84.2811,34.1333],[-84.2811,34.1333],[-84.2813,34.1332],[-84.2815,34.1331],[-84.2815,34.133],[-84.2816,34.1329],[-84.2816,34.1328],[-84.2817,34.1327],[-84.2818,34.1327],[-84.2818,34.1326],[-84.2819,34.1325],[-84.2819,34.1324],[-84.2819,34.1323],[-84.282,34.1323],[-84.2821,34.1322],[-84.2821,34.1322],[-84.2821,34.1321],[-84.2822,34.132],[-84.2822,34.132],[-84.2823,34.1319],[-84.2824,34.1318],[-84.2825,34.1318],[-84.2826,34.1317],[-84.2827,34.1317],[-84.283,34.1316],[-84.2831,34.1316],[-84.2832,34.1316],[-84.2833,34.1315],[-84.2834,34.1315],[-84.2834,34.1314],[-84.2835,34.1313],[-84.2836,34.1313],[-84.284,34.131],[-84.2842,34.1309],[-84.2843,34.1308],[-84.2844,34.1307],[-84.2844,34.1306],[-84.2845,34.1305],[-84.2846,34.1305],[-84.2854,34.1301],[-84.2855,34.13],[-84.2856,34.1299],[-84.2856,34.1299],[-84.2857,34.1298],[-84.2858,34.1297],[-84.2859,34.1296],[-84.286,34.1296],[-84.2862,34.1293],[-84.2863,34.1293],[-84.2863,34.1292],[-84.2864,34.1291],[-84.2867,34.1288],[-84.2869,34.1287],[-84.2869,34.1286],[-84.2871,34.1285],[-84.2872,34.1284],[-84.2873,34.1284],[-84.2877,34.1282],[-84.2879,34.1281],[-84.2881,34.1281],[-84.2886,34.1279],[-84.2887,34.1279],[-84.2889,34.1279],[-84.289,34.1279],[-84.2891,34.1278],[-84.2892,34.1278],[-84.2892,34.1277],[-84.2893,34.1277],[-84.2897,34.1274],[-84.2898,34.1274],[-84.2899,34.1274],[-84.29,34.1274],[-84.2901,34.1273],[-84.2902,34.1273],[-84.2902,34.1273],[-84.2903,34.1273],[-84.2908,34.1275],[-84.2909,34.1275],[-84.291,34.1276],[-84.2912,34.1276],[-84.2914,34.1277],[-84.2916,34.1277],[-84.2918,34.1277],[-84.2919,34.1277],[-84.2922,34.1277],[-84.2924,34.1277],[-84.2925,34.1276],[-84.2927,34.1276],[-84.2928,34.1276],[-84.293,34.1275],[-84.2932,34.1274],[-84.2933,34.1274],[-84.2934,34.1274],[-84.2935,34.1274],[-84.2936,34.1274],[-84.2937,34.1274],[-84.2938,34.1275],[-84.2939,34.1275],[-84.2939,34.1276],[-84.294,34.1277],[-84.2941,34.1278],[-84.2943,34.128],[-84.2944,34.1281],[-84.2945,34.1281],[-84.2946,34.1282],[-84.2947,34.1282],[-84.2948,34.1283],[-84.2949,34.1283],[-84.295,34.1283],[-84.2952,34.1284],[-84.2954,34.1284],[-84.2956,34.1284],[-84.2961,34.1284],[-84.2964,34.1284],[-84.2965,34.1285],[-84.2966,34.1285],[-84.2967,34.1285],[-84.2968,34.1285],[-84.297,34.1285],[-84.2972,34.1285],[-84.2974,34.1285],[-84.2977,34.1285],[-84.298,34.1285],[-84.2981,34.1285],[-84.2982,34.1285],[-84.2983,34.1285],[-84.2985,34.1285],[-84.2986,34.1285],[-84.2987,34.1285],[-84.2988,34.1284],[-84.299,34.1284],[-84.2991,34.1284],[-84.2994,34.1283],[-84.2996,34.1283],[-84.2997,34.1283],[-84.2998,34.1283],[-84.2999,34.1284],[-84.3,34.1284],[-84.3002,34.1285],[-84.3002,34.1284],[-84.3007,34.128],[-84.3009,34.1278],[-84.301,34.1276],[-84.3011,34.1275],[-84.3013,34.1273],[-84.3014,34.1271],[-84.3015,34.1269],[-84.3016,34.1265],[-84.3017,34.1262],[-84.3017,34.1259],[-84.3017,34.1256],[-84.3017,34.1253],[-84.3016,34.1245],[-84.3016,34.1241],[-84.3015,34.1237],[-84.3014,34.1235],[-84.3013,34.1233],[-84.3012,34.123],[-84.301,34.1228],[-84.3008,34.1225],[-84.3005,34.1223],[-84.3004,34.1222],[-84.3001,34.122],[-84.2992,34.1214],[-84.299,34.1213],[-84.2986,34.121],[-84.2983,34.1207],[-84.298,34.1205],[-84.2978,34.1203],[-84.2974,34.1198],[-84.297,34.1193],[-84.2965,34.1187],[-84.2961,34.1183],[-84.2954,34.1176],[-84.2952,34.1174],[-84.296,34.1173],[-84.2963,34.1173],[-84.2965,34.1173],[-84.2967,34.1172],[-84.297,34.1172],[-84.2984,34.1167],[-84.299,34.1165],[-84.2992,34.1165],[-84.2995,34.1165],[-84.2998,34.1164],[-84.3,34.1164],[-84.3003,34.1165],[-84.3006,34.1165],[-84.3019,34.1168],[-84.3051,34.1174],[-84.307,34.1179],[-84.3074,34.1175],[-84.3083,34.1168],[-84.3085,34.1166],[-84.3089,34.1163],[-84.3093,34.1161],[-84.3096,34.116],[-84.3098,34.1159],[-84.3103,34.1158],[-84.3109,34.1156],[-84.3142,34.1149],[-84.3144,34.1148],[-84.3146,34.1147],[-84.3147,34.1146],[-84.3155,34.1139],[-84.3157,34.1137],[-84.3158,34.1135],[-84.316,34.1133],[-84.3161,34.113],[-84.3162,34.1128],[-84.3165,34.1123],[-84.3168,34.1123],[-84.317,34.1124],[-84.3172,34.1124],[-84.3174,34.1125],[-84.3177,34.1125],[-84.3183,34.1126],[-84.3185,34.1127],[-84.3187,34.1127],[-84.3189,34.1127],[-84.3195,34.1128],[-84.3199,34.1129],[-84.3202,34.1129],[-84.3204,34.1131],[-84.3205,34.1131],[-84.3208,34.1133],[-84.321,34.1134],[-84.3211,34.1135],[-84.3212,34.1135],[-84.3212,34.1135],[-84.3213,34.1135],[-84.3214,34.1136],[-84.3215,34.1136],[-84.3217,34.1136],[-84.3218,34.1135],[-84.3219,34.1135],[-84.3224,34.1134],[-84.3224,34.1133],[-84.3234,34.113],[-84.3241,34.1127],[-84.3249,34.1124],[-84.3261,34.1124],[-84.3265,34.1125],[-84.3269,34.1124],[-84.3273,34.1123],[-84.3277,34.1122],[-84.328,34.112],[-84.3284,34.1118],[-84.3287,34.1116],[-84.3288,34.1115],[-84.3292,34.1112],[-84.3294,34.1112],[-84.3295,34.1111],[-84.3299,34.1111],[-84.3303,34.1105],[-84.3304,34.1103],[-84.3306,34.11],[-84.3307,34.1097],[-84.3309,34.1094],[-84.3309,34.1092],[-84.331,34.1091],[-84.331,34.1088],[-84.3311,34.1081],[-84.3311,34.108],[-84.3311,34.1079],[-84.3311,34.1077],[-84.3312,34.1075],[-84.3312,34.1074],[-84.3316,34.1065],[-84.3317,34.1061],[-84.3317,34.1059],[-84.332,34.1047],[-84.3321,34.1046]]]}},{"type":"Feature","id":"13121011503","properties":{"GEOID":"13121011503","NAME":"Census Tract 115.03","AREALAND":30550275},"geometry":{"type":"Polygon","coordinates":[[[-84.4186,34.0968],[-84.4186,34.0966],[-84.4183,34.0966],[-84.4175,34.0966],[-84.4122,34.0968],[-84.4119,34.0968],[-84.4116,34.0968],[-84.4114,34.0967],[-84.4112,34.0967],[-84.4109,34.0967],[-84.4107,34.0966],[-84.4105,34.0965],[-84.4102,34.0964],[-84.4099,34.0963],[-84.4098,34.0962],[-84.4096,34.0961],[-84.4094,34.0959],[-84.4092,34.0957],[-84.409,34.0956],[-84.4088,34.0953],[-84.4079,34.0942],[-84.4078,34.0941],[-84.4076,34.094],[-84.4075,34.0939],[-84.4074,34.0938],[-84.4071,34.0936],[-84.4068,34.0935],[-84.4047,34.093],[-84.4045,34.093],[-84.4043,34.093],[-84.4038,34.0928],[-84.4034,34.0927],[-84.4028,34.0924],[-84.4024,34.0922],[-84.4022,34.0921],[-84.4017,34.0919],[-84.4008,34.0913],[-84.4003,34.091],[-84.4,34.0908],[-84.3996,34.0907],[-84.3993,34.0906],[-84.399,34.0905],[-84.3987,34.0905],[-84.3971,34.0903],[-84.3962,34.0902],[-84.396,34.0902],[-84.396,34.0902],[-84.3958,34.0902],[-84.3956,34.0902],[-84.3947,34.0904],[-84.3946,34.0904],[-84.3944,34.0905],[-84.3941,34.0905],[-84.3939,34.0904],[-84.3936,34.0904],[-84.3913,34.0898],[-84.391,34.0897],[-84.3907,34.0897],[-84.3904,34.0896],[-84.39,34.0896],[-84.3892,34.0895],[-84.388,34.0894],[-84.3873,34.0894],[-84.3867,34.0893],[-84.3861,34.0893],[-84.3857,34.0892],[-84.3846,34.0892],[-84.3827,34.0892],[-84.382,34.0892],[-84.3806,34.0891],[-84.3804,34.0891],[-84.3801,34.0892],[-84.3799,34.0892],[-84.3797,34.0892],[-84.3795,34.0892],[-84.3791,34.0893],[-84.3788,34.0895],[-84.3773,34.0901],[-84.3772,34.0902],[-84.3761,34.0907],[-84.3753,34.091],[-84.3749,34.0912],[-84.3747,34.0914],[-84.3742,34.0917],[-84.3738,34.092],[-84.3729,34.0926],[-84.3728,34.0927],[-84.3726,34.0929],[-84.3725,34.0931],[-84.372,34.0937],[-84.3719,34.0938],[-84.3718,34.0939],[-84.3717,34.094],[-84.3714,34.0942],[-84.3713,34.0941],[-84.3713,34.0941],[-84.3711,34.0939],[-84.371,34.0938],[-84.371,34.0937],[-84.3709,34.0936],[-84.3709,34.0935],[-84.3709,34.0935],[-84.3709,34.0935],[-84.3709,34.0933],[-84.3709,34.0931],[-84.3709,34.0919],[-84.3708,34.0917],[-84.3708,34.0915],[-84.3707,34.0913],[-84.3704,34.0904],[-84.3703,34.0901],[-84.3703,34.0899],[-84.3702,34.0897],[-84.3703,34.089],[-84.3694,34.089],[-84.3673,34.089],[-84.3667,34.089],[-84.3665,34.089],[-84.366,34.089],[-84.3657,34.089],[-84.3647,34.089],[-84.3624,34.089],[-84.3621,34.089],[-84.3619,34.0889],[-84.3618,34.0889],[-84.3608,34.0888],[-84.3604,34.0883],[-84.3602,34.088],[-84.3601,34.0879],[-84.3601,34.0876],[-84.3596,34.0864],[-84.3596,34.0862],[-84.3595,34.0859],[-84.3594,34.0857],[-84.3593,34.0856],[-84.3592,34.0854],[-84.3592,34.0854],[-84.3592,34.0853],[-84.3591,34.0852],[-84.3586,34.0843],[-84.3585,34.0842],[-84.3584,34.084],[-84.3581,34.0834],[-84.3576,34.0826],[-84.3573,34.082],[-84.3572,34.0819],[-84.3569,34.0812],[-84.3565,34.08],[-84.3562,34.0793],[-84.3562,34.0791],[-84.3561,34.0791],[-84.356,34.0787],[-84.3559,34.0786],[-84.3558,34.0784],[-84.3557,34.0783],[-84.3554,34.0777],[-84.3539,34.0777],[-84.3534,34.0777],[-84.3526,34.0777],[-84.352,34.0777],[-84.3515,34.0777],[-84.3507,34.0777],[-84.3495,34.0777],[-84.3488,34.0777],[-84.3487,34.0777],[-84.3484,34.0777],[-84.348,34.0777],[-84.3477,34.0776],[-84.3474,34.0776],[-84.3466,34.0776],[-84.3464,34.0776],[-84.3462,34.0776],[-84.3459,34.0776],[-84.3456,34.0777],[-84.3453,34.0778],[-84.3452,34.0778],[-84.3449,34.0779],[-84.3444,34.0781],[-84.3435,34.0786],[-84.3433,34.0786],[-84.3433,34.0786],[-84.343,34.0787],[-84.3427,34.0788],[-84.3425,34.0788],[-84.3423,34.0788],[-84.3419,34.0788],[-84.3417,34.0788],[-84.3416,34.0788],[-84.3415,34.0787],[-84.3412,34.0787],[-84.34,34.0784],[-84.3395,34.0783],[-84.3391,34.0782],[-84.3386,34.078],[-84.3378,34.0778],[-84.3365,34.0773],[-84.3358,34.0771],[-84.3357,34.0771],[-84.3352,34.077],[-84.3345,34.0768],[-84.3342,34.0767],[-84.3337,34.0767],[-84.3329,34.0766],[-84.3322,34.0765],[-84.3318,34.0764],[-84.3306,34.0762],[-84.3291,34.0759],[-84.3289,34.0758],[-84.3284,34.0757],[-84.3278,34.0756],[-84.3275,34.0755],[-84.3269,34.0761],[-84.3264,34.0763],[-84.3256,34.0767],[-84.325,34.0771],[-84.3245,34.0776],[-84.3239,34.0785],[-84.3237,34.0791],[-84.3235,34.0792],[-84.3234,34.0791],[-84.3232,34.0791],[-84.3231,34.0792],[-84.3227,34.0793],[-84.3226,34.0793],[-84.3223,34.0794],[-84.3218,34.0795],[-84.3215,34.0796],[-84.3212,34.0797],[-84.3209,34.0797],[-84.3208,34.0798],[-84.3207,34.0798],[-84.3206,34.0798],[-84.3203,34.0799],[-84.3202,34.08],[-84.32,34.0802],[-84.3198,34.0802],[-84.3197,34.0803],[-84.3197,34.0803],[-84.3195,34.0804],[-84.3194,34.0805],[-84.3193,34.0806],[-84.3193,34.0806],[-84.3192,34.0807],[-84.3189,34.0808],[-84.3188,34.0809],[-84.3186,34.0809],[-84.3186,34.081],[-84.3184,34.081],[-84.3183,34.081],[-84.3182,34.0811],[-84.3179,34.0811],[-84.3176,34.0811],[-84.3173,34.0811],[-84.3168,34.0812],[-84.3165,34.0812],[-84.3162,34.0812],[-84.3161,34.0812],[-84.3156,34.0812],[-84.3153,34.0813],[-84.315,34.0813],[-84.3145,34.0814],[-84.3142,34.0815],[-84.3137,34.0816],[-84.3146,34.0824],[-84.3147,34.0825],[-84.3148,34.0826],[-84.315,34.0826],[-84.3151,34.0827],[-84.3154,34.0828],[-84.3156,34.0829],[-84.3158,34.083],[-84.316,34.083],[-84.3163,34.083],[-84.3165,34.083],[-84.3167,34.083],[-84.3173,34.0829],[-84.3183,34.0827],[-84.3184,34.0827],[-84.319,34.0826],[-84.3193,34.0826],[-84.3194,34.0826],[-84.3199,34.0825],[-84.3204,34.0826],[-84.3208,34.0826],[-84.321,34.0827],[-84.321,34.0827],[-84.3212,34.0827],[-84.3214,34.0828],[-84.3215,34.0829],[-84.3216,34.083],[-84.3218,34.0831],[-84.3219,34.0832],[-84.3221,34.0833],[-84.3233,34.0847],[-84.3239,34.0853],[-84.325,34.0865],[-84.3257,34.0869],[-84.3258,34.087],[-84.326,34.0871],[-84.3262,34.0871],[-84.3264,34.0872],[-84.3263,34.089],[-84.3263,34.0892],[-84.3263,34.0899],[-84.3262,34.0907],[-84.3262,34.0923],[-84.3262,34.0928],[-84.3262,34.0937],[-84.3262,34.0942],[-84.3262,34.0952],[-84.3262,34.0959],[-84.3269,34.096],[-84.3275,34.0961],[-84.3281,34.0961],[-84.3283,34.0961],[-84.3291,34.0961],[-84.3294,34.0961],[-84.3298,34.096],[-84.3298,34.096],[-84.3301,34.0959],[-84.3304,34.0958],[-84.3304,34.0959],[-84.3304,34.0961],[-84.3305,34.0963],[-84.3305,34.0963],[-84.3305,34.0967],[-84.3305,34.0968],[-84.3305,34.097],[-84.3304,34.1013],[-84.3303,34.1021],[-84.3303,34.1024],[-84.3304,34.1026],[-84.3304,34.1027],[-84.3305,34.1029],[-84.3306,34.103],[-84.3307,34.1031],[-84.3309,34.1033],[-84.3316,34.1036],[-84.3317,34.1037],[-84.3318,34.1039],[-84.3319,34.104],[-84.332,34.1041],[-84.332,34.1043],[-84.3321,34.1045],[-84.3321,34.1046],[-84.332,34.1047],[-84.3317,34.1059],[-84.3317,34.1061],[-84.3316,34.1065],[-84.3312,34.1074],[-84.3312,34.1075],[-84.3311,34.1077],[-84.3311,34.1079],[-84.3311,34.108],[-84.3311,34.1081],[-84.331,34.1088],[-84.331,34.1091],[-84.3309,34.1092],[-84.3309,34.1094],[-84.3307,34.1097],[-84.3306,34.11],[-84.3304,34.1103],[-84.3303,34.1105],[-84.3299,34.1111],[-84.3295,34.1111],[-84.3294,34.1112],[-84.3292,34.1112],[-84.3288,34.1115],[-84.3287,34.1116],[-84.3284,34.1118],[-84.328,34.112],[-84.3277,34.1122],[-84.3273,34.1123],[-84.3269,34.1124],[-84.3265,34.1125],[-84.3261,34.1124],[-84.3249,34.1124],[-84.3241,34.1127],[-84.3234,34.113],[-84.3224,34.1133],[-84.3224,34.1134],[-84.3219,34.1135],[-84.3218,34.1135],[-84.3217,34.1136],[-84.3215,34.1136],[-84.3214,34.1136],[-84.3213,34.1135],[-84.3212,34.1135],[-84.3212,34.1135],[-84.3211,34.1135],[-84.321,34.1134],[-84.3208,34.1133],[-84.3205,34.1131],[-84.3204,34.1131],[-84.3202,34.1129],[-84.3199,34.1129],[-84.3195,34.1128],[-84.3189,34.1127],[-84.3187,34.1127],[-84.3185,34.1127],[-84.3183,34.1126],[-84.3177,34.1125],[-84.3174,34.1125],[-84.3172,34.1124],[-84.317,34.1124],[-84.3168,34.1123],[-84.3165,34.1123],[-84.3162,34.1128],[-84.3161,34.113],[-84.316,34.1133],[-84.3158,34.1135],[-84.3157,34.1137],[-84.3155,34.1139],[-84.3147,34.1146],[-84.3146,34.1147],[-84.3144,34.1148],[-84.3151,34.1159],[-84.3152,34.1162],[-84.3154,34.1164],[-84.3157,34.1166],[-84.3157,34.1166],[-84.3158,34.1168],[-84.316,34.1169],[-84.3165,34.1172],[-84.3168,34.1173],[-84.317,34.1174],[-84.3174,34.1176],[-84.3177,34.1177],[-84.3184,34.1178],[-84.3201,34.1183],[-84.3201,34.1183],[-84.3204,34.1183],[-84.3206,34.1184],[-84.3208,34.1184],[-84.3222,34.1184],[-84.3226,34.1184],[-84.3231,34.1184],[-84.3241,34.1185],[-84.3267,34.1187],[-84.3274,34.1188],[-84.3279,34.1189],[-84.3282,34.119],[-84.33,34.1195],[-84.3308,34.1197],[-84.3311,34.1198],[-84.3314,34.1198],[-84.3316,34.1199],[-84.3318,34.1199],[-84.332,34.1199],[-84.3324,34.1198],[-84.3327,34.1198],[-84.333,34.1198],[-84.3335,34.1198],[-84.3341,34.1197],[-84.3345,34.1197],[-84.3349,34.1196],[-84.3353,34.1196],[-84.3357,34.1195],[-84.3369,34.1192],[-84.3383,34.1189],[-84.3384,34.1189],[-84.339,34.1188],[-84.3392,34.1188],[-84.3403,34.1188],[-84.3408,34.1188],[-84.3412,34.1188],[-84.3415,34.1189],[-84.3416,34.1189],[-84.342,34.119],[-84.3423,34.1193],[-84.3424,34.1193],[-84.3427,34.1197],[-84.3428,34.1198],[-84.3429,34.12],[-84.3431,34.1201],[-84.3432,34.1203],[-84.3432,34.1205],[-84.3441,34.1229],[-84.3444,34.1237],[-84.3445,34.1239],[-84.3445,34.1242],[-84.3445,34.1244],[-84.3445,34.1247],[-84.3444,34.125],[-84.3455,34.125],[-84.3458,34.125],[-84.346,34.1251],[-84.3462,34.1251],[-84.3464,34.1251],[-84.3466,34.1252],[-84.3467,34.1252],[-84.3468,34.1252],[-84.3472,34.1254],[-84.3474,34.1255],[-84.3483,34.1261],[-84.3491,34.1266],[-84.3498,34.1271],[-84.3501,34.1272],[-84.3503,34.1274],[-84.3506,34.1278],[-84.3514,34.1286],[-84.3516,34.1289],[-84.353,34.1304],[-84.3535,34.1309],[-84.3535,34.131],[-84.3547,34.1323],[-84.3551,34.1326],[-84.3553,34.1329],[-84.3556,34.1331],[-84.3561,34.1335],[-84.3563,34.1336],[-84.3568,34.134],[-84.3571,34.1343],[-84.3575,34.1346],[-84.3578,34.1349],[-84.3599,34.1362],[-84.3603,34.1365],[-84.3608,34.1367],[-84.3612,34.1369],[-84.3613,34.137],[-84.3613,34.1369],[-84.3613,34.1366],[-84.3614,34.1365],[-84.3614,34.1364],[-84.3614,34.1363],[-84.3613,34.1363],[-84.3613,34.1362],[-84.3613,34.136],[-84.3613,34.1359],[-84.361,34.1357],[-84.3606,34.1355],[-84.3604,34.1353],[-84.3602,34.1351],[-84.3601,34.135],[-84.3601,34.1348],[-84.36,34.1347],[-84.36,34.1346],[-84.3599,34.1345],[-84.3599,34.1344],[-84.3599,34.1343],[-84.3599,34.1342],[-84.3598,34.1341],[-84.3598,34.134],[-84.3599,34.1339],[-84.3599,34.1338],[-84.3599,34.1338],[-84.3599,34.1337],[-84.3599,34.1336],[-84.3599,34.1335],[-84.3599,34.1334],[-84.3599,34.1328],[-84.3598,34.1327],[-84.3598,34.1324],[-84.3599,34.1322],[-84.3599,34.1321],[-84.3598,34.1319],[-84.3597,34.1318],[-84.3597,34.1316],[-84.3598,34.1315],[-84.36,34.131],[-84.36,34.1306],[-84.36,34.1304],[-84.36,34.1302],[-84.3601,34.13],[-84.3603,34.1293],[-84.3604,34.129],[-84.3604,34.1288],[-84.3604,34.1285],[-84.3604,34.1281],[-84.3606,34.1279],[-84.3607,34.1275],[-84.3608,34.127],[-84.3609,34.1268],[-84.3609,34.1266],[-84.3612,34.1261],[-84.3613,34.1258],[-84.3614,34.1256],[-84.3614,34.1252],[-84.3615,34.1251],[-84.3615,34.125],[-84.3615,34.125],[-84.3614,34.1248],[-84.3616,34.1244],[-84.3618,34.1242],[-84.3619,34.124],[-84.3621,34.124],[-84.3623,34.1239],[-84.3624,34.1238],[-84.3624,34.1238],[-84.3624,34.1238],[-84.3625,34.1238],[-84.3626,34.1236],[-84.3627,34.1235],[-84.3629,34.1234],[-84.3632,34.1233],[-84.3635,34.1232],[-84.3637,34.1231],[-84.3639,34.1229],[-84.3641,34.1228],[-84.3644,34.1226],[-84.3647,34.1224],[-84.3648,34.1224],[-84.3649,34.1223],[-84.3653,34.1223],[-84.3657,34.1223],[-84.3659,34.1223],[-84.366,34.1223],[-84.3662,34.1224],[-84.3665,34.1225],[-84.3668,34.1225],[-84.3669,34.1224],[-84.367,34.1224],[-84.3677,34.1224],[-84.3679,34.1225],[-84.3681,34.1225],[-84.3682,34.1225],[-84.3684,34.1226],[-84.3685,34.1226],[-84.3687,34.1225],[-84.369,34.1225],[-84.3693,34.1226],[-84.3696,34.1226],[-84.37,34.1225],[-84.3702,34.1224],[-84.3704,34.1224],[-84.3706,34.1223],[-84.371,34.1222],[-84.3712,34.1221],[-84.3714,34.122],[-84.3718,34.1218],[-84.3719,34.1217],[-84.3721,34.1217],[-84.3721,34.1217],[-84.3723,34.1215],[-84.3725,34.1214],[-84.3727,34.1213],[-84.3729,34.1212],[-84.3732,34.1211],[-84.3732,34.121],[-84.3733,34.121],[-84.3733,34.121],[-84.3735,34.1208],[-84.3739,34.1207],[-84.3741,34.1206],[-84.3744,34.1205],[-84.3745,34.1204],[-84.3747,34.1203],[-84.3748,34.1202],[-84.375,34.12],[-84.3751,34.12],[-84.3758,34.1197],[-84.3761,34.1195],[-84.3763,34.1194],[-84.3766,34.1193],[-84.3767,34.1193],[-84.3769,34.1193],[-84.3772,34.1192],[-84.3775,34.1192],[-84.3778,34.1191],[-84.3782,34.1191],[-84.3784,34.1191],[-84.3787,34.119],[-84.379,34.119],[-84.379,34.1189],[-84.3791,34.1189],[-84.3791,34.1189],[-84.3793,34.1188],[-84.3797,34.1187],[-84.3801,34.1188],[-84.3803,34.1189],[-84.3806,34.119],[-84.381,34.119],[-84.3813,34.1191],[-84.3815,34.1191],[-84.3816,34.1191],[-84.3818,34.1191],[-84.3819,34.1191],[-84.3828,34.1191],[-84.3837,34.1192],[-84.3838,34.1192],[-84.3841,34.1193],[-84.3846,34.1194],[-84.3847,34.1194],[-84.3849,34.1194],[-84.3852,34.1195],[-84.3856,34.1195],[-84.3859,34.1195],[-84.386,34.1196],[-84.3864,34.1196],[-84.3867,34.1196],[-84.3869,34.1197],[-84.3871,34.1197],[-84.3874,34.1197],[-84.3875,34.1197],[-84.3877,34.1197],[-84.3879,34.1196],[-84.388,34.1196],[-84.3881,34.1195],[-84.3881,34.1195],[-84.3882,34.1194],[-84.3882,34.1192],[-84.3882,34.1189],[-84.3882,34.1187],[-84.3882,34.1185],[-84.3883,34.1183],[-84.3883,34.1183],[-84.3883,34.1182],[-84.3883,34.1182],[-84.3884,34.1181],[-84.3886,34.118],[-84.3888,34.118],[-84.389,34.118],[-84.3891,34.118],[-84.3891,34.118],[-84.3892,34.118],[-84.3893,34.118],[-84.3894,34.118],[-84.3895,34.118],[-84.3898,34.1179],[-84.3899,34.1178],[-84.3903,34.1178],[-84.3906,34.1178],[-84.3909,34.1177],[-84.3912,34.1177],[-84.3915,34.1177],[-84.3916,34.1177],[-84.3918,34.1176],[-84.3919,34.1175],[-84.392,34.1174],[-84.3921,34.1173],[-84.3921,34.117],[-84.3921,34.1164],[-84.3922,34.1161],[-84.3922,34.1159],[-84.3922,34.1157],[-84.3924,34.1155],[-84.3925,34.1154],[-84.3925,34.1153],[-84.3926,34.1152],[-84.3929,34.115],[-84.3929,34.1149],[-84.393,34.1149],[-84.3933,34.1147],[-84.3934,34.1147],[-84.3935,34.1147],[-84.3935,34.1146],[-84.3937,34.1146],[-84.3938,34.1146],[-84.3939,34.1146],[-84.394,34.1147],[-84.394,34.1148],[-84.3941,34.1148],[-84.3941,34.1149],[-84.3941,34.115],[-84.3941,34.1151],[-84.3941,34.1152],[-84.3942,34.1153],[-84.3942,34.1153],[-84.3943,34.1154],[-84.3944,34.1154],[-84.3945,34.1154],[-84.3946,34.1154],[-84.3947,34.1154],[-84.3948,34.1153],[-84.3949,34.1153],[-84.395,34.1152],[-84.3951,34.1151],[-84.3951,34.1151],[-84.3952,34.1149],[-84.3952,34.1148],[-84.3952,34.1147],[-84.3952,34.1146],[-84.3953,34.1144],[-84.3953,34.1144],[-84.3953,34.1143],[-84.3954,34.1142],[-84.3954,34.1141],[-84.3955,34.114],[-84.3956,34.1139],[-84.3956,34.1137],[-84.3957,34.1136],[-84.3957,34.1135],[-84.3957,34.1133],[-84.3957,34.1132],[-84.3958,34.1132],[-84.3958,34.1131],[-84.396,34.113],[-84.3961,34.1129],[-84.3962,34.1129],[-84.3964,34.1128],[-84.397,34.1126],[-84.3974,34.1125],[-84.3977,34.1124],[-84.3981,34.1123],[-84.3982,34.1123],[-84.3984,34.1122],[-84.3984,34.1121],[-84.3985,34.112],[-84.3985,34.1119],[-84.3986,34.1119],[-84.3986,34.1118],[-84.3988,34.1117],[-84.3988,34.1116],[-84.3989,34.1115],[-84.3992,34.1112],[-84.3993,34.1111],[-84.3993,34.111],[-84.3994,34.1107],[-84.3994,34.1106],[-84.3994,34.1103],[-84.3994,34.1102],[-84.3993,34.1101],[-84.3994,34.1099],[-84.3995,34.1097],[-84.3998,34.1096],[-84.4004,34.1095],[-84.4009,34.1095],[-84.4011,34.1095],[-84.4016,34.1095],[-84.4022,34.1095],[-84.4027,34.1096],[-84.4035,34.1099],[-84.4037,34.1101],[-84.4039,34.1101],[-84.404,34.1101],[-84.4044,34.11],[-84.4046,34.1099],[-84.405,34.1099],[-84.4052,34.1098],[-84.4053,34.1098],[-84.4055,34.1097],[-84.4058,34.1095],[-84.406,34.1093],[-84.4062,34.1091],[-84.4064,34.109],[-84.4067,34.1088],[-84.4068,34.1088],[-84.4074,34.1087],[-84.4077,34.1088],[-84.4078,34.1088],[-84.408,34.1089],[-84.4081,34.109],[-84.4083,34.109],[-84.4083,34.109],[-84.4085,34.109],[-84.4085,34.109],[-84.4086,34.109],[-84.4088,34.109],[-84.409,34.1089],[-84.4092,34.1088],[-84.4093,34.1087],[-84.4095,34.1086],[-84.4097,34.1084],[-84.4099,34.1083],[-84.41,34.1083],[-84.4101,34.1082],[-84.4103,34.1081],[-84.4105,34.108],[-84.4107,34.108],[-84.4108,34.1079],[-84.411,34.1079],[-84.4112,34.1079],[-84.4113,34.1079],[-84.4114,34.108],[-84.4116,34.108],[-84.4117,34.1081],[-84.4117,34.1082],[-84.4118,34.1084],[-84.4118,34.1085],[-84.4119,34.1087],[-84.412,34.1089],[-84.4122,34.1091],[-84.4123,34.1093],[-84.4124,34.1094],[-84.4127,34.1096],[-84.4129,34.1097],[-84.4131,34.1098],[-84.4131,34.1098],[-84.4133,34.1099],[-84.4135,34.11],[-84.4136,34.1101],[-84.4139,34.1102],[-84.4139,34.1102],[-84.4142,34.1103],[-84.4145,34.1104],[-84.4147,34.1104],[-84.4149,34.1103],[-84.4151,34.1103],[-84.4154,34.1101],[-84.4163,34.1097],[-84.417,34.1095],[-84.4176,34.1093],[-84.418,34.1092],[-84.4184,34.1091],[-84.4184,34.1091],[-84.4184,34.109],[-84.4184,34.1086],[-84.4185,34.1062],[-84.4185,34.1037],[-84.4185,34.103],[-84.4185,34.1024],[-84.4185,34.1018],[-84.4185,34.1012],[-84.4186,34.1007],[-84.4186,34.1],[-84.4186,34.0999],[-84.4186,34.0997],[-84.4186,34.0997],[-84.4186,34.0986],[-84.4186,34.0978],[-84.4186,34.0971],[-84.4186,34.0968]]]}},{"type":"Feature","id":"13121010205","properties":{"GEOID":"13121010205","NAME":"Census Tract 102.05","AREALAND":6593216},"geometry":{"type":"Polygon","coordinates":[[[-84.4072,33.9249],[-84.408,33.9244],[-84.4071,33.923],[-84.4069,33.9227],[-84.4068,33.9226],[-84.4067,33.9224],[-84.4067,33.9222],[-84.4066,33.922],[-84.4066,33.9219],[-84.4066,33.9211],[-84.4066,33.9211],[-84.4066,33.9199],[-84.4066,33.9193],[-84.4066,33.9182],[-84.4067,33.9174],[-84.4067,33.9166],[-84.4067,33.916],[-84.4067,33.916],[-84.4067,33.9158],[-84.4066,33.9159],[-84.4063,33.9158],[-84.4045,33.9158],[-84.4042,33.9158],[-84.4039,33.9158],[-84.4037,33.9157],[-84.4033,33.9157],[-84.4027,33.9155],[-84.4024,33.9154],[-84.4007,33.9148],[-84.4002,33.9146],[-84.3996,33.9144],[-84.3984,33.914],[-84.3979,33.9139],[-84.3972,33.9138],[-84.3964,33.9136],[-84.3957,33.9136],[-84.3941,33.9134],[-84.3925,33.9132],[-84.3925,33.9132],[-84.3918,33.913],[-84.3905,33.9129],[-84.3902,33.9128],[-84.3893,33.9127],[-84.3872,33.9125],[-84.3871,33.9125],[-84.3856,33.9123],[-84.3851,33.9123],[-84.3844,33.9123],[-84.3803,33.9122],[-84.3791,33.9121],[-84.3791,33.9123],[-84.3792,33.9129],[-84.3792,33.9135],[-84.3793,33.9139],[-84.3793,33.9146],[-84.3793,33.915],[-84.3793,33.9154],[-84.3793,33.9156],[-84.3791,33.9172],[-84.379,33.9191],[-84.379,33.9197],[-84.379,33.9201],[-84.379,33.9204],[-84.3792,33.9221],[-84.3792,33.9225],[-84.3792,33.9229],[-84.3791,33.9241],[-84.3791,33.9247],[-84.3791,33.9251],[-84.3791,33.9268],[-84.3792,33.9288],[-84.3792,33.9292],[-84.3792,33.9295],[-84.3793,33.9298],[-84.3794,33.9301],[-84.3795,33.9303],[-84.3796,33.9306],[-84.3797,33.9309],[-84.3798,33.9313],[-84.3799,33.9316],[-84.38,33.9319],[-84.3801,33.9323],[-84.3801,33.9326],[-84.38,33.933],[-84.38,33.9334],[-84.3799,33.9338],[-84.3799,33.9341],[-84.3798,33.9344],[-84.3797,33.9348],[-84.3795,33.9352],[-84.3794,33.9353],[-84.3791,33.9359],[-84.3789,33.9362],[-84.3788,33.9363],[-84.3786,33.9365],[-84.3785,33.9368],[-84.3783,33.937],[-84.3783,33.9371],[-84.3779,33.9376],[-84.3777,33.9378],[-84.3775,33.938],[-84.3774,33.9382],[-84.3768,33.9388],[-84.3763,33.9392],[-84.3756,33.94],[-84.3752,33.9404],[-84.375,33.9406],[-84.3747,33.9408],[-84.3754,33.9413],[-84.376,33.9418],[-84.3765,33.9422],[-84.3769,33.9426],[-84.3772,33.9429],[-84.3776,33.9432],[-84.378,33.9435],[-84.3781,33.9437],[-84.3785,33.9442],[-84.3786,33.9443],[-84.3787,33.9444],[-84.3788,33.9444],[-84.3788,33.9445],[-84.3789,33.9445],[-84.3791,33.9446],[-84.3793,33.9447],[-84.3795,33.9448],[-84.3797,33.9448],[-84.3805,33.945],[-84.381,33.9452],[-84.3813,33.9452],[-84.3815,33.9453],[-84.3823,33.9454],[-84.3824,33.9454],[-84.3828,33.9455],[-84.3831,33.9455],[-84.3832,33.9455],[-84.3834,33.9456],[-84.384,33.9455],[-84.3847,33.9455],[-84.3848,33.9456],[-84.3849,33.9457],[-84.385,33.9457],[-84.3851,33.9458],[-84.3852,33.9457],[-84.3853,33.9457],[-84.3854,33.9457],[-84.3856,33.9457],[-84.3857,33.9457],[-84.3858,33.9457],[-84.3859,33.9458],[-84.386,33.9458],[-84.3861,33.9459],[-84.3861,33.9459],[-84.3862,33.946],[-84.3863,33.946],[-84.3863,33.9461],[-84.3864,33.9462],[-84.3864,33.9463],[-84.3865,33.9464],[-84.3865,33.9465],[-84.3865,33.9466],[-84.3866,33.9468],[-84.3866,33.9469],[-84.3867,33.9469],[-84.3867,33.947],[-84.3868,33.9471],[-84.3869,33.9472],[-84.3871,33.9474],[-84.3872,33.9475],[-84.3872,33.9475],[-84.3873,33.9474],[-84.3874,33.9469],[-84.3875,33.9467],[-84.3875,33.9466],[-84.3875,33.9464],[-84.3875,33.9463],[-84.3874,33.9462],[-84.3873,33.9459],[-84.3866,33.9446],[-84.3865,33.9444],[-84.3863,33.944],[-84.3862,33.9433],[-84.3861,33.9429],[-84.386,33.9427],[-84.3859,33.9425],[-84.3859,33.9424],[-84.3858,33.9421],[-84.3858,33.942],[-84.3858,33.9414],[-84.3858,33.9409],[-84.3859,33.9408],[-84.3862,33.9402],[-84.3869,33.939],[-84.387,33.9388],[-84.3871,33.9387],[-84.3875,33.9383],[-84.3877,33.938],[-84.3879,33.9377],[-84.3882,33.9373],[-84.3883,33.9371],[-84.3885,33.937],[-84.3886,33.9368],[-84.3892,33.9363],[-84.3895,33.9361],[-84.3898,33.9357],[-84.3912,33.9354],[-84.392,33.9352],[-84.3924,33.9351],[-84.3926,33.9351],[-84.3928,33.9351],[-84.393,33.9351],[-84.3932,33.9351],[-84.3935,33.9351],[-84.3937,33.9351],[-84.3938,33.9351],[-84.394,33.9351],[-84.3944,33.935],[-84.3947,33.9349],[-84.3949,33.9348],[-84.3955,33.9345],[-84.3963,33.9342],[-84.397,33.9339],[-84.3976,33.9337],[-84.3981,33.9335],[-84.3984,33.9333],[-84.3991,33.9328],[-84.3996,33.9325],[-84.4019,33.9309],[-84.402,33.9308],[-84.4021,33.9308],[-84.4022,33.9306],[-84.4024,33.9305],[-84.4024,33.9304],[-84.4025,33.9304],[-84.4026,33.9303],[-84.4027,33.9301],[-84.4028,33.93],[-84.4029,33.9298],[-84.403,33.9296],[-84.4031,33.9294],[-84.4034,33.9281],[-84.4035,33.928],[-84.4035,33.9279],[-84.4036,33.9278],[-84.4036,33.9277],[-84.4037,33.9276],[-84.406,33.9258],[-84.4068,33.9252],[-84.4072,33.9249]]]}},{"type":"Feature","id":"13121010110","properties":{"GEOID":"13121010110","NAME":"Census Tract 101.10","AREALAND":5335877},"geometry":{"type":"Polygon","coordinates":[[[-84.3793,33.915],[-84.3793,33.9146],[-84.3793,33.9139],[-84.3792,33.9135],[-84.3792,33.9129],[-84.3791,33.9123],[-84.3791,33.9121],[-84.379,33.9121],[-84.3784,33.9121],[-84.3779,33.9121],[-84.3775,33.9121],[-84.3771,33.9121],[-84.3767,33.9121],[-84.3757,33.9119],[-84.3751,33.9119],[-84.3746,33.9118],[-84.3745,33.9117],[-84.3742,33.9117],[-84.3739,33.9116],[-84.3727,33.9114],[-84.3706,33.911],[-84.3686,33.9107],[-84.3678,33.9105],[-84.3678,33.9105],[-84.3665,33.9103],[-84.3663,33.9102],[-84.3661,33.9102],[-84.3654,33.9101],[-84.3653,33.9101],[-84.3643,33.91],[-84.3637,33.91],[-84.3627,33.91],[-84.3621,33.9101],[-84.3618,33.9101],[-84.3616,33.9101],[-84.3615,33.9102],[-84.3604,33.9104],[-84.3601,33.9104],[-84.3596,33.9106],[-84.3591,33.9107],[-84.3586,33.9109],[-84.3576,33.9113],[-84.3575,33.9113],[-84.3567,33.9117],[-84.3559,33.9121],[-84.3537,33.9131],[-84.3528,33.9134],[-84.3521,33.9137],[-84.3492,33.9146],[-84.3485,33.9148],[-84.3479,33.915],[-84.3479,33.915],[-84.3479,33.9152],[-84.3479,33.9156],[-84.3479,33.9166],[-84.3478,33.9177],[-84.3478,33.9187],[-84.3478,33.9189],[-84.3478,33.9194],[-84.3478,33.9202],[-84.3479,33.9212],[-84.3479,33.9236],[-84.3479,33.9252],[-84.3479,33.927],[-84.3479,33.9281],[-84.3479,33.9288],[-84.3479,33.9289],[-84.3478,33.929],[-84.3478,33.9296],[-84.3478,33.9297],[-84.3478,33.9299],[-84.3478,33.9315],[-84.3477,33.9329],[-84.3477,33.9339],[-84.3477,33.9341],[-84.3477,33.9342],[-84.3477,33.9346],[-84.3477,33.9346],[-84.3477,33.9348],[-84.3477,33.9349],[-84.3477,33.9349],[-84.3477,33.935],[-84.3478,33.9353],[-84.3478,33.9361],[-84.3478,33.938],[-84.3479,33.938],[-84.3484,33.9372],[-84.349,33.9363],[-84.3492,33.9362],[-84.3496,33.9356],[-84.35,33.9351],[-84.35,33.9349],[-84.3512,33.9335],[-84.3516,33.9331],[-84.3521,33.9326],[-84.3523,33.9324],[-84.3526,33.9322],[-84.3533,33.9318],[-84.3542,33.9313],[-84.3562,33.9305],[-84.3571,33.9301],[-84.3576,33.9299],[-84.3577,33.9299],[-84.3579,33.9298],[-84.358,33.9298],[-84.3583,33.9297],[-84.3599,33.9292],[-84.3603,33.9291],[-84.3611,33.9288],[-84.3618,33.9286],[-84.3638,33.9281],[-84.364,33.928],[-84.3643,33.9279],[-84.3647,33.9278],[-84.3651,33.9276],[-84.366,33.9272],[-84.3667,33.9269],[-84.367,33.9268],[-84.3674,33.9266],[-84.3679,33.9263],[-84.3684,33.9261],[-84.3686,33.926],[-84.3706,33.9252],[-84.3723,33.9246],[-84.3725,33.9246],[-84.3727,33.9245],[-84.3728,33.9245],[-84.3731,33.9244],[-84.3734,33.9244],[-84.3749,33.9244],[-84.3754,33.9244],[-84.3756,33.9244],[-84.3759,33.9244],[-84.376,33.9244],[-84.3765,33.9245],[-84.3769,33.9245],[-84.3771,33.9245],[-84.3773,33.9246],[-84.3779,33.9246],[-84.3782,33.9247],[-84.3784,33.9248],[-84.3785,33.9248],[-84.3787,33.9249],[-84.3791,33.9251],[-84.3791,33.9247],[-84.3791,33.9241],[-84.3792,33.9229],[-84.3792,33.9225],[-84.3792,33.9221],[-84.379,33.9204],[-84.379,33.9201],[-84.379,33.9197],[-84.379,33.9191],[-84.3791,33.9172],[-84.3793,33.9156],[-84.3793,33.9154],[-84.3793,33.915]]]}},{"type":"Feature","id":"13121002900","properties":{"GEOID":"13121002900","NAME":"Census Tract 29","AREALAND":714880},"geometry":{"type":"Polygon","coordinates":[[[-84.3744,33.7547],[-84.3744,33.7544],[-84.3744,33.7543],[-84.3734,33.7543],[-84.3724,33.7543],[-84.3721,33.7543],[-84.3713,33.7543],[-84.3698,33.7543],[-84.3688,33.7543],[-84.3686,33.7543],[-84.368,33.7543],[-84.3675,33.7543],[-84.3666,33.7543],[-84.3664,33.7543],[-84.3659,33.7543],[-84.3656,33.7543],[-84.3654,33.7549],[-84.365,33.7573],[-84.3649,33.7576],[-84.3647,33.7583],[-84.3646,33.7585],[-84.3645,33.7587],[-84.3642,33.7593],[-84.3641,33.7594],[-84.364,33.7595],[-84.3635,33.76],[-84.3629,33.7605],[-84.3626,33.7607],[-84.3617,33.7613],[-84.3622,33.7613],[-84.3628,33.7613],[-84.3642,33.7613],[-84.3655,33.7613],[-84.3663,33.7613],[-84.3669,33.7613],[-84.367,33.7613],[-84.3671,33.7613],[-84.3678,33.7613],[-84.3692,33.7613],[-84.3699,33.7613],[-84.3705,33.7613],[-84.372,33.7614],[-84.3743,33.7614],[-84.3743,33.7603],[-84.3743,33.7601],[-84.3743,33.7595],[-84.3743,33.7588],[-84.3743,33.7577],[-84.3744,33.7559],[-84.3744,33.7555],[-84.3744,33.7547]]]}},{"type":"Feature","id":"13121010106","properties":{"GEOID":"13121010106","NAME":"Census Tract 101.06","AREALAND":6662972},"geometry":{"type":"Polygon","coordinates":[[[-84.3416,33.9827],[-84.3419,33.9823],[-84.3416,33.9823],[-84.3412,33.9823],[-84.3411,33.9823],[-84.3409,33.9823],[-84.3406,33.9822],[-84.3405,33.9822],[-84.3408,33.9817],[-84.341,33.9815],[-84.3411,33.9814],[-84.3411,33.9812],[-84.3411,33.9811],[-84.3411,33.981],[-84.3411,33.9808],[-84.3409,33.9803],[-84.3409,33.9801],[-84.3409,33.98],[-84.3409,33.9798],[-84.341,33.9788],[-84.3413,33.9772],[-84.3414,33.9764],[-84.3414,33.9761],[-84.3414,33.9757],[-84.3413,33.9753],[-84.3413,33.9752],[-84.3412,33.9748],[-84.3411,33.9747],[-84.3409,33.9739],[-84.3408,33.9734],[-84.3408,33.9732],[-84.3407,33.9729],[-84.3406,33.9727],[-84.3405,33.9725],[-84.3404,33.9724],[-84.34,33.9716],[-84.3398,33.9714],[-84.3395,33.971],[-84.3374,33.9709],[-84.3373,33.9709],[-84.3372,33.9709],[-84.3372,33.9709],[-84.3371,33.9709],[-84.3369,33.9709],[-84.3368,33.9709],[-84.3367,33.9709],[-84.3367,33.9709],[-84.3366,33.9709],[-84.3365,33.9708],[-84.3364,33.9707],[-84.3363,33.9707],[-84.3362,33.9707],[-84.336,33.9706],[-84.3356,33.9704],[-84.3353,33.9702],[-84.3352,33.9702],[-84.335,33.9701],[-84.3347,33.97],[-84.3339,33.9698],[-84.3338,33.9698],[-84.3333,33.9697],[-84.3331,33.9696],[-84.333,33.9696],[-84.3328,33.9695],[-84.3327,33.9695],[-84.332,33.9693],[-84.3317,33.9692],[-84.3316,33.9692],[-84.3314,33.9691],[-84.3309,33.969],[-84.3299,33.9687],[-84.3293,33.9685],[-84.3284,33.9681],[-84.3274,33.9678],[-84.3271,33.9677],[-84.327,33.9677],[-84.3265,33.9675],[-84.3265,33.9675],[-84.3257,33.9674],[-84.3251,33.9672],[-84.3248,33.9672],[-84.3246,33.9672],[-84.3244,33.9672],[-84.3244,33.9672],[-84.324,33.9672],[-84.3238,33.9672],[-84.3237,33.9672],[-84.3235,33.9672],[-84.3234,33.9672],[-84.3234,33.9672],[-84.3232,33.9672],[-84.3232,33.9672],[-84.3228,33.9673],[-84.322,33.9673],[-84.3213,33.9674],[-84.321,33.9674],[-84.3208,33.9674],[-84.3205,33.9674],[-84.3201,33.9674],[-84.3196,33.9673],[-84.3193,33.9672],[-84.3188,33.9671],[-84.3186,33.967],[-84.3185,33.967],[-84.3184,33.9669],[-84.3183,33.9669],[-84.3182,33.9669],[-84.3181,33.9668],[-84.3179,33.9666],[-84.3177,33.9664],[-84.3176,33.9663],[-84.3175,33.9663],[-84.3173,33.9662],[-84.3171,33.9661],[-84.3166,33.966],[-84.3165,33.9667],[-84.3164,33.9669],[-84.3163,33.967],[-84.3162,33.9671],[-84.3161,33.9672],[-84.3154,33.9676],[-84.3151,33.9677],[-84.3149,33.9677],[-84.3147,33.9678],[-84.3145,33.9679],[-84.3142,33.9679],[-84.3134,33.968],[-84.3136,33.969],[-84.3136,33.9692],[-84.3136,33.9693],[-84.3136,33.9695],[-84.3132,33.9712],[-84.3131,33.9713],[-84.3131,33.9715],[-84.3131,33.9716],[-84.3132,33.9719],[-84.3133,33.9721],[-84.3135,33.9723],[-84.3137,33.9726],[-84.3137,33.9727],[-84.3138,33.9728],[-84.3138,33.9729],[-84.3138,33.9731],[-84.3138,33.9732],[-84.3138,33.9733],[-84.3138,33.9737],[-84.3137,33.9738],[-84.3137,33.9745],[-84.3137,33.9747],[-84.3138,33.9749],[-84.3139,33.975],[-84.314,33.9751],[-84.3144,33.9756],[-84.3148,33.9759],[-84.3151,33.9761],[-84.3155,33.9766],[-84.3158,33.9769],[-84.3159,33.977],[-84.316,33.9771],[-84.316,33.9772],[-84.3161,33.9776],[-84.3162,33.9778],[-84.3166,33.9782],[-84.3169,33.9788],[-84.317,33.9789],[-84.3171,33.979],[-84.3175,33.9793],[-84.3177,33.9793],[-84.3183,33.979],[-84.3188,33.9788],[-84.3196,33.9785],[-84.3199,33.9784],[-84.3201,33.9783],[-84.3203,33.9784],[-84.3204,33.9784],[-84.3207,33.9785],[-84.3209,33.9786],[-84.3207,33.9787],[-84.3204,33.9789],[-84.3203,33.9789],[-84.3202,33.979],[-84.32,33.9791],[-84.3198,33.9792],[-84.3197,33.9794],[-84.3193,33.9796],[-84.3191,33.9796],[-84.319,33.9797],[-84.3189,33.9798],[-84.3187,33.9799],[-84.3187,33.98],[-84.3186,33.9801],[-84.3184,33.9802],[-84.3183,33.9804],[-84.3182,33.9805],[-84.3181,33.9807],[-84.3181,33.9809],[-84.3181,33.981],[-84.3181,33.9811],[-84.318,33.9811],[-84.3179,33.9811],[-84.3178,33.9811],[-84.3177,33.9811],[-84.3176,33.9812],[-84.3176,33.9814],[-84.3176,33.9814],[-84.3176,33.9815],[-84.3175,33.9816],[-84.3173,33.9818],[-84.3173,33.9818],[-84.3172,33.9819],[-84.3171,33.9821],[-84.3171,33.9822],[-84.3169,33.9824],[-84.3167,33.9825],[-84.3165,33.9826],[-84.3163,33.9827],[-84.3162,33.9828],[-84.3161,33.9829],[-84.316,33.983],[-84.3159,33.9831],[-84.3158,33.9832],[-84.3158,33.9833],[-84.3158,33.9834],[-84.3159,33.9835],[-84.316,33.9835],[-84.3161,33.9836],[-84.3161,33.9837],[-84.3161,33.9838],[-84.3161,33.984],[-84.3161,33.9841],[-84.3161,33.9843],[-84.3162,33.9843],[-84.3164,33.9844],[-84.3164,33.9845],[-84.3164,33.9847],[-84.3164,33.9851],[-84.3164,33.9853],[-84.3164,33.9855],[-84.3164,33.9856],[-84.3164,33.9856],[-84.3188,33.9856],[-84.3194,33.9856],[-84.3207,33.9857],[-84.3222,33.9863],[-84.3225,33.9867],[-84.3225,33.9868],[-84.3226,33.9871],[-84.3228,33.9874],[-84.3229,33.9876],[-84.323,33.9879],[-84.3232,33.9882],[-84.3241,33.9905],[-84.3243,33.9938],[-84.325,33.9951],[-84.325,33.9952],[-84.3252,33.9955],[-84.3261,33.9976],[-84.3283,34.0008],[-84.3301,34.0023],[-84.3303,34.0028],[-84.3314,34.005],[-84.3315,34.0055],[-84.3319,34.0077],[-84.3323,34.0083],[-84.333,34.0095],[-84.3332,34.0097],[-84.3334,34.0094],[-84.3336,34.009],[-84.3341,34.0084],[-84.3346,34.0077],[-84.3349,34.0072],[-84.3352,34.0066],[-84.3354,34.0061],[-84.3355,34.0059],[-84.3358,34.0051],[-84.336,34.0046],[-84.3362,34.0038],[-84.3363,34.0034],[-84.3364,34.0028],[-84.3365,34.0022],[-84.3367,34.0008],[-84.3369,33.9997],[-84.337,33.999],[-84.3372,33.9981],[-84.3377,33.9948],[-84.3379,33.9936],[-84.3381,33.9924],[-84.3382,33.9917],[-84.3384,33.991],[-84.3386,33.9899],[-84.339,33.9887],[-84.3395,33.9874],[-84.3397,33.9869],[-84.34,33.9859],[-84.3401,33.9857],[-84.3403,33.9855],[-84.341,33.984],[-84.3413,33.9833],[-84.3415,33.983],[-84.3416,33.9827]]]}},{"type":"Feature","id":"13121011405","properties":{"GEOID":"13121011405","NAME":"Census Tract 114.05","AREALAND":7593825},"geometry":{"type":"Polygon","coordinates":[[[-84.3629,34.0148],[-84.3629,34.0143],[-84.3628,34.0124],[-84.3628,34.0122],[-84.3628,34.0122],[-84.3628,34.012],[-84.3628,34.0119],[-84.3627,34.0119],[-84.3627,34.0117],[-84.3627,34.0117],[-84.3626,34.0116],[-84.3625,34.0114],[-84.3624,34.0113],[-84.361,34.0095],[-84.3608,34.0093],[-84.3607,34.0092],[-84.3603,34.0089],[-84.36,34.0086],[-84.3598,34.0086],[-84.3597,34.0085],[-84.3596,34.0085],[-84.3595,34.0085],[-84.3593,34.0085],[-84.3586,34.0086],[-84.3572,34.0088],[-84.3562,34.0089],[-84.356,34.0089],[-84.3558,34.0089],[-84.3556,34.0088],[-84.3555,34.0088],[-84.3539,34.008],[-84.3534,34.0077],[-84.3531,34.0075],[-84.3531,34.0075],[-84.3526,34.0071],[-84.3523,34.0069],[-84.352,34.0068],[-84.3514,34.0065],[-84.3513,34.0064],[-84.3511,34.0063],[-84.3509,34.0061],[-84.3507,34.0059],[-84.3507,34.0057],[-84.3506,34.0055],[-84.3506,34.0054],[-84.3506,34.0047],[-84.3505,34.0042],[-84.3505,34.0041],[-84.3488,34.0041],[-84.348,34.0042],[-84.3452,34.0044],[-84.3451,34.0044],[-84.3444,34.0045],[-84.3434,34.005],[-84.3422,34.006],[-84.3422,34.0061],[-84.3384,34.0092],[-84.3365,34.0102],[-84.3349,34.0103],[-84.3332,34.0097],[-84.3331,34.0097],[-84.3328,34.0101],[-84.3326,34.0104],[-84.3319,34.0115],[-84.3307,34.0131],[-84.3276,34.0174],[-84.3244,34.0218],[-84.3254,34.022],[-84.3265,34.0224],[-84.3268,34.0224],[-84.3276,34.0226],[-84.3282,34.0229],[-84.3284,34.023],[-84.3286,34.0231],[-84.3289,34.0233],[-84.3293,34.0236],[-84.3295,34.0238],[-84.3298,34.0241],[-84.3307,34.0247],[-84.3313,34.0252],[-84.332,34.0257],[-84.3322,34.026],[-84.3327,34.0263],[-84.3329,34.0265],[-84.3352,34.0283],[-84.3355,34.0286],[-84.3358,34.0288],[-84.3367,34.0295],[-84.3371,34.0298],[-84.3382,34.0307],[-84.3383,34.0308],[-84.3385,34.0309],[-84.3395,34.0317],[-84.3405,34.0325],[-84.341,34.033],[-84.3412,34.0331],[-84.3414,34.0334],[-84.3416,34.0337],[-84.3419,34.0341],[-84.342,34.0344],[-84.3421,34.0348],[-84.3422,34.035],[-84.3422,34.0351],[-84.3423,34.0354],[-84.3426,34.0359],[-84.3429,34.0362],[-84.3434,34.0366],[-84.3435,34.0368],[-84.3435,34.0366],[-84.3437,34.0363],[-84.3437,34.0361],[-84.3438,34.0359],[-84.344,34.0358],[-84.3441,34.0356],[-84.3442,34.0355],[-84.3444,34.0354],[-84.3446,34.0352],[-84.3448,34.0351],[-84.345,34.035],[-84.3451,34.035],[-84.3455,34.0349],[-84.3464,34.0346],[-84.348,34.0342],[-84.3481,34.0342],[-84.3483,34.0341],[-84.3485,34.034],[-84.3487,34.034],[-84.3489,34.0339],[-84.3492,34.0337],[-84.3496,34.0333],[-84.3499,34.0331],[-84.3502,34.0329],[-84.3504,34.0327],[-84.3508,34.0325],[-84.3511,34.0323],[-84.3527,34.0315],[-84.3534,34.031],[-84.3556,34.0297],[-84.3564,34.0292],[-84.3569,34.0289],[-84.3573,34.0286],[-84.3581,34.028],[-84.3582,34.0278],[-84.3588,34.0272],[-84.36,34.0259],[-84.3602,34.0256],[-84.3604,34.0254],[-84.3605,34.0253],[-84.3605,34.0251],[-84.3606,34.0245],[-84.3608,34.0241],[-84.3609,34.0238],[-84.361,34.0237],[-84.3611,34.0236],[-84.3612,34.0235],[-84.3613,34.0234],[-84.3614,34.0233],[-84.3616,34.0232],[-84.3616,34.0229],[-84.3616,34.0223],[-84.3617,34.0217],[-84.3617,34.0198],[-84.3618,34.0189],[-84.3618,34.0186],[-84.3619,34.0183],[-84.3619,34.0181],[-84.362,34.0179],[-84.3621,34.0177],[-84.3622,34.0175],[-84.3625,34.0172],[-84.3626,34.017],[-84.3627,34.0168],[-84.3627,34.0165],[-84.3628,34.0163],[-84.3628,34.0161],[-84.3629,34.0155],[-84.3629,34.0148]]]}},{"type":"Feature","id":"13121010210","properties":{"GEOID":"13121010210","NAME":"Census Tract 102.10","AREALAND":4558567},"geometry":{"type":"Polygon","coordinates":[[[-84.4012,33.9479],[-84.4013,33.9478],[-84.4006,33.9478],[-84.4004,33.9478],[-84.4002,33.9478],[-84.3999,33.9478],[-84.3998,33.9478],[-84.3997,33.9478],[-84.3996,33.9478],[-84.3995,33.9478],[-84.3994,33.9478],[-84.3993,33.9478],[-84.3989,33.9476],[-84.3981,33.9474],[-84.3979,33.9474],[-84.3977,33.9473],[-84.3976,33.9473],[-84.3975,33.9472],[-84.3974,33.9471],[-84.3973,33.947],[-84.3972,33.9469],[-84.3972,33.9468],[-84.3972,33.9467],[-84.3971,33.9467],[-84.3971,33.9466],[-84.3971,33.9465],[-84.3971,33.9463],[-84.397,33.9462],[-84.397,33.9462],[-84.3969,33.9461],[-84.3968,33.9461],[-84.3967,33.9461],[-84.3967,33.9461],[-84.3966,33.946],[-84.3965,33.946],[-84.3959,33.946],[-84.3957,33.946],[-84.3955,33.946],[-84.3953,33.946],[-84.3951,33.946],[-84.3951,33.946],[-84.3949,33.9459],[-84.3947,33.9459],[-84.3941,33.9458],[-84.3939,33.9457],[-84.3937,33.9457],[-84.3935,33.9457],[-84.3934,33.9457],[-84.3932,33.9457],[-84.3931,33.9457],[-84.393,33.9457],[-84.3929,33.9458],[-84.3929,33.9458],[-84.3928,33.9459],[-84.3927,33.946],[-84.3926,33.946],[-84.3925,33.946],[-84.3924,33.946],[-84.3923,33.9459],[-84.3923,33.9459],[-84.3922,33.9458],[-84.3923,33.9457],[-84.3923,33.9456],[-84.3923,33.9455],[-84.3922,33.9454],[-84.3921,33.9453],[-84.392,33.9453],[-84.3919,33.9453],[-84.3919,33.9453],[-84.3918,33.9454],[-84.3917,33.9454],[-84.3917,33.9454],[-84.3916,33.9455],[-84.3911,33.9458],[-84.3909,33.946],[-84.3908,33.9461],[-84.3906,33.9463],[-84.3906,33.9464],[-84.3905,33.9465],[-84.3904,33.9466],[-84.3903,33.9467],[-84.3903,33.9468],[-84.3902,33.9469],[-84.3902,33.947],[-84.3902,33.9471],[-84.3902,33.9471],[-84.3902,33.9472],[-84.3902,33.9473],[-84.3902,33.9474],[-84.3902,33.9475],[-84.3901,33.9476],[-84.39,33.9477],[-84.3899,33.9477],[-84.3898,33.9477],[-84.3897,33.9477],[-84.3896,33.9476],[-84.3895,33.9476],[-84.3893,33.9474],[-84.3887,33.9472],[-84.3886,33.9472],[-84.3885,33.9471],[-84.3884,33.9471],[-84.3883,33.9471],[-84.3882,33.9471],[-84.3881,33.9471],[-84.388,33.9471],[-84.3879,33.9471],[-84.3878,33.9472],[-84.3876,33.9475],[-84.3876,33.9476],[-84.3875,33.9476],[-84.3874,33.9476],[-84.3873,33.9476],[-84.3872,33.9475],[-84.3872,33.9475],[-84.3871,33.9474],[-84.3869,33.9472],[-84.3868,33.9471],[-84.3867,33.947],[-84.3867,33.9469],[-84.3866,33.9469],[-84.3866,33.9468],[-84.3865,33.9466],[-84.3865,33.9465],[-84.3865,33.9464],[-84.3864,33.9463],[-84.3864,33.9462],[-84.3863,33.9461],[-84.3863,33.946],[-84.3862,33.946],[-84.3861,33.9459],[-84.3861,33.9459],[-84.386,33.9458],[-84.3859,33.9458],[-84.3858,33.9457],[-84.3857,33.9457],[-84.3856,33.9457],[-84.3854,33.9457],[-84.3853,33.9457],[-84.3852,33.9457],[-84.3851,33.9458],[-84.385,33.9457],[-84.3849,33.9457],[-84.3848,33.9456],[-84.3847,33.9455],[-84.384,33.9455],[-84.3834,33.9456],[-84.3832,33.9455],[-84.3831,33.9455],[-84.3828,33.9455],[-84.3824,33.9454],[-84.3823,33.9454],[-84.3815,33.9453],[-84.3813,33.9452],[-84.381,33.9452],[-84.3805,33.945],[-84.3797,33.9448],[-84.3795,33.9448],[-84.3793,33.9447],[-84.3791,33.9446],[-84.3789,33.9445],[-84.3788,33.9445],[-84.3788,33.9444],[-84.3787,33.9444],[-84.3786,33.9443],[-84.3785,33.9442],[-84.3781,33.9437],[-84.378,33.9435],[-84.3776,33.9432],[-84.3772,33.9429],[-84.3769,33.9426],[-84.3765,33.9422],[-84.376,33.9418],[-84.3754,33.9413],[-84.3747,33.9408],[-84.3738,33.9417],[-84.3737,33.9419],[-84.3735,33.9421],[-84.3733,33.9423],[-84.3728,33.9428],[-84.3728,33.9428],[-84.3727,33.9429],[-84.3725,33.9431],[-84.3723,33.9434],[-84.3718,33.9445],[-84.3717,33.9447],[-84.3715,33.9452],[-84.3713,33.9455],[-84.3713,33.9456],[-84.3711,33.9462],[-84.371,33.9464],[-84.371,33.9466],[-84.3709,33.9468],[-84.3708,33.9475],[-84.3707,33.9479],[-84.3707,33.9481],[-84.3707,33.9484],[-84.3706,33.9485],[-84.3705,33.9488],[-84.3705,33.9489],[-84.3704,33.949],[-84.3703,33.9491],[-84.37,33.9495],[-84.3697,33.9497],[-84.3696,33.9498],[-84.3694,33.95],[-84.3692,33.9501],[-84.369,33.9502],[-84.3687,33.9504],[-84.3685,33.9507],[-84.3682,33.9509],[-84.3678,33.9514],[-84.3676,33.9518],[-84.3675,33.9519],[-84.3674,33.952],[-84.3672,33.9524],[-84.3669,33.9529],[-84.3668,33.953],[-84.3665,33.9533],[-84.3663,33.9535],[-84.3661,33.9537],[-84.3659,33.9539],[-84.3653,33.9544],[-84.3651,33.9545],[-84.3649,33.9547],[-84.3648,33.9549],[-84.3647,33.9551],[-84.3646,33.9553],[-84.3645,33.9556],[-84.3645,33.9558],[-84.3645,33.956],[-84.3645,33.9563],[-84.3646,33.9565],[-84.3646,33.9566],[-84.3648,33.9576],[-84.3655,33.9599],[-84.3657,33.961],[-84.3657,33.9614],[-84.3657,33.9614],[-84.3659,33.9613],[-84.3664,33.9608],[-84.3667,33.9606],[-84.367,33.9606],[-84.3674,33.9608],[-84.3678,33.9611],[-84.368,33.9614],[-84.3682,33.9616],[-84.3685,33.9616],[-84.3687,33.9616],[-84.3687,33.9618],[-84.3687,33.9621],[-84.3691,33.9622],[-84.3693,33.9623],[-84.3699,33.9623],[-84.3701,33.9625],[-84.3703,33.9629],[-84.3706,33.963],[-84.3711,33.9631],[-84.3717,33.9631],[-84.3719,33.9631],[-84.3732,33.9631],[-84.3739,33.9633],[-84.3746,33.9632],[-84.3753,33.9632],[-84.3759,33.9631],[-84.376,33.963],[-84.3763,33.9629],[-84.3771,33.9629],[-84.3776,33.9629],[-84.3786,33.9628],[-84.3792,33.9629],[-84.3801,33.9629],[-84.3809,33.963],[-84.3812,33.9631],[-84.3815,33.9632],[-84.3819,33.9632],[-84.3821,33.9633],[-84.3824,33.9633],[-84.3827,33.9633],[-84.383,33.9632],[-84.383,33.9632],[-84.3834,33.9633],[-84.3834,33.9632],[-84.3837,33.963],[-84.3839,33.9628],[-84.3841,33.9626],[-84.3844,33.9624],[-84.3867,33.9602],[-84.388,33.9588],[-84.3887,33.958],[-84.3887,33.9579],[-84.389,33.9576],[-84.3892,33.9573],[-84.3895,33.957],[-84.3898,33.9568],[-84.39,33.9565],[-84.3903,33.9562],[-84.3906,33.956],[-84.3909,33.9557],[-84.3913,33.9554],[-84.3917,33.9552],[-84.3954,33.953],[-84.3955,33.9529],[-84.3959,33.9527],[-84.3964,33.9524],[-84.3968,33.9521],[-84.3972,33.9518],[-84.3976,33.9515],[-84.398,33.9512],[-84.3984,33.9509],[-84.3988,33.9506],[-84.3991,33.9502],[-84.3995,33.9499],[-84.3998,33.9495],[-84.3999,33.9494],[-84.4006,33.9487],[-84.4011,33.948],[-84.4012,33.948],[-84.4012,33.9479]]]}},{"type":"Feature","id":"13121010114","properties":{"GEOID":"13121010114","NAME":"Census Tract 101.14","AREALAND":4048808},"geometry":{"type":"Polygon","coordinates":[[[-84.3817,33.887],[-84.3817,33.8869],[-84.3817,33.8867],[-84.3817,33.8865],[-84.3817,33.8864],[-84.3816,33.8862],[-84.3815,33.8859],[-84.3814,33.8856],[-84.3813,33.8855],[-84.3813,33.8854],[-84.3812,33.8852],[-84.381,33.885],[-84.3809,33.8848],[-84.3807,33.8845],[-84.3807,33.8845],[-84.3805,33.8842],[-84.3804,33.884],[-84.3804,33.884],[-84.3804,33.8838],[-84.3803,33.8838],[-84.3801,33.8831],[-84.38,33.8828],[-84.3799,33.8825],[-84.3799,33.8823],[-84.3799,33.8821],[-84.3798,33.882],[-84.3798,33.8819],[-84.3798,33.8817],[-84.3798,33.8813],[-84.3798,33.8812],[-84.3798,33.8811],[-84.3798,33.8809],[-84.3798,33.8807],[-84.3798,33.8799],[-84.3798,33.879],[-84.3798,33.8788],[-84.3798,33.8781],[-84.3798,33.8774],[-84.3798,33.8773],[-84.3798,33.8771],[-84.3799,33.877],[-84.3799,33.8768],[-84.3792,33.8766],[-84.379,33.8765],[-84.3788,33.8764],[-84.3786,33.8763],[-84.3783,33.876],[-84.3775,33.8755],[-84.3772,33.8753],[-84.3769,33.875],[-84.3768,33.8749],[-84.3767,33.8748],[-84.3763,33.8742],[-84.3763,33.8741],[-84.3757,33.8733],[-84.3757,33.8732],[-84.3757,33.8731],[-84.3754,33.8731],[-84.375,33.8731],[-84.3749,33.8731],[-84.3749,33.8733],[-84.3748,33.8738],[-84.3748,33.874],[-84.3746,33.8744],[-84.3745,33.8746],[-84.3745,33.8747],[-84.3746,33.8748],[-84.3747,33.8749],[-84.3747,33.875],[-84.3747,33.8751],[-84.3747,33.8752],[-84.3746,33.8753],[-84.3744,33.8753],[-84.3744,33.8754],[-84.3744,33.8755],[-84.3744,33.8755],[-84.3745,33.8757],[-84.3745,33.8758],[-84.3745,33.8759],[-84.3744,33.876],[-84.3743,33.876],[-84.3742,33.8761],[-84.3741,33.8761],[-84.3738,33.8761],[-84.3734,33.8762],[-84.3731,33.8762],[-84.3727,33.8762],[-84.3725,33.8762],[-84.3724,33.8762],[-84.3723,33.8762],[-84.3722,33.8762],[-84.3721,33.8763],[-84.372,33.8763],[-84.372,33.8765],[-84.372,33.8766],[-84.372,33.8767],[-84.3722,33.8769],[-84.3722,33.877],[-84.3722,33.877],[-84.3722,33.8771],[-84.3722,33.8772],[-84.3721,33.8772],[-84.3721,33.8773],[-84.372,33.8773],[-84.3719,33.8773],[-84.3715,33.8774],[-84.3711,33.8775],[-84.371,33.8776],[-84.3709,33.8776],[-84.3708,33.8777],[-84.3703,33.8779],[-84.3703,33.878],[-84.3703,33.878],[-84.3702,33.878],[-84.3701,33.8781],[-84.37,33.8781],[-84.3698,33.8782],[-84.3697,33.8782],[-84.3696,33.8783],[-84.3695,33.8783],[-84.3694,33.8784],[-84.3693,33.8784],[-84.3692,33.8785],[-84.3691,33.8787],[-84.369,33.8787],[-84.3689,33.8788],[-84.3688,33.8789],[-84.3688,33.8789],[-84.3687,33.8789],[-84.3686,33.879],[-84.3684,33.879],[-84.3682,33.8791],[-84.3682,33.879],[-84.3682,33.879],[-84.3682,33.8791],[-84.3681,33.8791],[-84.368,33.8791],[-84.368,33.8791],[-84.3679,33.8791],[-84.3678,33.8791],[-84.3678,33.8791],[-84.3678,33.8791],[-84.3677,33.8791],[-84.3677,33.8791],[-84.3676,33.8791],[-84.3675,33.8791],[-84.3674,33.8791],[-84.3673,33.8792],[-84.3673,33.8793],[-84.3672,33.8793],[-84.3671,33.8794],[-84.3671,33.8795],[-84.3668,33.8795],[-84.3668,33.8796],[-84.3666,33.8797],[-84.3666,33.8798],[-84.3665,33.8799],[-84.3665,33.88],[-84.3664,33.88],[-84.3663,33.8801],[-84.3657,33.8806],[-84.3656,33.8807],[-84.3655,33.8808],[-84.3655,33.8808],[-84.3654,33.8809],[-84.3654,33.881],[-84.3653,33.8811],[-84.3652,33.8811],[-84.3651,33.8813],[-84.3649,33.8815],[-84.3648,33.8815],[-84.3648,33.8815],[-84.3648,33.8816],[-84.3646,33.8817],[-84.3643,33.882],[-84.3643,33.8821],[-84.3643,33.8825],[-84.3643,33.883],[-84.3643,33.8834],[-84.3643,33.8841],[-84.3643,33.8845],[-84.3644,33.8848],[-84.3644,33.8857],[-84.3644,33.8873],[-84.3645,33.8884],[-84.3645,33.8893],[-84.3646,33.8922],[-84.3646,33.8925],[-84.3646,33.8928],[-84.3645,33.8931],[-84.3645,33.8931],[-84.3644,33.8933],[-84.3643,33.8936],[-84.3642,33.8938],[-84.3641,33.894],[-84.3641,33.8942],[-84.3637,33.8947],[-84.3639,33.8948],[-84.3642,33.895],[-84.3643,33.8951],[-84.3645,33.8952],[-84.3648,33.8954],[-84.3658,33.8964],[-84.3661,33.8967],[-84.3667,33.8972],[-84.3668,33.8973],[-84.3669,33.8974],[-84.367,33.8974],[-84.3674,33.8983],[-84.3676,33.8988],[-84.3678,33.8992],[-84.3679,33.8993],[-84.3679,33.8995],[-84.368,33.8997],[-84.3681,33.9001],[-84.3681,33.9002],[-84.3682,33.9003],[-84.3685,33.9008],[-84.369,33.9014],[-84.3693,33.9016],[-84.3694,33.9018],[-84.3696,33.9021],[-84.3697,33.9023],[-84.3699,33.9027],[-84.3701,33.903],[-84.3703,33.9033],[-84.3704,33.9035],[-84.3704,33.9036],[-84.3705,33.9036],[-84.3706,33.9037],[-84.3707,33.9038],[-84.3708,33.9039],[-84.371,33.904],[-84.3711,33.9041],[-84.3712,33.9042],[-84.3718,33.9041],[-84.372,33.9041],[-84.3722,33.904],[-84.3724,33.904],[-84.3725,33.9039],[-84.3727,33.9038],[-84.3729,33.9036],[-84.3733,33.9033],[-84.3737,33.903],[-84.3738,33.9029],[-84.374,33.9028],[-84.3742,33.9027],[-84.3757,33.9027],[-84.3768,33.9028],[-84.3769,33.9027],[-84.377,33.9027],[-84.3772,33.9027],[-84.3774,33.9026],[-84.3776,33.9025],[-84.3783,33.9022],[-84.3783,33.9022],[-84.3784,33.9021],[-84.3785,33.9021],[-84.3786,33.9021],[-84.3788,33.9021],[-84.3788,33.902],[-84.3789,33.9019],[-84.3798,33.9008],[-84.38,33.9006],[-84.3803,33.9002],[-84.3806,33.8998],[-84.3808,33.8996],[-84.3809,33.8994],[-84.3811,33.899],[-84.3813,33.8986],[-84.3814,33.8983],[-84.3815,33.8979],[-84.3815,33.8977],[-84.3816,33.8975],[-84.3816,33.8972],[-84.3815,33.8967],[-84.3815,33.8965],[-84.3814,33.895],[-84.3813,33.8939],[-84.3812,33.8929],[-84.3811,33.8927],[-84.3812,33.8923],[-84.3812,33.8916],[-84.3813,33.891],[-84.3813,33.8906],[-84.3815,33.8888],[-84.3816,33.8881],[-84.3816,33.888],[-84.3817,33.887]]]}},{"type":"Feature","id":"13121010122","properties":{"GEOID":"13121010122","NAME":"Census Tract 101.22","AREALAND":3214739},"geometry":{"type":"Polygon","coordinates":[[[-84.3582,33.9449],[-84.3581,33.9443],[-84.3581,33.9433],[-84.3581,33.9425],[-84.3581,33.9424],[-84.358,33.9415],[-84.358,33.94],[-84.3579,33.9383],[-84.3579,33.937],[-84.358,33.9367],[-84.3579,33.9348],[-84.3579,33.9342],[-84.3579,33.9339],[-84.3579,33.9336],[-84.3579,33.9333],[-84.3579,33.9312],[-84.3579,33.9301],[-84.3579,33.9298],[-84.3577,33.9299],[-84.3576,33.9299],[-84.3571,33.9301],[-84.3562,33.9305],[-84.3542,33.9313],[-84.3533,33.9318],[-84.3526,33.9322],[-84.3523,33.9324],[-84.3521,33.9326],[-84.3516,33.9331],[-84.3512,33.9335],[-84.35,33.9349],[-84.35,33.9351],[-84.3496,33.9356],[-84.3492,33.9362],[-84.349,33.9363],[-84.3484,33.9372],[-84.3479,33.938],[-84.3478,33.938],[-84.3478,33.9389],[-84.3478,33.9398],[-84.3478,33.9402],[-84.3478,33.9406],[-84.3478,33.9412],[-84.3478,33.944],[-84.3478,33.9444],[-84.3476,33.9476],[-84.3476,33.9478],[-84.3478,33.9496],[-84.3478,33.9497],[-84.3478,33.9501],[-84.3478,33.9511],[-84.3478,33.9587],[-84.3478,33.9593],[-84.3477,33.9601],[-84.3477,33.9603],[-84.3477,33.9611],[-84.3477,33.9611],[-84.3478,33.9619],[-84.3478,33.9629],[-84.3478,33.9632],[-84.3478,33.9633],[-84.3477,33.964],[-84.3475,33.9655],[-84.3474,33.9661],[-84.3474,33.9663],[-84.3474,33.9665],[-84.3474,33.9668],[-84.3474,33.9678],[-84.3474,33.9678],[-84.3474,33.9679],[-84.3474,33.9681],[-84.3469,33.9681],[-84.3468,33.9681],[-84.3468,33.9677],[-84.3467,33.9673],[-84.3467,33.9669],[-84.3467,33.9668],[-84.3468,33.9666],[-84.3468,33.9665],[-84.3468,33.9664],[-84.3467,33.9663],[-84.3466,33.9662],[-84.3465,33.9661],[-84.3464,33.966],[-84.3462,33.966],[-84.3461,33.9661],[-84.345,33.967],[-84.3437,33.9677],[-84.3436,33.9678],[-84.3431,33.9681],[-84.3426,33.9681],[-84.3424,33.9681],[-84.3424,33.9681],[-84.3422,33.9682],[-84.3419,33.9685],[-84.3414,33.9687],[-84.3413,33.9687],[-84.3411,33.9689],[-84.3409,33.9691],[-84.3407,33.9695],[-84.3406,33.9696],[-84.3404,33.9697],[-84.3403,33.9697],[-84.3403,33.9697],[-84.3401,33.9698],[-84.34,33.9698],[-84.3399,33.9698],[-84.3398,33.9698],[-84.3396,33.97],[-84.3393,33.97],[-84.3391,33.9696],[-84.3389,33.9697],[-84.3385,33.97],[-84.3383,33.9701],[-84.3379,33.9704],[-84.3376,33.9706],[-84.3374,33.9708],[-84.3373,33.9709],[-84.3374,33.9709],[-84.3395,33.971],[-84.3412,33.9707],[-84.3414,33.9706],[-84.3415,33.9705],[-84.3418,33.9702],[-84.3423,33.9698],[-84.3425,33.9696],[-84.3428,33.9695],[-84.3434,33.9691],[-84.3445,33.9684],[-84.3459,33.9691],[-84.3477,33.9701],[-84.3479,33.9702],[-84.3488,33.9684],[-84.349,33.9679],[-84.3498,33.9666],[-84.3501,33.966],[-84.3502,33.9659],[-84.3502,33.9659],[-84.3504,33.9656],[-84.3505,33.9655],[-84.351,33.9647],[-84.3516,33.9639],[-84.3522,33.963],[-84.3535,33.9611],[-84.3541,33.9602],[-84.3545,33.9596],[-84.3546,33.9596],[-84.3547,33.9593],[-84.3557,33.9579],[-84.356,33.9574],[-84.3564,33.9568],[-84.3566,33.9563],[-84.3568,33.9558],[-84.3569,33.9556],[-84.3572,33.9548],[-84.3575,33.9538],[-84.3576,33.9535],[-84.3577,33.953],[-84.3577,33.9526],[-84.3578,33.952],[-84.3579,33.9515],[-84.3579,33.9512],[-84.3579,33.9511],[-84.3579,33.951],[-84.3579,33.9509],[-84.3579,33.9509],[-84.3579,33.9509],[-84.3579,33.9509],[-84.358,33.9487],[-84.358,33.9484],[-84.3581,33.947],[-84.3581,33.9468],[-84.3581,33.946],[-84.3582,33.9449]]]}},{"type":"Feature","id":"13121010115","properties":{"GEOID":"13121010115","NAME":"Census Tract 101.15","AREALAND":3451060},"geometry":{"type":"Polygon","coordinates":[[[-84.3646,33.8925],[-84.3646,33.8922],[-84.3645,33.8893],[-84.3645,33.8884],[-84.3644,33.8873],[-84.3644,33.8857],[-84.3644,33.8848],[-84.3643,33.8845],[-84.3643,33.8841],[-84.3643,33.8834],[-84.3643,33.883],[-84.3643,33.8825],[-84.3643,33.8821],[-84.3643,33.882],[-84.3643,33.882],[-84.3641,33.8822],[-84.364,33.8823],[-84.3639,33.8823],[-84.3638,33.8824],[-84.3637,33.8824],[-84.3636,33.8824],[-84.3635,33.8824],[-84.3632,33.8823],[-84.3631,33.8822],[-84.3627,33.8823],[-84.3626,33.8823],[-84.3625,33.8822],[-84.3624,33.8822],[-84.3624,33.8821],[-84.3623,33.8819],[-84.3622,33.8819],[-84.3621,33.8819],[-84.3621,33.8819],[-84.362,33.8819],[-84.3619,33.882],[-84.3619,33.8821],[-84.3618,33.8821],[-84.3617,33.8822],[-84.3616,33.8822],[-84.3616,33.8822],[-84.3615,33.8822],[-84.3614,33.8822],[-84.3613,33.8822],[-84.3612,33.8823],[-84.3611,33.8824],[-84.3611,33.8824],[-84.361,33.8825],[-84.361,33.8826],[-84.3609,33.8827],[-84.3608,33.8827],[-84.3607,33.8827],[-84.3606,33.8827],[-84.3605,33.8827],[-84.3604,33.8827],[-84.3603,33.8826],[-84.3603,33.8826],[-84.3602,33.8825],[-84.3602,33.8824],[-84.3601,33.8824],[-84.36,33.8825],[-84.3599,33.8826],[-84.3598,33.8829],[-84.3597,33.883],[-84.3596,33.8831],[-84.3595,33.8831],[-84.3594,33.8831],[-84.3593,33.8832],[-84.3593,33.8833],[-84.3593,33.8834],[-84.3593,33.8835],[-84.3593,33.8835],[-84.3592,33.8836],[-84.3591,33.8836],[-84.359,33.8837],[-84.359,33.8837],[-84.3589,33.8837],[-84.3589,33.8838],[-84.359,33.8839],[-84.3591,33.8839],[-84.3591,33.884],[-84.3592,33.8841],[-84.3592,33.8842],[-84.3592,33.8843],[-84.3592,33.8844],[-84.359,33.8848],[-84.359,33.8849],[-84.359,33.885],[-84.359,33.8851],[-84.359,33.8852],[-84.359,33.8853],[-84.359,33.8854],[-84.359,33.8854],[-84.3591,33.8855],[-84.3592,33.8856],[-84.3592,33.8856],[-84.3593,33.8857],[-84.3594,33.8858],[-84.3593,33.8859],[-84.3593,33.8859],[-84.3593,33.886],[-84.3592,33.886],[-84.3592,33.886],[-84.3591,33.886],[-84.359,33.8861],[-84.3589,33.8861],[-84.3589,33.8861],[-84.3589,33.8861],[-84.3589,33.8862],[-84.3589,33.8863],[-84.3589,33.8864],[-84.3588,33.8865],[-84.3587,33.8866],[-84.3586,33.8867],[-84.3585,33.8868],[-84.3581,33.887],[-84.358,33.8871],[-84.358,33.8871],[-84.3579,33.8873],[-84.3578,33.8875],[-84.3577,33.8876],[-84.3576,33.8878],[-84.3576,33.8881],[-84.3575,33.8882],[-84.3574,33.8883],[-84.3573,33.8883],[-84.3572,33.8882],[-84.3571,33.8882],[-84.357,33.8882],[-84.3569,33.8882],[-84.3568,33.8882],[-84.3567,33.8883],[-84.3566,33.8883],[-84.3565,33.8883],[-84.3564,33.8883],[-84.3563,33.8882],[-84.3562,33.8882],[-84.3561,33.8882],[-84.356,33.8882],[-84.3559,33.8882],[-84.3556,33.8882],[-84.3555,33.8882],[-84.3554,33.8881],[-84.3553,33.8881],[-84.3552,33.8881],[-84.3551,33.888],[-84.355,33.888],[-84.3548,33.888],[-84.3547,33.888],[-84.3545,33.8881],[-84.3545,33.8881],[-84.3544,33.8882],[-84.3542,33.8883],[-84.3542,33.8884],[-84.3541,33.8884],[-84.3541,33.8884],[-84.3539,33.8885],[-84.3538,33.8885],[-84.3537,33.8885],[-84.3536,33.8885],[-84.3535,33.8884],[-84.3534,33.8884],[-84.3534,33.8884],[-84.3533,33.8884],[-84.3532,33.8883],[-84.3531,33.8883],[-84.353,33.8884],[-84.3528,33.8884],[-84.3527,33.8885],[-84.3526,33.8885],[-84.3524,33.8886],[-84.3522,33.8887],[-84.3521,33.8887],[-84.3518,33.8888],[-84.3517,33.8888],[-84.3515,33.8889],[-84.3514,33.8889],[-84.3511,33.8891],[-84.3508,33.8893],[-84.3502,33.8897],[-84.3498,33.89],[-84.3498,33.89],[-84.3496,33.8901],[-84.3494,33.8902],[-84.3493,33.8903],[-84.3492,33.8903],[-84.3491,33.8903],[-84.3488,33.8904],[-84.3487,33.8905],[-84.3487,33.8906],[-84.3486,33.8906],[-84.3486,33.8907],[-84.3485,33.8908],[-84.3484,33.8909],[-84.3483,33.8909],[-84.3483,33.8909],[-84.3483,33.891],[-84.3483,33.8915],[-84.3483,33.8924],[-84.3483,33.8929],[-84.3483,33.8933],[-84.3483,33.8936],[-84.3482,33.8958],[-84.3482,33.896],[-84.3482,33.8962],[-84.3482,33.8965],[-84.3482,33.8977],[-84.3482,33.9003],[-84.3482,33.9008],[-84.3482,33.9016],[-84.3482,33.9017],[-84.3482,33.9018],[-84.3482,33.9022],[-84.3482,33.9024],[-84.3482,33.9027],[-84.3482,33.9034],[-84.3482,33.9049],[-84.3482,33.9064],[-84.3481,33.9091],[-84.348,33.9105],[-84.348,33.9106],[-84.348,33.9107],[-84.348,33.9107],[-84.348,33.9108],[-84.348,33.9108],[-84.348,33.9108],[-84.348,33.9108],[-84.348,33.9108],[-84.348,33.9108],[-84.348,33.9109],[-84.3479,33.9123],[-84.3479,33.9125],[-84.3479,33.9126],[-84.3479,33.9141],[-84.3479,33.9147],[-84.3479,33.915],[-84.3479,33.915],[-84.3485,33.9148],[-84.3492,33.9146],[-84.3521,33.9137],[-84.3528,33.9134],[-84.3537,33.9131],[-84.3559,33.9121],[-84.3567,33.9117],[-84.3567,33.9117],[-84.3567,33.9114],[-84.3567,33.911],[-84.3567,33.9104],[-84.3567,33.9103],[-84.3568,33.9098],[-84.3569,33.9089],[-84.3573,33.9074],[-84.3575,33.9068],[-84.3579,33.9057],[-84.3587,33.904],[-84.3589,33.9036],[-84.3592,33.9031],[-84.3593,33.9029],[-84.3594,33.9027],[-84.3595,33.9025],[-84.3602,33.9013],[-84.3618,33.8986],[-84.3623,33.8978],[-84.3626,33.8971],[-84.363,33.8964],[-84.3634,33.8957],[-84.3637,33.8952],[-84.3639,33.8948],[-84.3637,33.8947],[-84.3641,33.8942],[-84.3641,33.894],[-84.3642,33.8938],[-84.3643,33.8936],[-84.3644,33.8933],[-84.3645,33.8931],[-84.3645,33.8931],[-84.3646,33.8928],[-84.3646,33.8925]]]}},{"type":"Feature","id":"13121010113","properties":{"GEOID":"13121010113","NAME":"Census Tract 101.13","AREALAND":2197582},"geometry":{"type":"Polygon","coordinates":[[[-84.379,33.9121],[-84.3791,33.9121],[-84.379,33.9115],[-84.3789,33.911],[-84.3789,33.9102],[-84.3788,33.9101],[-84.3788,33.9096],[-84.3788,33.9089],[-84.3787,33.9078],[-84.3787,33.9075],[-84.3786,33.9055],[-84.3786,33.9043],[-84.3785,33.9034],[-84.3785,33.9032],[-84.3785,33.903],[-84.3785,33.9028],[-84.3786,33.9026],[-84.3786,33.9025],[-84.3787,33.9024],[-84.3787,33.9023],[-84.3787,33.9023],[-84.3788,33.9021],[-84.3786,33.9021],[-84.3785,33.9021],[-84.3784,33.9021],[-84.3783,33.9022],[-84.3783,33.9022],[-84.3776,33.9025],[-84.3774,33.9026],[-84.3772,33.9027],[-84.377,33.9027],[-84.3769,33.9027],[-84.3768,33.9028],[-84.3757,33.9027],[-84.3742,33.9027],[-84.374,33.9028],[-84.3738,33.9029],[-84.3737,33.903],[-84.3733,33.9033],[-84.3729,33.9036],[-84.3727,33.9038],[-84.3725,33.9039],[-84.3724,33.904],[-84.3722,33.904],[-84.372,33.9041],[-84.3718,33.9041],[-84.3712,33.9042],[-84.3711,33.9041],[-84.371,33.904],[-84.3708,33.9039],[-84.3707,33.9038],[-84.3706,33.9037],[-84.3705,33.9036],[-84.3704,33.9036],[-84.3704,33.9035],[-84.3703,33.9033],[-84.3701,33.903],[-84.3699,33.9027],[-84.3697,33.9023],[-84.3696,33.9021],[-84.3694,33.9018],[-84.3693,33.9016],[-84.369,33.9014],[-84.3685,33.9008],[-84.3682,33.9003],[-84.3681,33.9002],[-84.3681,33.9001],[-84.368,33.8997],[-84.3679,33.8995],[-84.3679,33.8993],[-84.3678,33.8992],[-84.3676,33.8988],[-84.3674,33.8983],[-84.367,33.8974],[-84.3669,33.8974],[-84.3668,33.8973],[-84.3667,33.8972],[-84.3661,33.8967],[-84.3658,33.8964],[-84.3648,33.8954],[-84.3645,33.8952],[-84.3643,33.8951],[-84.3642,33.895],[-84.3639,33.8948],[-84.3637,33.8952],[-84.3634,33.8957],[-84.363,33.8964],[-84.3626,33.8971],[-84.3623,33.8978],[-84.3618,33.8986],[-84.3602,33.9013],[-84.3595,33.9025],[-84.3594,33.9027],[-84.3593,33.9029],[-84.3592,33.9031],[-84.3589,33.9036],[-84.3587,33.904],[-84.3579,33.9057],[-84.3575,33.9068],[-84.3573,33.9074],[-84.3569,33.9089],[-84.3568,33.9098],[-84.3567,33.9103],[-84.3567,33.9104],[-84.3567,33.911],[-84.3567,33.9114],[-84.3567,33.9117],[-84.3567,33.9117],[-84.3575,33.9113],[-84.3576,33.9113],[-84.3586,33.9109],[-84.3591,33.9107],[-84.3596,33.9106],[-84.3601,33.9104],[-84.3604,33.9104],[-84.3615,33.9102],[-84.3616,33.9101],[-84.3618,33.9101],[-84.3621,33.9101],[-84.3627,33.91],[-84.3637,33.91],[-84.3643,33.91],[-84.3653,33.9101],[-84.3654,33.9101],[-84.3661,33.9102],[-84.3663,33.9102],[-84.3665,33.9103],[-84.3678,33.9105],[-84.3678,33.9105],[-84.3686,33.9107],[-84.3706,33.911],[-84.3727,33.9114],[-84.3739,33.9116],[-84.3742,33.9117],[-84.3745,33.9117],[-84.3746,33.9118],[-84.3751,33.9119],[-84.3757,33.9119],[-84.3767,33.9121],[-84.3771,33.9121],[-84.3775,33.9121],[-84.3779,33.9121],[-84.3784,33.9121],[-84.379,33.9121]]]}},{"type":"Feature","id":"13121010118","properties":{"GEOID":"13121010118","NAME":"Census Tract 101.18","AREALAND":1924970},"geometry":{"type":"Polygon","coordinates":[[[-84.361,33.9689],[-84.361,33.9684],[-84.3599,33.9684],[-84.3591,33.9684],[-84.3581,33.9684],[-84.3575,33.9684],[-84.3573,33.9684],[-84.3572,33.9684],[-84.3569,33.9684],[-84.3564,33.9682],[-84.356,33.968],[-84.3549,33.9676],[-84.3533,33.967],[-84.3507,33.966],[-84.3502,33.9659],[-84.3502,33.9659],[-84.3501,33.966],[-84.3498,33.9666],[-84.349,33.9679],[-84.3488,33.9684],[-84.3479,33.9702],[-84.3477,33.9701],[-84.3459,33.9691],[-84.3445,33.9684],[-84.3434,33.9691],[-84.3428,33.9695],[-84.3425,33.9696],[-84.3423,33.9698],[-84.3418,33.9702],[-84.3415,33.9705],[-84.3414,33.9706],[-84.3412,33.9707],[-84.3395,33.971],[-84.3398,33.9714],[-84.34,33.9716],[-84.3404,33.9724],[-84.3405,33.9725],[-84.3406,33.9727],[-84.3407,33.9729],[-84.3408,33.9732],[-84.3408,33.9734],[-84.3409,33.9739],[-84.3411,33.9747],[-84.3412,33.9748],[-84.3413,33.9752],[-84.3413,33.9753],[-84.3414,33.9757],[-84.3414,33.9761],[-84.3414,33.9764],[-84.3413,33.9772],[-84.341,33.9788],[-84.3409,33.9798],[-84.3409,33.98],[-84.3409,33.9801],[-84.3409,33.9803],[-84.3411,33.9808],[-84.3411,33.981],[-84.3411,33.9811],[-84.3411,33.9812],[-84.3411,33.9814],[-84.341,33.9815],[-84.3408,33.9817],[-84.3405,33.9822],[-84.3406,33.9822],[-84.3409,33.9823],[-84.3411,33.9823],[-84.3412,33.9823],[-84.3416,33.9823],[-84.3419,33.9823],[-84.3424,33.9822],[-84.3431,33.9822],[-84.3432,33.9821],[-84.3455,33.9819],[-84.3456,33.9819],[-84.3473,33.9818],[-84.3482,33.9817],[-84.3494,33.9816],[-84.3497,33.9815],[-84.35,33.9815],[-84.3503,33.9814],[-84.3503,33.981],[-84.3503,33.9807],[-84.3504,33.9803],[-84.3505,33.9798],[-84.3507,33.9794],[-84.3508,33.9792],[-84.3511,33.9785],[-84.3511,33.9783],[-84.3512,33.9781],[-84.3515,33.9775],[-84.3516,33.9772],[-84.3518,33.9768],[-84.352,33.9765],[-84.3521,33.9763],[-84.3522,33.976],[-84.3524,33.9758],[-84.3525,33.9757],[-84.3526,33.9756],[-84.3528,33.9755],[-84.3529,33.9754],[-84.3533,33.9752],[-84.3537,33.9751],[-84.3538,33.975],[-84.3539,33.975],[-84.3542,33.9749],[-84.3548,33.9746],[-84.3551,33.9744],[-84.3552,33.9744],[-84.3552,33.9744],[-84.3555,33.9743],[-84.3558,33.9742],[-84.3563,33.974],[-84.3567,33.9738],[-84.3569,33.9736],[-84.3571,33.9735],[-84.3574,33.9733],[-84.3575,33.9732],[-84.3576,33.973],[-84.3581,33.9722],[-84.3586,33.9715],[-84.3588,33.9712],[-84.3591,33.9709],[-84.36,33.97],[-84.3601,33.9699],[-84.3606,33.9694],[-84.361,33.9689]]]}},{"type":"Feature","id":"13121011419","properties":{"GEOID":"13121011419","NAME":"Census Tract 114.19","AREALAND":6838658},"geometry":{"type":"Polygon","coordinates":[[[-84.4022,34.0596],[-84.4022,34.0592],[-84.4022,34.0589],[-84.4021,34.0586],[-84.402,34.0583],[-84.4017,34.0577],[-84.4016,34.0573],[-84.4012,34.0565],[-84.4009,34.0558],[-84.4008,34.0556],[-84.4005,34.0552],[-84.4004,34.0551],[-84.4003,34.0549],[-84.4001,34.0547],[-84.398,34.0527],[-84.3973,34.0521],[-84.397,34.0517],[-84.3965,34.0513],[-84.3963,34.051],[-84.3961,34.0508],[-84.3959,34.0505],[-84.3959,34.0503],[-84.3958,34.0502],[-84.3958,34.05],[-84.3958,34.0498],[-84.3958,34.0493],[-84.3958,34.0489],[-84.3958,34.0486],[-84.3958,34.048],[-84.3959,34.0478],[-84.396,34.0475],[-84.396,34.0473],[-84.3961,34.0471],[-84.3942,34.0471],[-84.3899,34.047],[-84.3885,34.0469],[-84.3868,34.0469],[-84.3855,34.0469],[-84.3845,34.0469],[-84.3834,34.0469],[-84.3826,34.0469],[-84.3797,34.0468],[-84.3785,34.0468],[-84.3777,34.0468],[-84.3766,34.0468],[-84.3759,34.0468],[-84.3752,34.0464],[-84.375,34.0462],[-84.3748,34.0461],[-84.3746,34.0459],[-84.3744,34.0456],[-84.3742,34.0454],[-84.3741,34.0452],[-84.3738,34.0446],[-84.3734,34.044],[-84.3732,34.0437],[-84.3726,34.0425],[-84.3725,34.0423],[-84.3721,34.0416],[-84.3718,34.041],[-84.3715,34.0404],[-84.3709,34.0394],[-84.3708,34.0393],[-84.3708,34.0392],[-84.3707,34.039],[-84.3706,34.0389],[-84.3701,34.0385],[-84.3694,34.0378],[-84.3681,34.0364],[-84.368,34.0362],[-84.3675,34.0358],[-84.3664,34.0348],[-84.3657,34.034],[-84.3654,34.0338],[-84.3649,34.0334],[-84.3648,34.0332],[-84.3646,34.0331],[-84.3644,34.033],[-84.3635,34.0324],[-84.3628,34.0321],[-84.3624,34.0318],[-84.3614,34.0313],[-84.3609,34.0311],[-84.3594,34.0304],[-84.3586,34.0302],[-84.3578,34.0298],[-84.3565,34.0293],[-84.3565,34.0293],[-84.3564,34.0292],[-84.3556,34.0297],[-84.3534,34.031],[-84.3527,34.0315],[-84.3511,34.0323],[-84.3508,34.0325],[-84.3504,34.0327],[-84.3502,34.0329],[-84.3499,34.0331],[-84.3496,34.0333],[-84.3492,34.0337],[-84.3489,34.0339],[-84.3487,34.034],[-84.3485,34.034],[-84.3483,34.0341],[-84.3481,34.0342],[-84.348,34.0342],[-84.3464,34.0346],[-84.3455,34.0349],[-84.3451,34.035],[-84.345,34.035],[-84.3448,34.0351],[-84.3446,34.0352],[-84.3444,34.0354],[-84.3442,34.0355],[-84.3441,34.0356],[-84.344,34.0358],[-84.3438,34.0359],[-84.3437,34.0361],[-84.3437,34.0363],[-84.3435,34.0366],[-84.3435,34.0368],[-84.3439,34.037],[-84.3449,34.0375],[-84.3456,34.0378],[-84.3462,34.0381],[-84.3463,34.0381],[-84.3471,34.0383],[-84.348,34.0387],[-84.349,34.0392],[-84.3492,34.0393],[-84.3495,34.0394],[-84.3503,34.0398],[-84.3511,34.0404],[-84.3514,34.0406],[-84.3519,34.041],[-84.3521,34.0411],[-84.3523,34.0412],[-84.3525,34.0413],[-84.3532,34.0416],[-84.3536,34.0418],[-84.3541,34.042],[-84.3553,34.0425],[-84.3556,34.0428],[-84.3558,34.0429],[-84.3563,34.0433],[-84.3566,34.0435],[-84.3571,34.0441],[-84.3588,34.0458],[-84.3597,34.0467],[-84.3599,34.0469],[-84.3602,34.0472],[-84.3609,34.0478],[-84.3611,34.0481],[-84.3619,34.0486],[-84.3622,34.0488],[-84.3624,34.0489],[-84.3626,34.049],[-84.363,34.0492],[-84.3634,34.0494],[-84.3635,34.0494],[-84.3638,34.0495],[-84.3642,34.0496],[-84.3656,34.05],[-84.3664,34.0503],[-84.3668,34.0504],[-84.3673,34.0507],[-84.3679,34.0509],[-84.3685,34.0512],[-84.3689,34.0515],[-84.369,34.0516],[-84.3708,34.0527],[-84.3714,34.0529],[-84.3716,34.0529],[-84.372,34.0532],[-84.3723,34.0532],[-84.3725,34.0533],[-84.3726,34.0534],[-84.3728,34.0534],[-84.3729,34.0535],[-84.3739,34.0537],[-84.3744,34.0538],[-84.3748,34.0539],[-84.3755,34.0541],[-84.3759,34.0543],[-84.3765,34.0546],[-84.3767,34.0548],[-84.3775,34.0556],[-84.378,34.0561],[-84.3786,34.0565],[-84.3793,34.0572],[-84.3797,34.0575],[-84.3799,34.0577],[-84.3805,34.058],[-84.381,34.0583],[-84.3813,34.0584],[-84.3835,34.0594],[-84.3835,34.0594],[-84.3839,34.0596],[-84.3845,34.0598],[-84.387,34.0608],[-84.388,34.0612],[-84.3882,34.0613],[-84.3894,34.0617],[-84.3906,34.0623],[-84.3907,34.0623],[-84.3909,34.0624],[-84.3913,34.0625],[-84.3916,34.0626],[-84.3917,34.0626],[-84.3921,34.0626],[-84.3938,34.0628],[-84.3941,34.0628],[-84.3943,34.0628],[-84.3945,34.0628],[-84.3949,34.0628],[-84.3953,34.0627],[-84.3957,34.0626],[-84.3962,34.0625],[-84.3981,34.062],[-84.3989,34.0617],[-84.3993,34.0617],[-84.3996,34.0617],[-84.3998,34.0617],[-84.4001,34.0617],[-84.4003,34.0617],[-84.4005,34.0617],[-84.4008,34.0618],[-84.401,34.0618],[-84.4011,34.0617],[-84.4012,34.0616],[-84.4016,34.061],[-84.4018,34.0608],[-84.4019,34.0606],[-84.402,34.0603],[-84.4021,34.0599],[-84.4022,34.0598],[-84.4022,34.0596]]]}},{"type":"Feature","id":"13121007806","properties":{"GEOID":"13121007806","NAME":"Census Tract 78.06","AREALAND":4933249},"geometry":{"type":"Polygon","coordinates":[[[-84.5283,33.752],[-84.5282,33.7518],[-84.5281,33.7516],[-84.5281,33.7515],[-84.5281,33.7512],[-84.5281,33.751],[-84.5281,33.7508],[-84.5282,33.7507],[-84.5282,33.7504],[-84.5282,33.7502],[-84.5282,33.7499],[-84.5281,33.7496],[-84.528,33.7493],[-84.5279,33.749],[-84.5279,33.7487],[-84.528,33.7481],[-84.528,33.7478],[-84.5281,33.7471],[-84.528,33.7462],[-84.5254,33.7462],[-84.5243,33.7463],[-84.5242,33.7463],[-84.524,33.7464],[-84.5238,33.7465],[-84.5225,33.7429],[-84.5225,33.7427],[-84.5225,33.7425],[-84.5224,33.7424],[-84.5224,33.7423],[-84.5224,33.7422],[-84.5224,33.742],[-84.5225,33.742],[-84.5226,33.7419],[-84.5227,33.7419],[-84.5228,33.7418],[-84.5229,33.7417],[-84.523,33.7417],[-84.5231,33.7416],[-84.5232,33.7415],[-84.5233,33.7415],[-84.5234,33.7415],[-84.5234,33.7414],[-84.5234,33.7414],[-84.5237,33.7418],[-84.5235,33.7413],[-84.5237,33.741],[-84.5238,33.7409],[-84.524,33.7407],[-84.5242,33.7407],[-84.5243,33.7407],[-84.5246,33.7406],[-84.5248,33.7406],[-84.525,33.7404],[-84.5251,33.7403],[-84.5252,33.7403],[-84.5254,33.7401],[-84.5254,33.7401],[-84.5257,33.7399],[-84.5254,33.7399],[-84.5251,33.7398],[-84.525,33.7396],[-84.5249,33.7394],[-84.5248,33.7393],[-84.5248,33.7392],[-84.5247,33.7391],[-84.5247,33.739],[-84.5247,33.739],[-84.5246,33.739],[-84.5246,33.739],[-84.5246,33.739],[-84.5245,33.7389],[-84.5243,33.7388],[-84.5243,33.7388],[-84.5242,33.7387],[-84.5242,33.7386],[-84.5242,33.7386],[-84.5241,33.7384],[-84.5241,33.7383],[-84.5241,33.7382],[-84.524,33.7381],[-84.5239,33.7381],[-84.5238,33.7381],[-84.5236,33.7381],[-84.5234,33.7381],[-84.5233,33.7381],[-84.5232,33.738],[-84.5231,33.7378],[-84.523,33.7377],[-84.523,33.7376],[-84.5227,33.7373],[-84.5224,33.7369],[-84.5221,33.7368],[-84.5212,33.7364],[-84.5199,33.7359],[-84.5188,33.7355],[-84.5182,33.7353],[-84.5181,33.7352],[-84.5181,33.7352],[-84.5177,33.7349],[-84.5175,33.7346],[-84.5174,33.7345],[-84.5173,33.7344],[-84.5172,33.7343],[-84.5172,33.7342],[-84.5172,33.7342],[-84.5171,33.734],[-84.5171,33.7338],[-84.517,33.7333],[-84.517,33.733],[-84.517,33.7328],[-84.5172,33.7324],[-84.5173,33.7322],[-84.5173,33.7321],[-84.5174,33.732],[-84.5175,33.7319],[-84.5175,33.7318],[-84.5176,33.7316],[-84.5176,33.7315],[-84.5176,33.7314],[-84.5177,33.7312],[-84.5177,33.731],[-84.5176,33.7305],[-84.5176,33.7304],[-84.5176,33.7303],[-84.5175,33.73],[-84.5174,33.7299],[-84.5173,33.7297],[-84.5172,33.7296],[-84.5167,33.729],[-84.5164,33.7287],[-84.5162,33.7284],[-84.5157,33.7279],[-84.5154,33.7276],[-84.5151,33.7273],[-84.5149,33.727],[-84.5149,33.727],[-84.5148,33.7269],[-84.5147,33.7267],[-84.5145,33.7265],[-84.5145,33.7264],[-84.5145,33.7263],[-84.5143,33.7258],[-84.5142,33.7251],[-84.5125,33.7243],[-84.5123,33.7242],[-84.5118,33.7241],[-84.5113,33.724],[-84.5111,33.7239],[-84.5102,33.7238],[-84.5107,33.7245],[-84.511,33.725],[-84.511,33.7252],[-84.5111,33.7254],[-84.511,33.7256],[-84.5106,33.7271],[-84.5105,33.7278],[-84.5105,33.7278],[-84.5104,33.7279],[-84.5104,33.728],[-84.5104,33.7281],[-84.5104,33.7284],[-84.5104,33.729],[-84.5105,33.7295],[-84.5105,33.7297],[-84.5104,33.7299],[-84.5104,33.7303],[-84.5103,33.7309],[-84.51,33.731],[-84.5099,33.7311],[-84.5098,33.7311],[-84.5095,33.7313],[-84.5094,33.7315],[-84.5093,33.7315],[-84.5093,33.7316],[-84.5091,33.7318],[-84.5089,33.7321],[-84.5088,33.7321],[-84.5088,33.7323],[-84.5088,33.7324],[-84.5087,33.7326],[-84.5087,33.7328],[-84.5086,33.733],[-84.5086,33.7332],[-84.5087,33.7334],[-84.5087,33.7338],[-84.5089,33.7352],[-84.509,33.7356],[-84.5091,33.7364],[-84.5091,33.7369],[-84.5091,33.737],[-84.5091,33.7373],[-84.5091,33.7377],[-84.5091,33.738],[-84.509,33.7382],[-84.5089,33.7388],[-84.5088,33.7389],[-84.5086,33.7394],[-84.5084,33.7396],[-84.5085,33.7397],[-84.5088,33.7398],[-84.5089,33.7399],[-84.5092,33.74],[-84.51,33.7406],[-84.5102,33.7407],[-84.5104,33.7407],[-84.5104,33.7412],[-84.5105,33.7414],[-84.5104,33.7417],[-84.5104,33.742],[-84.5103,33.7422],[-84.5101,33.7425],[-84.5101,33.7425],[-84.5095,33.7437],[-84.5089,33.7448],[-84.5087,33.7451],[-84.5086,33.7453],[-84.5086,33.7455],[-84.5086,33.7455],[-84.5084,33.7482],[-84.5084,33.7485],[-84.5083,33.7487],[-84.5076,33.75],[-84.506,33.7529],[-84.5057,33.7537],[-84.5056,33.7539],[-84.5055,33.7542],[-84.5055,33.7552],[-84.5055,33.757],[-84.5055,33.7575],[-84.5055,33.7592],[-84.5055,33.7596],[-84.5076,33.7615],[-84.508,33.7619],[-84.508,33.7618],[-84.5081,33.7618],[-84.5082,33.7618],[-84.5083,33.7618],[-84.5141,33.7618],[-84.5143,33.7619],[-84.5145,33.762],[-84.5147,33.762],[-84.5156,33.762],[-84.5171,33.7621],[-84.5173,33.762],[-84.5175,33.762],[-84.5177,33.7619],[-84.5178,33.7618],[-84.5185,33.7613],[-84.5193,33.7607],[-84.5188,33.7602],[-84.5184,33.7598],[-84.5183,33.7597],[-84.5183,33.7596],[-84.5182,33.7594],[-84.5182,33.7588],[-84.5192,33.7588],[-84.5194,33.7589],[-84.5196,33.7589],[-84.5197,33.7587],[-84.5198,33.7586],[-84.5198,33.7584],[-84.5198,33.7579],[-84.5198,33.7573],[-84.5198,33.7572],[-84.5199,33.757],[-84.5199,33.7569],[-84.52,33.7568],[-84.5201,33.7567],[-84.5202,33.7566],[-84.5208,33.7563],[-84.521,33.7561],[-84.5212,33.756],[-84.5213,33.7558],[-84.5214,33.7556],[-84.5214,33.7554],[-84.5215,33.7553],[-84.5215,33.7551],[-84.5214,33.7546],[-84.5218,33.7545],[-84.5227,33.7544],[-84.5231,33.7543],[-84.5233,33.7543],[-84.5235,33.7542],[-84.5239,33.754],[-84.525,33.7535],[-84.5283,33.752]]]}},{"type":"Feature","id":"13121007808","properties":{"GEOID":"13121007808","NAME":"Census Tract 78.08","AREALAND":1630896},"geometry":{"type":"Polygon","coordinates":[[[-84.5105,33.7414],[-84.5104,33.7412],[-84.5104,33.7407],[-84.5102,33.7407],[-84.51,33.7406],[-84.5092,33.74],[-84.5089,33.7399],[-84.5088,33.7398],[-84.5085,33.7397],[-84.5084,33.7396],[-84.5078,33.7406],[-84.5064,33.7427],[-84.5058,33.7435],[-84.5051,33.7445],[-84.5045,33.7455],[-84.5038,33.7465],[-84.5031,33.7475],[-84.5031,33.7475],[-84.5026,33.7483],[-84.5023,33.7487],[-84.502,33.7491],[-84.5019,33.7493],[-84.5018,33.7495],[-84.5017,33.7496],[-84.5015,33.7498],[-84.5012,33.7501],[-84.5007,33.7504],[-84.5005,33.7505],[-84.4997,33.7507],[-84.4997,33.7508],[-84.4995,33.7508],[-84.4992,33.7508],[-84.499,33.7509],[-84.4985,33.7509],[-84.4982,33.7509],[-84.4976,33.751],[-84.4966,33.7511],[-84.4964,33.7511],[-84.4957,33.7511],[-84.4944,33.7512],[-84.493,33.7513],[-84.491,33.7515],[-84.4908,33.7515],[-84.4897,33.7516],[-84.4893,33.7517],[-84.4888,33.7518],[-84.4883,33.7519],[-84.488,33.752],[-84.4876,33.7522],[-84.4873,33.7524],[-84.4868,33.7526],[-84.4864,33.7529],[-84.4861,33.7531],[-84.4856,33.7536],[-84.4854,33.7537],[-84.4851,33.7539],[-84.4847,33.7542],[-84.4844,33.7543],[-84.4842,33.7544],[-84.4839,33.7545],[-84.4836,33.7546],[-84.4832,33.7547],[-84.4828,33.7548],[-84.4822,33.7548],[-84.4819,33.7548],[-84.4819,33.755],[-84.4838,33.7552],[-84.4851,33.7553],[-84.4852,33.7553],[-84.4856,33.7554],[-84.4862,33.7554],[-84.4863,33.7554],[-84.4869,33.7555],[-84.4875,33.7555],[-84.4884,33.7556],[-84.4897,33.7558],[-84.4907,33.7559],[-84.491,33.7559],[-84.493,33.7561],[-84.4931,33.7561],[-84.4943,33.7562],[-84.4946,33.7563],[-84.4949,33.7563],[-84.4959,33.7564],[-84.4987,33.7567],[-84.499,33.7567],[-84.4997,33.7567],[-84.5,33.7567],[-84.5002,33.7567],[-84.5003,33.7568],[-84.5008,33.757],[-84.5011,33.7572],[-84.5015,33.7574],[-84.5019,33.7575],[-84.5021,33.7575],[-84.5022,33.7574],[-84.5023,33.7575],[-84.5026,33.7577],[-84.5036,33.7583],[-84.5043,33.7587],[-84.5045,33.7588],[-84.5048,33.759],[-84.5055,33.7596],[-84.5055,33.7592],[-84.5055,33.7575],[-84.5055,33.757],[-84.5055,33.7552],[-84.5055,33.7542],[-84.5056,33.7539],[-84.5057,33.7537],[-84.506,33.7529],[-84.5076,33.75],[-84.5083,33.7487],[-84.5084,33.7485],[-84.5084,33.7482],[-84.5086,33.7455],[-84.5086,33.7455],[-84.5086,33.7453],[-84.5087,33.7451],[-84.5089,33.7448],[-84.5095,33.7437],[-84.5101,33.7425],[-84.5101,33.7425],[-84.5103,33.7422],[-84.5104,33.742],[-84.5104,33.7417],[-84.5105,33.7414]]]}},{"type":"Feature","id":"13121008201","properties":{"GEOID":"13121008201","NAME":"Census Tract 82.01","AREALAND":5357899},"geometry":{"type":"Polygon","coordinates":[[[-84.4963,33.7765],[-84.4963,33.7748],[-84.4963,33.7744],[-84.4962,33.7739],[-84.4962,33.7731],[-84.4961,33.7724],[-84.496,33.7722],[-84.4959,33.7717],[-84.4954,33.7701],[-84.4952,33.7696],[-84.4951,33.7693],[-84.495,33.7691],[-84.495,33.7689],[-84.4949,33.7687],[-84.4947,33.7679],[-84.4941,33.7679],[-84.4939,33.7679],[-84.4937,33.7679],[-84.4931,33.7682],[-84.4924,33.7685],[-84.4922,33.7686],[-84.492,33.7686],[-84.4919,33.7686],[-84.4917,33.7684],[-84.4916,33.7683],[-84.4915,33.768],[-84.491,33.7672],[-84.4907,33.7668],[-84.4903,33.7664],[-84.4901,33.7661],[-84.4898,33.7659],[-84.4895,33.7657],[-84.4891,33.7654],[-84.4885,33.7649],[-84.4884,33.7649],[-84.4882,33.7648],[-84.4881,33.7647],[-84.4876,33.7646],[-84.4875,33.7646],[-84.4864,33.7637],[-84.4851,33.7629],[-84.4851,33.7629],[-84.485,33.7629],[-84.4849,33.7629],[-84.4846,33.7629],[-84.4844,33.763],[-84.4832,33.7622],[-84.483,33.762],[-84.4829,33.7618],[-84.4827,33.7615],[-84.4826,33.7609],[-84.4825,33.7608],[-84.4825,33.7606],[-84.4825,33.7603],[-84.4826,33.7601],[-84.4826,33.76],[-84.4827,33.7597],[-84.4828,33.7593],[-84.4829,33.7587],[-84.4829,33.7585],[-84.4829,33.7581],[-84.4829,33.7578],[-84.4829,33.7577],[-84.4829,33.7576],[-84.4828,33.7574],[-84.4825,33.757],[-84.4824,33.7567],[-84.4823,33.7565],[-84.4822,33.7559],[-84.4819,33.755],[-84.4819,33.7548],[-84.4817,33.7548],[-84.4814,33.7548],[-84.4805,33.7548],[-84.4804,33.7548],[-84.4785,33.7547],[-84.4778,33.7547],[-84.4776,33.7547],[-84.4768,33.7546],[-84.4745,33.7545],[-84.4735,33.7545],[-84.473,33.7545],[-84.4729,33.7545],[-84.4728,33.7545],[-84.4721,33.7545],[-84.4716,33.7545],[-84.4712,33.7546],[-84.4701,33.7546],[-84.4695,33.7547],[-84.4688,33.7547],[-84.4679,33.7548],[-84.4679,33.7549],[-84.4684,33.7555],[-84.4686,33.7558],[-84.4688,33.7561],[-84.4688,33.7563],[-84.4689,33.7565],[-84.4689,33.7567],[-84.4689,33.7569],[-84.4689,33.7571],[-84.469,33.7575],[-84.4691,33.7584],[-84.4692,33.7589],[-84.4692,33.759],[-84.4693,33.7594],[-84.4693,33.7594],[-84.4694,33.7597],[-84.4695,33.7602],[-84.4697,33.7616],[-84.47,33.7631],[-84.47,33.7636],[-84.47,33.7652],[-84.47,33.766],[-84.4701,33.7663],[-84.4701,33.7666],[-84.4702,33.7669],[-84.4703,33.7671],[-84.4704,33.7674],[-84.4706,33.7677],[-84.4712,33.7684],[-84.4719,33.7691],[-84.473,33.7703],[-84.4732,33.7705],[-84.4734,33.7707],[-84.4734,33.7709],[-84.4735,33.7712],[-84.4735,33.7717],[-84.4736,33.7737],[-84.4736,33.7739],[-84.4737,33.7748],[-84.4737,33.7763],[-84.4743,33.7766],[-84.4757,33.7772],[-84.476,33.7773],[-84.4769,33.7777],[-84.4772,33.7778],[-84.4774,33.7779],[-84.478,33.7784],[-84.4789,33.779],[-84.4794,33.7793],[-84.4804,33.78],[-84.4821,33.7811],[-84.4823,33.7812],[-84.4826,33.7813],[-84.4831,33.7815],[-84.4849,33.7818],[-84.4855,33.7819],[-84.4859,33.7821],[-84.4862,33.7822],[-84.4863,33.7822],[-84.4864,33.7823],[-84.4866,33.7825],[-84.4869,33.7828],[-84.4874,33.7833],[-84.4884,33.7845],[-84.4888,33.7848],[-84.4891,33.7851],[-84.4894,33.7853],[-84.4898,33.7855],[-84.4902,33.7857],[-84.4905,33.7858],[-84.4913,33.786],[-84.4918,33.7862],[-84.4921,33.7863],[-84.4923,33.7864],[-84.493,33.7868],[-84.4932,33.7868],[-84.4949,33.7847],[-84.495,33.7847],[-84.4952,33.7844],[-84.4954,33.784],[-84.4957,33.7834],[-84.4958,33.7831],[-84.4959,33.7829],[-84.496,33.7824],[-84.4961,33.7822],[-84.4962,33.7812],[-84.4962,33.7809],[-84.4963,33.7782],[-84.4963,33.7765]]]}},{"type":"Feature","id":"13121010511","properties":{"GEOID":"13121010511","NAME":"Census Tract 105.11","AREALAND":16049256},"geometry":{"type":"Polygon","coordinates":[[[-84.5322,33.6336],[-84.5324,33.6332],[-84.5316,33.6327],[-84.5312,33.6324],[-84.5309,33.6321],[-84.5299,33.6313],[-84.5297,33.6311],[-84.5296,33.631],[-84.5296,33.631],[-84.5292,33.6307],[-84.529,33.6305],[-84.5288,33.6302],[-84.5286,33.63],[-84.5275,33.6282],[-84.5274,33.628],[-84.5271,33.6276],[-84.5268,33.627],[-84.5267,33.6267],[-84.5266,33.6265],[-84.5265,33.6262],[-84.5265,33.6259],[-84.5264,33.6257],[-84.5264,33.6256],[-84.5264,33.6253],[-84.5263,33.625],[-84.5263,33.6248],[-84.5262,33.6243],[-84.5261,33.6238],[-84.5261,33.6237],[-84.5261,33.6236],[-84.5261,33.6232],[-84.526,33.6227],[-84.5259,33.6221],[-84.5257,33.6211],[-84.5257,33.621],[-84.5256,33.6205],[-84.5254,33.6199],[-84.5252,33.6186],[-84.5252,33.6184],[-84.5251,33.6178],[-84.525,33.6177],[-84.525,33.617],[-84.525,33.6168],[-84.5251,33.6163],[-84.5251,33.6161],[-84.5251,33.616],[-84.5253,33.6152],[-84.5254,33.6148],[-84.5254,33.6148],[-84.5254,33.6143],[-84.5254,33.6141],[-84.5253,33.6138],[-84.5253,33.6136],[-84.5252,33.6135],[-84.5251,33.6132],[-84.5243,33.6118],[-84.5242,33.6116],[-84.5242,33.6115],[-84.5241,33.6114],[-84.5237,33.611],[-84.5237,33.6109],[-84.5237,33.6108],[-84.5244,33.6105],[-84.5248,33.6103],[-84.525,33.6102],[-84.5259,33.6097],[-84.5259,33.6097],[-84.5261,33.6096],[-84.5264,33.6095],[-84.5265,33.6094],[-84.5264,33.6094],[-84.5264,33.6093],[-84.5262,33.6089],[-84.5261,33.6089],[-84.5259,33.6085],[-84.5258,33.6083],[-84.5257,33.6081],[-84.5257,33.6079],[-84.5257,33.6077],[-84.5257,33.6071],[-84.5257,33.6069],[-84.5257,33.6067],[-84.5258,33.6064],[-84.5259,33.6061],[-84.5261,33.6058],[-84.5263,33.6055],[-84.5264,33.6054],[-84.5266,33.6052],[-84.5268,33.6051],[-84.527,33.6049],[-84.5271,33.6048],[-84.5273,33.6048],[-84.5276,33.6046],[-84.5277,33.6045],[-84.5281,33.6044],[-84.5282,33.6043],[-84.5287,33.6042],[-84.5285,33.6038],[-84.5284,33.6036],[-84.5284,33.6035],[-84.528,33.6031],[-84.5274,33.6025],[-84.527,33.602],[-84.5268,33.6017],[-84.5266,33.6014],[-84.5265,33.6012],[-84.5264,33.601],[-84.5263,33.6003],[-84.5262,33.5998],[-84.5259,33.599],[-84.5259,33.5989],[-84.5256,33.598],[-84.5254,33.5973],[-84.5252,33.5969],[-84.5249,33.5963],[-84.5247,33.5959],[-84.5242,33.595],[-84.5241,33.5948],[-84.524,33.5946],[-84.524,33.5943],[-84.5239,33.5939],[-84.5239,33.5936],[-84.524,33.5933],[-84.5242,33.5926],[-84.5243,33.5923],[-84.5245,33.592],[-84.5248,33.5914],[-84.5249,33.5912],[-84.525,33.591],[-84.525,33.5909],[-84.525,33.5907],[-84.5251,33.5896],[-84.5251,33.5888],[-84.5251,33.5884],[-84.525,33.5881],[-84.525,33.5881],[-84.5248,33.5876],[-84.5248,33.5874],[-84.5247,33.5872],[-84.5246,33.5867],[-84.5233,33.587],[-84.523,33.5871],[-84.5227,33.5871],[-84.5225,33.5871],[-84.5223,33.5871],[-84.5216,33.5871],[-84.5204,33.5871],[-84.5202,33.5871],[-84.5199,33.5871],[-84.5195,33.5871],[-84.5191,33.5871],[-84.5189,33.5871],[-84.5186,33.5871],[-84.5185,33.5871],[-84.5184,33.587],[-84.5183,33.587],[-84.5183,33.587],[-84.5182,33.587],[-84.5182,33.587],[-84.5179,33.587],[-84.5177,33.5869],[-84.5176,33.5869],[-84.5173,33.5868],[-84.517,33.5866],[-84.5167,33.5865],[-84.5163,33.5863],[-84.5163,33.5863],[-84.5161,33.5862],[-84.5161,33.5862],[-84.5159,33.5861],[-84.5157,33.586],[-84.5153,33.5857],[-84.515,33.5856],[-84.5148,33.5854],[-84.5146,33.5853],[-84.5141,33.5851],[-84.5136,33.5848],[-84.5132,33.585],[-84.5131,33.5851],[-84.5121,33.5858],[-84.512,33.5859],[-84.5115,33.5862],[-84.511,33.5865],[-84.5091,33.5877],[-84.508,33.5884],[-84.5076,33.5886],[-84.5075,33.5887],[-84.5068,33.5891],[-84.5061,33.5895],[-84.5055,33.5899],[-84.5044,33.5906],[-84.5017,33.5922],[-84.4992,33.5936],[-84.4991,33.5937],[-84.4983,33.5943],[-84.4981,33.5943],[-84.4974,33.5948],[-84.4973,33.5949],[-84.4963,33.5957],[-84.4961,33.5958],[-84.4959,33.5959],[-84.4932,33.5981],[-84.4927,33.5985],[-84.4916,33.5994],[-84.4903,33.6005],[-84.4895,33.6012],[-84.4883,33.6022],[-84.4875,33.6028],[-84.4874,33.6029],[-84.4872,33.603],[-84.487,33.6033],[-84.4869,33.6035],[-84.4865,33.6041],[-84.4861,33.6048],[-84.4861,33.605],[-84.486,33.6052],[-84.486,33.6054],[-84.4859,33.6055],[-84.4859,33.6057],[-84.4859,33.6058],[-84.4859,33.6061],[-84.4859,33.6063],[-84.4859,33.6064],[-84.4859,33.6064],[-84.4859,33.6065],[-84.486,33.6068],[-84.486,33.6071],[-84.486,33.6073],[-84.486,33.6075],[-84.4861,33.6082],[-84.4862,33.6083],[-84.4865,33.6105],[-84.4866,33.6117],[-84.4866,33.6122],[-84.4866,33.6123],[-84.4866,33.6131],[-84.4867,33.6136],[-84.4867,33.6139],[-84.4865,33.6148],[-84.4865,33.6153],[-84.4868,33.6156],[-84.4874,33.6159],[-84.4876,33.6175],[-84.4877,33.6181],[-84.4878,33.6184],[-84.4878,33.6187],[-84.4878,33.6189],[-84.488,33.6203],[-84.4881,33.6207],[-84.4883,33.6223],[-84.4884,33.6229],[-84.4885,33.6232],[-84.4887,33.6232],[-84.4896,33.6231],[-84.4921,33.6228],[-84.4928,33.6228],[-84.493,33.6228],[-84.4945,33.6226],[-84.4948,33.6226],[-84.4963,33.6225],[-84.4976,33.6223],[-84.4986,33.6223],[-84.4994,33.6222],[-84.5038,33.6217],[-84.5046,33.6217],[-84.5049,33.6216],[-84.5051,33.6216],[-84.5054,33.6215],[-84.5054,33.6215],[-84.5055,33.6215],[-84.5055,33.6216],[-84.5055,33.6217],[-84.5058,33.622],[-84.5064,33.6232],[-84.5064,33.6234],[-84.5065,33.6237],[-84.5066,33.6244],[-84.5066,33.6244],[-84.5067,33.6248],[-84.5068,33.6253],[-84.5068,33.6257],[-84.5068,33.6259],[-84.5068,33.626],[-84.5069,33.6271],[-84.5068,33.6273],[-84.5068,33.628],[-84.5069,33.6281],[-84.5069,33.6291],[-84.5069,33.6292],[-84.5069,33.6294],[-84.5069,33.6295],[-84.507,33.6296],[-84.507,33.6297],[-84.5071,33.6298],[-84.5073,33.6301],[-84.5075,33.6302],[-84.5077,33.6303],[-84.5087,33.6306],[-84.5089,33.6306],[-84.5092,33.6307],[-84.5094,33.6308],[-84.5095,33.6308],[-84.5096,33.6308],[-84.5098,33.6308],[-84.5102,33.6309],[-84.5102,33.6312],[-84.5102,33.6315],[-84.5102,33.6318],[-84.5103,33.6321],[-84.5103,33.6323],[-84.5103,33.6325],[-84.5104,33.6327],[-84.5105,33.6329],[-84.5107,33.6333],[-84.5109,33.6337],[-84.511,33.6339],[-84.511,33.6339],[-84.511,33.6339],[-84.5114,33.6345],[-84.5116,33.6349],[-84.5119,33.6355],[-84.512,33.6357],[-84.5125,33.6367],[-84.5126,33.6369],[-84.5129,33.6374],[-84.5131,33.6377],[-84.5131,33.6378],[-84.5131,33.6378],[-84.5133,33.6384],[-84.5134,33.6386],[-84.5135,33.6393],[-84.5135,33.6395],[-84.5136,33.6398],[-84.5136,33.64],[-84.5136,33.6402],[-84.5137,33.6415],[-84.5138,33.642],[-84.5138,33.6422],[-84.5138,33.6423],[-84.5139,33.6432],[-84.514,33.6438],[-84.514,33.6441],[-84.5141,33.6443],[-84.5142,33.6446],[-84.5144,33.6449],[-84.5146,33.6451],[-84.5149,33.6453],[-84.5151,33.6455],[-84.5154,33.6457],[-84.5161,33.646],[-84.5169,33.6464],[-84.5179,33.6468],[-84.5182,33.6469],[-84.519,33.6473],[-84.5192,33.6474],[-84.5194,33.6475],[-84.5196,33.6477],[-84.5198,33.6478],[-84.5199,33.648],[-84.5201,33.6482],[-84.5202,33.6484],[-84.5205,33.6492],[-84.5207,33.6491],[-84.5207,33.6491],[-84.5208,33.649],[-84.5209,33.6489],[-84.5209,33.6488],[-84.5209,33.6487],[-84.5209,33.6486],[-84.5209,33.6485],[-84.5208,33.6483],[-84.5207,33.6479],[-84.5207,33.6477],[-84.5207,33.6476],[-84.5207,33.6471],[-84.5208,33.6467],[-84.5212,33.6458],[-84.522,33.644],[-84.5221,33.6438],[-84.5225,33.6429],[-84.5226,33.6427],[-84.5226,33.6427],[-84.5228,33.6423],[-84.5229,33.642],[-84.5231,33.6417],[-84.5243,33.64],[-84.5257,33.638],[-84.526,33.6377],[-84.5261,33.6376],[-84.5264,33.6371],[-84.5266,33.6369],[-84.5268,33.6367],[-84.527,33.6366],[-84.5272,33.6365],[-84.529,33.6356],[-84.5308,33.6348],[-84.5314,33.6344],[-84.5317,33.6342],[-84.5319,33.6339],[-84.5322,33.6336]]]}},{"type":"Feature","id":"13121010507","properties":{"GEOID":"13121010507","NAME":"Census Tract 105.07","AREALAND":6918141},"geometry":{"type":"Polygon","coordinates":[[[-84.4973,33.5949],[-84.4972,33.5947],[-84.4972,33.5945],[-84.4971,33.5944],[-84.4971,33.5939],[-84.4971,33.5936],[-84.4972,33.5933],[-84.496,33.5935],[-84.4955,33.5936],[-84.4952,33.5937],[-84.495,33.5938],[-84.4947,33.5939],[-84.4943,33.5942],[-84.4936,33.5947],[-84.493,33.5951],[-84.4919,33.5958],[-84.4915,33.5959],[-84.4902,33.5967],[-84.4899,33.5969],[-84.4896,33.5971],[-84.4893,33.5973],[-84.489,33.5975],[-84.4881,33.5984],[-84.4881,33.5983],[-84.488,33.5983],[-84.4875,33.5983],[-84.4874,33.5982],[-84.4872,33.5982],[-84.4871,33.5981],[-84.487,33.5981],[-84.4867,33.5978],[-84.4862,33.5975],[-84.4861,33.5974],[-84.486,33.5974],[-84.4859,33.5973],[-84.4857,33.5973],[-84.4855,33.5974],[-84.4854,33.5974],[-84.4853,33.5973],[-84.4852,33.5972],[-84.4852,33.597],[-84.4853,33.5969],[-84.4854,33.5968],[-84.4865,33.5957],[-84.4866,33.5956],[-84.4866,33.5955],[-84.4866,33.5953],[-84.4864,33.5953],[-84.4812,33.5953],[-84.4802,33.5953],[-84.4787,33.5953],[-84.4784,33.5953],[-84.4781,33.5953],[-84.4779,33.5954],[-84.4778,33.5955],[-84.4774,33.5957],[-84.4773,33.5957],[-84.4771,33.5958],[-84.4767,33.5959],[-84.4758,33.5959],[-84.4734,33.5962],[-84.4691,33.5966],[-84.4712,33.6001],[-84.471,33.6001],[-84.4709,33.6002],[-84.4677,33.6001],[-84.4653,33.6],[-84.4644,33.6],[-84.4637,33.6],[-84.4625,33.6],[-84.4588,33.5999],[-84.4588,33.5999],[-84.4585,33.5999],[-84.4585,33.6002],[-84.4585,33.6004],[-84.4585,33.6071],[-84.4585,33.608],[-84.4585,33.6086],[-84.4585,33.6089],[-84.4585,33.609],[-84.4585,33.609],[-84.4585,33.6091],[-84.4585,33.6092],[-84.4584,33.6128],[-84.4585,33.6129],[-84.4585,33.613],[-84.4585,33.6132],[-84.4585,33.6134],[-84.4585,33.6134],[-84.4585,33.6135],[-84.4585,33.6136],[-84.4585,33.6138],[-84.4585,33.6138],[-84.4585,33.6143],[-84.4585,33.6153],[-84.4585,33.6154],[-84.4585,33.6156],[-84.4584,33.6158],[-84.4584,33.6162],[-84.4584,33.6162],[-84.4586,33.6162],[-84.4594,33.6162],[-84.4596,33.6162],[-84.4601,33.6162],[-84.4609,33.6162],[-84.4631,33.6162],[-84.464,33.6163],[-84.4641,33.6163],[-84.4662,33.6163],[-84.4681,33.6163],[-84.469,33.6163],[-84.4728,33.6164],[-84.4728,33.6173],[-84.4729,33.6184],[-84.4729,33.6184],[-84.4733,33.6198],[-84.4735,33.6201],[-84.4735,33.6203],[-84.4736,33.6204],[-84.4736,33.6204],[-84.4737,33.6206],[-84.4738,33.6208],[-84.4738,33.6209],[-84.474,33.6213],[-84.4742,33.6216],[-84.4743,33.6219],[-84.4743,33.6222],[-84.4744,33.6225],[-84.4744,33.6227],[-84.4744,33.623],[-84.4743,33.6235],[-84.4742,33.6238],[-84.4742,33.6244],[-84.4743,33.6247],[-84.4744,33.6265],[-84.4744,33.6269],[-84.4757,33.6258],[-84.4759,33.6256],[-84.4763,33.6253],[-84.4768,33.6251],[-84.4772,33.6248],[-84.4777,33.6246],[-84.4782,33.6244],[-84.4782,33.6244],[-84.4787,33.6242],[-84.4787,33.6242],[-84.479,33.6241],[-84.4792,33.6241],[-84.4792,33.6241],[-84.4797,33.624],[-84.4802,33.6239],[-84.4812,33.6238],[-84.482,33.6238],[-84.4826,33.6237],[-84.4841,33.6236],[-84.4865,33.6234],[-84.4874,33.6233],[-84.4875,33.6233],[-84.4881,33.6232],[-84.4883,33.6232],[-84.4885,33.6232],[-84.4884,33.6229],[-84.4883,33.6223],[-84.4881,33.6207],[-84.488,33.6203],[-84.4878,33.6189],[-84.4878,33.6187],[-84.4878,33.6184],[-84.4877,33.6181],[-84.4876,33.6175],[-84.4874,33.6159],[-84.4868,33.6156],[-84.4865,33.6153],[-84.4865,33.6148],[-84.4867,33.6139],[-84.4867,33.6136],[-84.4866,33.6131],[-84.4866,33.6123],[-84.4866,33.6122],[-84.4866,33.6117],[-84.4865,33.6105],[-84.4862,33.6083],[-84.4861,33.6082],[-84.486,33.6075],[-84.486,33.6073],[-84.486,33.6071],[-84.486,33.6068],[-84.4859,33.6065],[-84.4859,33.6064],[-84.4859,33.6064],[-84.4859,33.6063],[-84.4859,33.6061],[-84.4859,33.6058],[-84.4859,33.6057],[-84.4859,33.6055],[-84.486,33.6054],[-84.486,33.6052],[-84.4861,33.605],[-84.4861,33.6048],[-84.4865,33.6041],[-84.4869,33.6035],[-84.487,33.6033],[-84.4872,33.603],[-84.4874,33.6029],[-84.4875,33.6028],[-84.4883,33.6022],[-84.4895,33.6012],[-84.4903,33.6005],[-84.4916,33.5994],[-84.4927,33.5985],[-84.4932,33.5981],[-84.4959,33.5959],[-84.4961,33.5958],[-84.4963,33.5957],[-84.4973,33.5949]]]}},{"type":"Feature","id":"13121010603","properties":{"GEOID":"13121010603","NAME":"Census Tract 106.03","AREALAND":6147409},"geometry":{"type":"Polygon","coordinates":[[[-84.4869,33.6446],[-84.487,33.6429],[-84.4868,33.6428],[-84.4866,33.6426],[-84.4864,33.6426],[-84.486,33.6424],[-84.4858,33.6423],[-84.4856,33.6423],[-84.4854,33.6422],[-84.4853,33.6421],[-84.4852,33.642],[-84.4851,33.6419],[-84.4849,33.6415],[-84.4847,33.6412],[-84.4846,33.6409],[-84.4845,33.6406],[-84.4844,33.6402],[-84.4826,33.6402],[-84.4823,33.6402],[-84.4821,33.6402],[-84.4819,33.6401],[-84.4816,33.64],[-84.4806,33.6396],[-84.4803,33.6394],[-84.4801,33.6393],[-84.4799,33.6392],[-84.4797,33.6389],[-84.4794,33.6387],[-84.4793,33.6386],[-84.4792,33.6385],[-84.4789,33.6384],[-84.4787,33.6384],[-84.4785,33.6383],[-84.4783,33.6383],[-84.4782,33.6383],[-84.477,33.6384],[-84.4762,33.6385],[-84.4759,33.6385],[-84.4758,33.6384],[-84.4755,33.6383],[-84.475,33.6381],[-84.4747,33.638],[-84.4743,33.638],[-84.4739,33.6379],[-84.4736,33.6379],[-84.4724,33.6379],[-84.4721,33.6379],[-84.4721,33.6378],[-84.4724,33.6374],[-84.4724,33.6372],[-84.4724,33.6363],[-84.4724,33.6361],[-84.4724,33.6359],[-84.4705,33.6353],[-84.4683,33.6347],[-84.468,33.6346],[-84.4678,33.6345],[-84.4674,33.6343],[-84.4669,33.6341],[-84.4665,33.6338],[-84.4661,33.6335],[-84.4659,33.6333],[-84.4659,33.6333],[-84.4657,33.6331],[-84.4655,33.6329],[-84.4654,33.6327],[-84.4651,33.6324],[-84.465,33.6322],[-84.4641,33.6306],[-84.4639,33.6304],[-84.4638,33.6302],[-84.4636,33.63],[-84.4634,33.6299],[-84.4631,33.6296],[-84.4628,33.6295],[-84.4626,33.6294],[-84.4624,33.6292],[-84.4621,33.6292],[-84.4618,33.629],[-84.4612,33.6289],[-84.4609,33.6289],[-84.4607,33.6289],[-84.4602,33.6289],[-84.4592,33.6291],[-84.4583,33.6292],[-84.4581,33.6292],[-84.4581,33.6293],[-84.458,33.6301],[-84.458,33.6309],[-84.458,33.6314],[-84.458,33.6382],[-84.458,33.6394],[-84.458,33.6396],[-84.458,33.6398],[-84.4579,33.6401],[-84.4579,33.6401],[-84.4579,33.6418],[-84.4579,33.6418],[-84.4579,33.642],[-84.4579,33.6428],[-84.4579,33.6428],[-84.4579,33.6444],[-84.4579,33.6446],[-84.4579,33.6453],[-84.4579,33.6453],[-84.4579,33.6455],[-84.4579,33.6458],[-84.4579,33.6458],[-84.4579,33.6458],[-84.4579,33.6462],[-84.4579,33.6463],[-84.4579,33.6466],[-84.4579,33.6467],[-84.4579,33.6467],[-84.4578,33.6472],[-84.4578,33.6472],[-84.4578,33.6474],[-84.4578,33.6475],[-84.4577,33.6484],[-84.4577,33.6485],[-84.4577,33.6485],[-84.4577,33.6485],[-84.4577,33.6486],[-84.4577,33.6489],[-84.457,33.6489],[-84.457,33.6489],[-84.4569,33.6489],[-84.4542,33.6489],[-84.453,33.6489],[-84.4531,33.6478],[-84.453,33.6464],[-84.453,33.6463],[-84.453,33.6463],[-84.453,33.6462],[-84.453,33.6462],[-84.453,33.6461],[-84.453,33.6458],[-84.453,33.6456],[-84.453,33.6455],[-84.453,33.6454],[-84.453,33.6454],[-84.453,33.6454],[-84.453,33.6453],[-84.453,33.6453],[-84.453,33.6453],[-84.453,33.6452],[-84.453,33.6451],[-84.453,33.645],[-84.453,33.645],[-84.453,33.6449],[-84.4529,33.6445],[-84.4529,33.6443],[-84.4529,33.6442],[-84.4529,33.6441],[-84.4527,33.6443],[-84.4527,33.6443],[-84.4523,33.6446],[-84.4522,33.6446],[-84.4515,33.6452],[-84.4513,33.6454],[-84.4512,33.6454],[-84.4512,33.6455],[-84.4511,33.6455],[-84.4508,33.6458],[-84.4505,33.6464],[-84.4503,33.6468],[-84.4502,33.6474],[-84.4502,33.6475],[-84.45,33.648],[-84.4498,33.6489],[-84.4498,33.6499],[-84.4497,33.6511],[-84.4496,33.6522],[-84.4495,33.6534],[-84.4513,33.6534],[-84.4523,33.6534],[-84.4528,33.6534],[-84.4542,33.6534],[-84.4556,33.6534],[-84.4571,33.6534],[-84.4609,33.6534],[-84.4618,33.6534],[-84.4629,33.6536],[-84.4631,33.6537],[-84.4633,33.6537],[-84.4635,33.6538],[-84.4637,33.6539],[-84.4638,33.654],[-84.4638,33.6541],[-84.464,33.6542],[-84.4641,33.6545],[-84.4651,33.6559],[-84.4655,33.6566],[-84.4656,33.6567],[-84.4657,33.6568],[-84.466,33.6571],[-84.4667,33.6574],[-84.467,33.6575],[-84.4672,33.6576],[-84.4672,33.6577],[-84.4673,33.6577],[-84.4674,33.6579],[-84.4676,33.658],[-84.4679,33.6584],[-84.4683,33.6588],[-84.4694,33.6602],[-84.4704,33.6613],[-84.4708,33.6618],[-84.4709,33.662],[-84.471,33.6621],[-84.4719,33.6618],[-84.4729,33.6615],[-84.4731,33.6614],[-84.4733,33.6613],[-84.4733,33.6604],[-84.4733,33.6603],[-84.4734,33.6602],[-84.4737,33.66],[-84.4737,33.66],[-84.4737,33.6594],[-84.4738,33.6575],[-84.4738,33.657],[-84.4744,33.6569],[-84.4748,33.6566],[-84.4748,33.6564],[-84.4751,33.6564],[-84.4746,33.6561],[-84.4743,33.6558],[-84.4743,33.6557],[-84.4744,33.6551],[-84.4743,33.6546],[-84.474,33.6537],[-84.474,33.6537],[-84.4749,33.6536],[-84.4751,33.6533],[-84.4753,33.6531],[-84.4761,33.6527],[-84.4765,33.6526],[-84.4776,33.6523],[-84.4779,33.6522],[-84.4781,33.6521],[-84.4788,33.6519],[-84.4789,33.6518],[-84.4791,33.6517],[-84.4792,33.6517],[-84.4801,33.6517],[-84.4803,33.6517],[-84.4814,33.6517],[-84.4818,33.6518],[-84.4825,33.6518],[-84.484,33.6519],[-84.4868,33.6523],[-84.4868,33.6522],[-84.4868,33.652],[-84.4867,33.6496],[-84.4868,33.6484],[-84.4868,33.6472],[-84.4869,33.6469],[-84.4869,33.6468],[-84.4869,33.6451],[-84.4869,33.6446]]]}},{"type":"Feature","id":"13121011423","properties":{"GEOID":"13121011423","NAME":"Census Tract 114.23","AREALAND":6470993},"geometry":{"type":"Polygon","coordinates":[[[-84.4015,34.0252],[-84.4015,34.0251],[-84.4015,34.0248],[-84.4014,34.0246],[-84.4014,34.0244],[-84.4014,34.0243],[-84.4013,34.0243],[-84.4011,34.0243],[-84.4011,34.0243],[-84.4007,34.0243],[-84.4002,34.0244],[-84.4,34.0244],[-84.3999,34.0244],[-84.3997,34.0243],[-84.3997,34.0243],[-84.3997,34.0241],[-84.3997,34.0239],[-84.3996,34.0238],[-84.3995,34.0237],[-84.3993,34.0236],[-84.3991,34.0235],[-84.399,34.0235],[-84.399,34.0234],[-84.3988,34.0233],[-84.3987,34.0231],[-84.3985,34.0229],[-84.3985,34.0228],[-84.3984,34.0226],[-84.3983,34.0223],[-84.3982,34.0221],[-84.3982,34.0219],[-84.3983,34.0218],[-84.3984,34.0217],[-84.3986,34.0216],[-84.3989,34.0215],[-84.3991,34.0212],[-84.3993,34.0211],[-84.3994,34.0209],[-84.3995,34.0206],[-84.3995,34.0204],[-84.3996,34.02],[-84.3996,34.019],[-84.3996,34.0187],[-84.3995,34.0186],[-84.3995,34.0186],[-84.3994,34.0183],[-84.3993,34.0179],[-84.3993,34.0178],[-84.3992,34.0176],[-84.3991,34.0174],[-84.3991,34.0174],[-84.399,34.0173],[-84.3989,34.0172],[-84.3988,34.0171],[-84.3986,34.017],[-84.3985,34.0169],[-84.3984,34.0169],[-84.3983,34.0169],[-84.3982,34.0169],[-84.3981,34.0168],[-84.3981,34.0167],[-84.3981,34.0167],[-84.3981,34.0166],[-84.3981,34.0166],[-84.3982,34.0165],[-84.3983,34.0165],[-84.3985,34.0164],[-84.3985,34.0163],[-84.3985,34.0161],[-84.3987,34.0159],[-84.3988,34.0158],[-84.3989,34.0156],[-84.3992,34.0154],[-84.3994,34.0153],[-84.3997,34.0152],[-84.3997,34.0152],[-84.3997,34.0151],[-84.3999,34.015],[-84.4,34.0149],[-84.4,34.0149],[-84.4001,34.0149],[-84.4007,34.0147],[-84.4008,34.0146],[-84.4011,34.0145],[-84.4012,34.0144],[-84.4012,34.0142],[-84.4012,34.0141],[-84.4011,34.0139],[-84.4009,34.0137],[-84.4006,34.0136],[-84.4003,34.0135],[-84.4003,34.0134],[-84.4002,34.0133],[-84.4002,34.0132],[-84.4002,34.0132],[-84.4004,34.0131],[-84.4007,34.0129],[-84.4009,34.0127],[-84.401,34.0125],[-84.4011,34.0123],[-84.4011,34.0119],[-84.401,34.0117],[-84.4009,34.0116],[-84.4008,34.0115],[-84.4004,34.0112],[-84.4003,34.0111],[-84.4,34.011],[-84.3998,34.0109],[-84.3995,34.0107],[-84.3994,34.0103],[-84.3994,34.0101],[-84.3994,34.0099],[-84.3995,34.0098],[-84.3996,34.0098],[-84.3998,34.0098],[-84.4002,34.0097],[-84.4005,34.0095],[-84.4007,34.0093],[-84.4007,34.009],[-84.4008,34.0087],[-84.4008,34.0084],[-84.4007,34.0081],[-84.4005,34.0079],[-84.4003,34.0079],[-84.4,34.0079],[-84.3996,34.0079],[-84.399,34.008],[-84.3986,34.0081],[-84.3985,34.0082],[-84.3979,34.0083],[-84.3978,34.0083],[-84.3975,34.0083],[-84.3972,34.0082],[-84.3969,34.0082],[-84.3968,34.0081],[-84.3967,34.008],[-84.3967,34.0078],[-84.3968,34.0076],[-84.397,34.0074],[-84.3971,34.0071],[-84.3973,34.0069],[-84.3973,34.0066],[-84.3972,34.0063],[-84.3971,34.006],[-84.3969,34.0059],[-84.3968,34.0056],[-84.3967,34.0053],[-84.3965,34.0051],[-84.3964,34.0051],[-84.3964,34.0051],[-84.3962,34.005],[-84.396,34.005],[-84.3958,34.0049],[-84.3956,34.0048],[-84.3955,34.0047],[-84.3953,34.0047],[-84.3953,34.0046],[-84.3952,34.0044],[-84.3951,34.0042],[-84.3951,34.0041],[-84.395,34.0038],[-84.3949,34.0037],[-84.3949,34.0036],[-84.3949,34.0034],[-84.3948,34.0033],[-84.3948,34.0032],[-84.3944,34.0028],[-84.3931,34.0033],[-84.3925,34.0037],[-84.3925,34.0037],[-84.3922,34.0039],[-84.3918,34.0042],[-84.3899,34.0055],[-84.3884,34.0064],[-84.387,34.0074],[-84.386,34.008],[-84.386,34.008],[-84.3857,34.0082],[-84.3853,34.0084],[-84.3849,34.0086],[-84.3846,34.0087],[-84.3843,34.0088],[-84.3833,34.0091],[-84.3822,34.0094],[-84.382,34.0095],[-84.3819,34.0095],[-84.3817,34.0095],[-84.3816,34.0096],[-84.3806,34.0099],[-84.3767,34.011],[-84.3762,34.0111],[-84.3757,34.0113],[-84.3751,34.0114],[-84.3742,34.0118],[-84.3735,34.012],[-84.3734,34.012],[-84.373,34.0121],[-84.3715,34.0127],[-84.3707,34.0129],[-84.3679,34.0139],[-84.3677,34.014],[-84.3673,34.0141],[-84.3669,34.0142],[-84.3666,34.0143],[-84.3662,34.0144],[-84.3659,34.0144],[-84.3656,34.0144],[-84.3643,34.0144],[-84.3636,34.0144],[-84.3629,34.0143],[-84.3629,34.0148],[-84.3629,34.0155],[-84.3628,34.0161],[-84.3628,34.0163],[-84.3627,34.0165],[-84.3627,34.0168],[-84.3626,34.017],[-84.3625,34.0172],[-84.3622,34.0175],[-84.3621,34.0177],[-84.362,34.0179],[-84.3619,34.0181],[-84.3619,34.0183],[-84.3618,34.0186],[-84.3618,34.0189],[-84.3617,34.0198],[-84.3617,34.0217],[-84.3616,34.0223],[-84.3616,34.0229],[-84.3616,34.0232],[-84.3627,34.0231],[-84.3632,34.023],[-84.3646,34.0227],[-84.3647,34.0227],[-84.3649,34.0227],[-84.365,34.0227],[-84.3651,34.0227],[-84.3651,34.0228],[-84.3652,34.0228],[-84.3656,34.0229],[-84.3659,34.0231],[-84.3662,34.0234],[-84.3664,34.0235],[-84.3671,34.0242],[-84.3677,34.0247],[-84.3682,34.0252],[-84.3684,34.0253],[-84.3686,34.0254],[-84.3688,34.0254],[-84.369,34.0254],[-84.3692,34.0254],[-84.3692,34.0254],[-84.3699,34.0255],[-84.3705,34.0255],[-84.3719,34.0255],[-84.3722,34.0255],[-84.3724,34.0255],[-84.3726,34.0256],[-84.3727,34.0257],[-84.3739,34.0262],[-84.376,34.0271],[-84.3767,34.0275],[-84.377,34.0275],[-84.3772,34.0276],[-84.3776,34.0277],[-84.3779,34.0278],[-84.3783,34.0279],[-84.3787,34.0279],[-84.3791,34.0279],[-84.3794,34.0279],[-84.3797,34.0278],[-84.38,34.0277],[-84.3803,34.0276],[-84.3805,34.0275],[-84.3807,34.0273],[-84.3809,34.0271],[-84.3814,34.0266],[-84.3818,34.0262],[-84.3819,34.026],[-84.382,34.0259],[-84.3822,34.0258],[-84.3823,34.0258],[-84.3825,34.0257],[-84.3827,34.0256],[-84.383,34.0256],[-84.3832,34.0255],[-84.3834,34.0255],[-84.3839,34.0256],[-84.3841,34.0256],[-84.3843,34.0256],[-84.3846,34.0256],[-84.3848,34.0257],[-84.385,34.0258],[-84.3874,34.0267],[-84.3885,34.0272],[-84.3892,34.0275],[-84.3897,34.0277],[-84.39,34.0279],[-84.3924,34.0291],[-84.3927,34.0292],[-84.3929,34.0292],[-84.3933,34.0293],[-84.3937,34.0293],[-84.3938,34.0293],[-84.3943,34.0293],[-84.3944,34.0293],[-84.3955,34.0292],[-84.3957,34.0291],[-84.396,34.0291],[-84.3962,34.029],[-84.3964,34.029],[-84.3966,34.0289],[-84.3969,34.0287],[-84.3973,34.0285],[-84.3975,34.0284],[-84.3976,34.0282],[-84.3978,34.0281],[-84.3979,34.0279],[-84.3981,34.0276],[-84.3984,34.0271],[-84.3986,34.0268],[-84.3987,34.0267],[-84.3988,34.0266],[-84.3989,34.0265],[-84.3991,34.0264],[-84.3992,34.0263],[-84.3994,34.0262],[-84.3996,34.0262],[-84.4008,34.0259],[-84.4009,34.0259],[-84.4011,34.0258],[-84.4012,34.0258],[-84.4012,34.0258],[-84.4013,34.0258],[-84.4013,34.0258],[-84.4013,34.0258],[-84.4014,34.0257],[-84.4015,34.0255],[-84.4015,34.0254],[-84.4015,34.0252]]]}},{"type":"Feature","id":"13121010601","properties":{"GEOID":"13121010601","NAME":"Census Tract 106.01","AREALAND":2930344},"geometry":{"type":"Polygon","coordinates":[[[-84.471,33.6621],[-84.4709,33.662],[-84.4708,33.6618],[-84.4704,33.6613],[-84.4694,33.6602],[-84.4683,33.6588],[-84.4679,33.6584],[-84.4676,33.658],[-84.4674,33.6579],[-84.4673,33.6577],[-84.4672,33.6577],[-84.4672,33.6576],[-84.467,33.6575],[-84.4667,33.6574],[-84.466,33.6571],[-84.4657,33.6568],[-84.4656,33.6567],[-84.4655,33.6566],[-84.4651,33.6559],[-84.4641,33.6545],[-84.464,33.6542],[-84.4638,33.6541],[-84.4638,33.654],[-84.4637,33.6539],[-84.4635,33.6538],[-84.4633,33.6537],[-84.4631,33.6537],[-84.4629,33.6536],[-84.4618,33.6534],[-84.4609,33.6534],[-84.4571,33.6534],[-84.4556,33.6534],[-84.4542,33.6534],[-84.4528,33.6534],[-84.4523,33.6534],[-84.4513,33.6534],[-84.4495,33.6534],[-84.4495,33.6541],[-84.4494,33.6546],[-84.4493,33.6551],[-84.4492,33.6555],[-84.4487,33.6569],[-84.4485,33.6572],[-84.4482,33.6581],[-84.4478,33.659],[-84.4478,33.6592],[-84.4476,33.6598],[-84.4473,33.6604],[-84.4469,33.6616],[-84.4468,33.6617],[-84.4465,33.6626],[-84.4461,33.6636],[-84.446,33.664],[-84.4456,33.6649],[-84.4452,33.6661],[-84.4446,33.6676],[-84.4461,33.6676],[-84.4475,33.6676],[-84.449,33.6676],[-84.4504,33.6676],[-84.4518,33.6676],[-84.4528,33.6676],[-84.4529,33.6677],[-84.4532,33.6678],[-84.4536,33.6675],[-84.4537,33.6677],[-84.454,33.6677],[-84.4543,33.6677],[-84.4543,33.6681],[-84.4553,33.6681],[-84.4553,33.6682],[-84.4561,33.6674],[-84.4567,33.6673],[-84.457,33.6673],[-84.457,33.667],[-84.4579,33.667],[-84.4579,33.6677],[-84.459,33.6681],[-84.459,33.6681],[-84.459,33.6681],[-84.4591,33.6681],[-84.4593,33.6681],[-84.4597,33.6681],[-84.4605,33.6681],[-84.4605,33.6679],[-84.4608,33.6679],[-84.4614,33.6679],[-84.4614,33.6674],[-84.4621,33.6674],[-84.4622,33.6682],[-84.4628,33.6684],[-84.463,33.6682],[-84.4631,33.6683],[-84.4632,33.6684],[-84.4634,33.6682],[-84.4636,33.668],[-84.4638,33.668],[-84.4639,33.668],[-84.4642,33.6676],[-84.4646,33.6679],[-84.4659,33.666],[-84.4661,33.666],[-84.4664,33.6656],[-84.4666,33.6653],[-84.467,33.6651],[-84.4668,33.6649],[-84.4671,33.6647],[-84.4686,33.6635],[-84.4696,33.6627],[-84.4698,33.6626],[-84.471,33.6621]]]}},{"type":"Feature","id":"13121011425","properties":{"GEOID":"13121011425","NAME":"Census Tract 114.25","AREALAND":10685976},"geometry":{"type":"Polygon","coordinates":[[[-84.2691,33.9854],[-84.2693,33.9853],[-84.2688,33.985],[-84.2681,33.9844],[-84.2678,33.984],[-84.2676,33.9837],[-84.2675,33.9834],[-84.2674,33.983],[-84.2673,33.9827],[-84.2674,33.9818],[-84.2674,33.9812],[-84.2673,33.9807],[-84.2673,33.9807],[-84.2672,33.9803],[-84.2672,33.9801],[-84.2671,33.9798],[-84.2669,33.9796],[-84.2668,33.9792],[-84.2666,33.9789],[-84.2664,33.9787],[-84.2657,33.9777],[-84.263,33.9739],[-84.2628,33.9737],[-84.2628,33.9737],[-84.2627,33.9738],[-84.2626,33.9739],[-84.2623,33.9741],[-84.2621,33.9744],[-84.2619,33.9746],[-84.2618,33.9751],[-84.2616,33.9757],[-84.2616,33.9757],[-84.2616,33.9765],[-84.2616,33.9772],[-84.2622,33.9792],[-84.2626,33.9807],[-84.263,33.982],[-84.2631,33.9821],[-84.2633,33.9833],[-84.2635,33.9844],[-84.2635,33.9855],[-84.2634,33.9855],[-84.2633,33.986],[-84.2633,33.9861],[-84.2632,33.9864],[-84.2631,33.9866],[-84.263,33.9868],[-84.2627,33.9872],[-84.2623,33.9874],[-84.2617,33.9876],[-84.2609,33.9877],[-84.2601,33.9875],[-84.2587,33.9869],[-84.258,33.9865],[-84.2573,33.9862],[-84.2567,33.986],[-84.256,33.9859],[-84.2554,33.9859],[-84.2547,33.9861],[-84.2545,33.9863],[-84.2541,33.9864],[-84.2533,33.9872],[-84.2526,33.9882],[-84.2521,33.9892],[-84.2513,33.9903],[-84.2504,33.9913],[-84.2502,33.9916],[-84.2498,33.9921],[-84.2496,33.9925],[-84.2495,33.9927],[-84.2495,33.9932],[-84.2496,33.9939],[-84.2497,33.9946],[-84.2498,33.9949],[-84.2498,33.9955],[-84.2497,33.9962],[-84.2496,33.9968],[-84.2493,33.9973],[-84.249,33.9978],[-84.2483,33.9983],[-84.2475,33.9986],[-84.2463,33.9989],[-84.2435,33.9993],[-84.2417,33.9994],[-84.2405,33.9994],[-84.2399,33.9995],[-84.239,33.9996],[-84.238,33.9999],[-84.2372,34.0002],[-84.2357,34.001],[-84.2351,34.0014],[-84.2348,34.0015],[-84.2344,34.0016],[-84.234,34.0016],[-84.2335,34.0016],[-84.2334,34.0016],[-84.2333,34.0017],[-84.2333,34.0017],[-84.2329,34.0018],[-84.2325,34.0021],[-84.2318,34.0024],[-84.2304,34.0031],[-84.2292,34.0036],[-84.2281,34.0039],[-84.2276,34.004],[-84.2273,34.0041],[-84.2264,34.0041],[-84.2253,34.0041],[-84.2245,34.004],[-84.2241,34.0039],[-84.2241,34.0043],[-84.224,34.0047],[-84.224,34.0051],[-84.2239,34.0054],[-84.2238,34.0056],[-84.2237,34.0058],[-84.2235,34.0061],[-84.2233,34.0062],[-84.2231,34.0063],[-84.2222,34.0069],[-84.2219,34.007],[-84.2217,34.0072],[-84.2215,34.0074],[-84.2214,34.0076],[-84.2213,34.0077],[-84.2213,34.0079],[-84.2213,34.0082],[-84.2213,34.0085],[-84.2212,34.0087],[-84.2211,34.009],[-84.221,34.0091],[-84.221,34.0093],[-84.2209,34.0094],[-84.2208,34.0095],[-84.2207,34.0099],[-84.2206,34.0102],[-84.2205,34.0104],[-84.2204,34.0105],[-84.2203,34.0107],[-84.2201,34.0109],[-84.2199,34.0111],[-84.2197,34.0112],[-84.2197,34.0112],[-84.2214,34.0123],[-84.2217,34.0125],[-84.2223,34.0129],[-84.2225,34.013],[-84.2227,34.0131],[-84.2229,34.0132],[-84.2232,34.0133],[-84.2231,34.0139],[-84.2231,34.014],[-84.2231,34.0142],[-84.223,34.0144],[-84.2226,34.0152],[-84.2225,34.0153],[-84.2225,34.0154],[-84.2225,34.0155],[-84.2225,34.0156],[-84.2226,34.0166],[-84.2226,34.0168],[-84.2226,34.0171],[-84.2225,34.0173],[-84.2224,34.0176],[-84.2223,34.0177],[-84.2221,34.018],[-84.222,34.0182],[-84.222,34.0183],[-84.2219,34.0187],[-84.2218,34.0189],[-84.2216,34.0193],[-84.2216,34.0194],[-84.2216,34.0195],[-84.2216,34.02],[-84.2215,34.0202],[-84.2215,34.0204],[-84.2215,34.0206],[-84.2218,34.0208],[-84.222,34.0211],[-84.2242,34.0244],[-84.2258,34.0268],[-84.226,34.0271],[-84.2262,34.0273],[-84.2264,34.0275],[-84.2271,34.0283],[-84.2272,34.0284],[-84.2273,34.0284],[-84.2275,34.0285],[-84.2276,34.0286],[-84.2281,34.0288],[-84.2293,34.0292],[-84.2295,34.0293],[-84.2298,34.0294],[-84.2307,34.0302],[-84.2315,34.0307],[-84.2332,34.0319],[-84.2336,34.0323],[-84.2338,34.0324],[-84.2339,34.0325],[-84.2345,34.0332],[-84.2346,34.0334],[-84.2347,34.0335],[-84.2348,34.0337],[-84.2348,34.0338],[-84.2349,34.034],[-84.2349,34.0343],[-84.2349,34.0346],[-84.2349,34.0348],[-84.2348,34.036],[-84.2347,34.0361],[-84.2348,34.0364],[-84.2349,34.0368],[-84.2355,34.0364],[-84.2357,34.0363],[-84.236,34.0361],[-84.2364,34.0359],[-84.2367,34.0358],[-84.2368,34.0358],[-84.237,34.0357],[-84.2382,34.0355],[-84.2386,34.0354],[-84.239,34.0353],[-84.2393,34.0352],[-84.2397,34.035],[-84.2401,34.0348],[-84.2404,34.0347],[-84.2407,34.0345],[-84.241,34.0343],[-84.2425,34.0332],[-84.243,34.0328],[-84.2435,34.0326],[-84.2438,34.0324],[-84.2439,34.0324],[-84.2448,34.032],[-84.2454,34.0317],[-84.2459,34.0315],[-84.2482,34.0305],[-84.249,34.0301],[-84.2492,34.03],[-84.2494,34.0298],[-84.2496,34.0296],[-84.2497,34.0294],[-84.2498,34.0294],[-84.2499,34.0291],[-84.2501,34.0289],[-84.2502,34.0286],[-84.2503,34.0282],[-84.2505,34.0277],[-84.2508,34.0268],[-84.251,34.0264],[-84.2511,34.0262],[-84.2512,34.026],[-84.2514,34.0257],[-84.2516,34.0255],[-84.2527,34.0242],[-84.2528,34.0241],[-84.2528,34.0239],[-84.2529,34.0238],[-84.2529,34.0237],[-84.2529,34.0236],[-84.2529,34.0235],[-84.2529,34.0233],[-84.2529,34.0232],[-84.2528,34.0228],[-84.2528,34.0226],[-84.2528,34.0223],[-84.2528,34.022],[-84.2529,34.0219],[-84.2529,34.0217],[-84.2529,34.0216],[-84.2529,34.0216],[-84.2533,34.0204],[-84.2534,34.0203],[-84.2535,34.02],[-84.2535,34.0199],[-84.2535,34.0197],[-84.2535,34.0195],[-84.2534,34.0194],[-84.2534,34.0192],[-84.2534,34.019],[-84.2533,34.0188],[-84.2532,34.0187],[-84.253,34.0183],[-84.2527,34.0179],[-84.2522,34.0171],[-84.2522,34.017],[-84.2521,34.0168],[-84.2517,34.0163],[-84.2514,34.016],[-84.2511,34.0155],[-84.2507,34.0151],[-84.2508,34.0151],[-84.2516,34.0143],[-84.2517,34.014],[-84.2519,34.0138],[-84.252,34.0135],[-84.2521,34.0132],[-84.2521,34.0129],[-84.2521,34.0126],[-84.252,34.0123],[-84.252,34.012],[-84.2519,34.0114],[-84.2519,34.0111],[-84.2518,34.0107],[-84.2518,34.0103],[-84.2519,34.0101],[-84.2519,34.0098],[-84.2522,34.0085],[-84.2522,34.0082],[-84.2524,34.0075],[-84.2525,34.0073],[-84.2526,34.007],[-84.2544,34.0045],[-84.2569,34.0009],[-84.2571,34.0007],[-84.2572,34.0005],[-84.2574,34.0003],[-84.2575,34.0001],[-84.258,33.9993],[-84.2584,33.9988],[-84.2585,33.9985],[-84.2586,33.9984],[-84.2586,33.9982],[-84.2587,33.998],[-84.2587,33.9979],[-84.2587,33.9977],[-84.2587,33.9965],[-84.2587,33.994],[-84.2586,33.9931],[-84.2587,33.9927],[-84.2588,33.9924],[-84.2593,33.991],[-84.2594,33.9905],[-84.2595,33.9904],[-84.2596,33.9902],[-84.2597,33.9901],[-84.2598,33.9899],[-84.26,33.9898],[-84.2602,33.9896],[-84.2605,33.9894],[-84.2617,33.9889],[-84.2619,33.9888],[-84.2621,33.9887],[-84.2624,33.9886],[-84.2626,33.9885],[-84.263,33.9885],[-84.2633,33.9884],[-84.2637,33.9884],[-84.264,33.9883],[-84.2643,33.9882],[-84.2652,33.9879],[-84.2657,33.9877],[-84.266,33.9875],[-84.2662,33.9874],[-84.2666,33.9872],[-84.2668,33.987],[-84.267,33.9868],[-84.2677,33.9861],[-84.2678,33.986],[-84.2679,33.9859],[-84.2681,33.9858],[-84.2683,33.9857],[-84.2685,33.9856],[-84.2687,33.9855],[-84.2689,33.9855],[-84.2691,33.9854]]]}},{"type":"Feature","id":"13121010508","properties":{"GEOID":"13121010508","NAME":"Census Tract 105.08","AREALAND":3906754},"geometry":{"type":"Polygon","coordinates":[[[-84.496,33.5935],[-84.4957,33.5931],[-84.4953,33.5926],[-84.494,33.591],[-84.4938,33.5907],[-84.4936,33.5905],[-84.4933,33.5899],[-84.4931,33.5896],[-84.4927,33.5889],[-84.4923,33.588],[-84.4921,33.5877],[-84.4921,33.5875],[-84.4921,33.5874],[-84.492,33.5869],[-84.492,33.5864],[-84.4922,33.5855],[-84.4922,33.5853],[-84.4922,33.5849],[-84.4921,33.5842],[-84.4921,33.583],[-84.492,33.5822],[-84.4917,33.5823],[-84.4915,33.5823],[-84.4912,33.5824],[-84.4909,33.5824],[-84.4906,33.5825],[-84.489,33.5826],[-84.4886,33.5826],[-84.4883,33.5827],[-84.488,33.5827],[-84.4872,33.583],[-84.4862,33.5834],[-84.4835,33.5843],[-84.4833,33.5844],[-84.4829,33.5846],[-84.4825,33.5848],[-84.4805,33.5859],[-84.4802,33.5861],[-84.4799,33.5862],[-84.4792,33.5867],[-84.4771,33.5881],[-84.4768,33.5883],[-84.4762,33.5887],[-84.4758,33.5889],[-84.4754,33.5891],[-84.4751,33.5891],[-84.4749,33.5892],[-84.4746,33.5892],[-84.4744,33.5893],[-84.4741,33.5893],[-84.4739,33.5893],[-84.4735,33.5893],[-84.4724,33.5891],[-84.469,33.5887],[-84.468,33.5886],[-84.4665,33.5884],[-84.466,33.5883],[-84.4655,33.5883],[-84.465,33.5882],[-84.4646,33.5882],[-84.4627,33.5879],[-84.4624,33.5878],[-84.462,33.5878],[-84.4616,33.5877],[-84.4611,33.5875],[-84.4611,33.5875],[-84.4608,33.5874],[-84.4599,33.5869],[-84.4586,33.5865],[-84.4586,33.5882],[-84.4586,33.5885],[-84.4586,33.5889],[-84.4586,33.5889],[-84.4586,33.589],[-84.4586,33.5891],[-84.4586,33.5891],[-84.4586,33.5892],[-84.4586,33.5897],[-84.4586,33.5918],[-84.4586,33.5919],[-84.4585,33.5932],[-84.4585,33.5933],[-84.4585,33.5934],[-84.4585,33.5938],[-84.4586,33.5944],[-84.4586,33.5955],[-84.4586,33.5959],[-84.4586,33.5964],[-84.4586,33.5964],[-84.4586,33.5964],[-84.4586,33.5969],[-84.4585,33.5991],[-84.4585,33.5999],[-84.4588,33.5999],[-84.4588,33.5999],[-84.4625,33.6],[-84.4637,33.6],[-84.4644,33.6],[-84.4653,33.6],[-84.4677,33.6001],[-84.4709,33.6002],[-84.471,33.6001],[-84.4712,33.6001],[-84.4691,33.5966],[-84.4734,33.5962],[-84.4758,33.5959],[-84.4767,33.5959],[-84.4771,33.5958],[-84.4773,33.5957],[-84.4774,33.5957],[-84.4778,33.5955],[-84.4779,33.5954],[-84.4781,33.5953],[-84.4784,33.5953],[-84.4787,33.5953],[-84.4802,33.5953],[-84.4812,33.5953],[-84.4864,33.5953],[-84.4866,33.5953],[-84.4866,33.5955],[-84.4866,33.5956],[-84.4865,33.5957],[-84.4854,33.5968],[-84.4853,33.5969],[-84.4852,33.597],[-84.4852,33.5972],[-84.4853,33.5973],[-84.4854,33.5974],[-84.4855,33.5974],[-84.4857,33.5973],[-84.4859,33.5973],[-84.486,33.5974],[-84.4861,33.5974],[-84.4862,33.5975],[-84.4867,33.5978],[-84.487,33.5981],[-84.4871,33.5981],[-84.4872,33.5982],[-84.4874,33.5982],[-84.4875,33.5983],[-84.488,33.5983],[-84.4881,33.5983],[-84.4881,33.5984],[-84.489,33.5975],[-84.4893,33.5973],[-84.4896,33.5971],[-84.4899,33.5969],[-84.4902,33.5967],[-84.4915,33.5959],[-84.4919,33.5958],[-84.493,33.5951],[-84.4936,33.5947],[-84.4943,33.5942],[-84.4947,33.5939],[-84.495,33.5938],[-84.4952,33.5937],[-84.4955,33.5936],[-84.496,33.5935]]]}},{"type":"Feature","id":"13121007300","properties":{"GEOID":"13121007300","NAME":"Census Tract 73","AREALAND":7616139},"geometry":{"type":"Polygon","coordinates":[[[-84.3984,33.6811],[-84.3984,33.6811],[-84.3977,33.6767],[-84.3977,33.6765],[-84.3975,33.6756],[-84.3975,33.6729],[-84.3976,33.6706],[-84.3976,33.6703],[-84.3976,33.6698],[-84.3976,33.6691],[-84.3976,33.669],[-84.3976,33.6689],[-84.3976,33.6688],[-84.3975,33.6684],[-84.3974,33.6683],[-84.3973,33.6679],[-84.397,33.667],[-84.3966,33.666],[-84.3961,33.6649],[-84.3957,33.6637],[-84.3953,33.6626],[-84.3952,33.6622],[-84.3951,33.662],[-84.3949,33.6611],[-84.3948,33.6607],[-84.3947,33.6598],[-84.3947,33.6596],[-84.3947,33.6585],[-84.3948,33.6568],[-84.3948,33.6565],[-84.3948,33.6564],[-84.3951,33.6563],[-84.3953,33.6561],[-84.3955,33.6554],[-84.3955,33.6552],[-84.396,33.6545],[-84.3961,33.6544],[-84.3962,33.6544],[-84.3965,33.6542],[-84.3967,33.6541],[-84.3967,33.654],[-84.397,33.6532],[-84.3969,33.6532],[-84.3969,33.6532],[-84.3968,33.6531],[-84.3967,33.6531],[-84.3963,33.653],[-84.3961,33.6529],[-84.3958,33.6528],[-84.3957,33.6527],[-84.3955,33.6526],[-84.3952,33.6525],[-84.3949,33.6523],[-84.3947,33.6522],[-84.3946,33.6521],[-84.3943,33.6519],[-84.3933,33.653],[-84.3926,33.6549],[-84.3925,33.6552],[-84.3923,33.6554],[-84.3921,33.6556],[-84.3915,33.6561],[-84.3913,33.6563],[-84.3912,33.6563],[-84.391,33.6565],[-84.3908,33.6567],[-84.3904,33.6572],[-84.3902,33.6574],[-84.39,33.6577],[-84.3898,33.6578],[-84.3897,33.658],[-84.3895,33.6581],[-84.3893,33.6582],[-84.3891,33.6583],[-84.3882,33.6586],[-84.3878,33.6588],[-84.3873,33.659],[-84.3868,33.6593],[-84.3863,33.6596],[-84.3858,33.6599],[-84.3853,33.6602],[-84.3848,33.6606],[-84.3844,33.6609],[-84.384,33.6613],[-84.3837,33.6616],[-84.3834,33.6619],[-84.3818,33.6639],[-84.3815,33.6642],[-84.3812,33.6644],[-84.3802,33.665],[-84.3802,33.6648],[-84.3788,33.6642],[-84.378,33.6639],[-84.3777,33.6637],[-84.3774,33.6636],[-84.3771,33.6636],[-84.3757,33.6636],[-84.3751,33.6636],[-84.375,33.6636],[-84.3738,33.6637],[-84.3737,33.6636],[-84.3737,33.6631],[-84.3737,33.6628],[-84.3736,33.6625],[-84.3735,33.6623],[-84.3734,33.662],[-84.3732,33.6617],[-84.373,33.6614],[-84.3727,33.6611],[-84.3726,33.6609],[-84.3725,33.6609],[-84.3723,33.6606],[-84.3719,33.6602],[-84.3717,33.6599],[-84.3716,33.6598],[-84.3715,33.6596],[-84.3713,33.6594],[-84.3708,33.6585],[-84.3707,33.6583],[-84.3703,33.6578],[-84.3702,33.6576],[-84.3693,33.6562],[-84.3692,33.6563],[-84.3691,33.6563],[-84.3691,33.6563],[-84.369,33.6563],[-84.3689,33.6564],[-84.3689,33.6565],[-84.3689,33.6566],[-84.3688,33.6567],[-84.3687,33.6569],[-84.3685,33.6572],[-84.3685,33.6573],[-84.3684,33.6574],[-84.3684,33.6575],[-84.3683,33.6575],[-84.3683,33.6576],[-84.3683,33.6577],[-84.3682,33.6578],[-84.3682,33.6579],[-84.3681,33.658],[-84.3681,33.658],[-84.3681,33.6581],[-84.368,33.6583],[-84.3681,33.6584],[-84.368,33.6585],[-84.368,33.6586],[-84.3679,33.6586],[-84.3678,33.6587],[-84.3677,33.6587],[-84.3676,33.6587],[-84.3675,33.6587],[-84.3675,33.6588],[-84.3674,33.6589],[-84.3674,33.659],[-84.3674,33.6591],[-84.3674,33.6591],[-84.3673,33.6593],[-84.3671,33.6597],[-84.367,33.6599],[-84.367,33.6601],[-84.3669,33.6601],[-84.3669,33.6602],[-84.3668,33.6603],[-84.3668,33.6604],[-84.3666,33.6605],[-84.3666,33.6605],[-84.3666,33.6606],[-84.3667,33.6607],[-84.3666,33.6608],[-84.3664,33.6609],[-84.3664,33.661],[-84.3665,33.6611],[-84.3665,33.6611],[-84.3666,33.6612],[-84.3667,33.6612],[-84.3668,33.6613],[-84.3668,33.6614],[-84.3669,33.6615],[-84.3668,33.6616],[-84.3667,33.6616],[-84.3666,33.6616],[-84.3665,33.6616],[-84.3665,33.6617],[-84.3665,33.6618],[-84.3666,33.6619],[-84.3666,33.6619],[-84.3666,33.662],[-84.3666,33.6621],[-84.3666,33.6622],[-84.3667,33.6623],[-84.3668,33.6623],[-84.3669,33.6623],[-84.3669,33.6624],[-84.3668,33.6625],[-84.3667,33.6626],[-84.3668,33.6626],[-84.3669,33.6627],[-84.367,33.6627],[-84.3671,33.6627],[-84.3671,33.6628],[-84.3671,33.6629],[-84.3671,33.663],[-84.3672,33.663],[-84.3672,33.6631],[-84.3671,33.6632],[-84.3671,33.6632],[-84.3671,33.6633],[-84.3672,33.6634],[-84.3673,33.6634],[-84.3674,33.6634],[-84.3675,33.6634],[-84.3676,33.6635],[-84.3676,33.6636],[-84.3676,33.6637],[-84.3675,33.6639],[-84.3675,33.664],[-84.3676,33.6641],[-84.3675,33.6642],[-84.3675,33.6643],[-84.3675,33.6644],[-84.3675,33.6645],[-84.3676,33.6645],[-84.3677,33.6646],[-84.3677,33.6647],[-84.3675,33.6649],[-84.3675,33.665],[-84.3675,33.665],[-84.3674,33.665],[-84.3673,33.6651],[-84.3672,33.6651],[-84.367,33.6651],[-84.3668,33.6651],[-84.3666,33.6652],[-84.3665,33.6652],[-84.3664,33.6651],[-84.3663,33.6651],[-84.3662,33.6651],[-84.3661,33.6651],[-84.366,33.6652],[-84.3657,33.6653],[-84.3656,33.6654],[-84.3656,33.6654],[-84.3654,33.6655],[-84.3653,33.6656],[-84.3653,33.6657],[-84.3652,33.6657],[-84.3651,33.6657],[-84.365,33.6656],[-84.3649,33.6657],[-84.3648,33.6657],[-84.3648,33.6657],[-84.3648,33.6658],[-84.3648,33.6658],[-84.3648,33.6659],[-84.3649,33.666],[-84.3649,33.6661],[-84.3649,33.6662],[-84.3648,33.6663],[-84.3648,33.6663],[-84.3649,33.6664],[-84.365,33.6665],[-84.365,33.6666],[-84.365,33.6666],[-84.365,33.6667],[-84.3649,33.6668],[-84.3648,33.6668],[-84.3647,33.6669],[-84.3646,33.6669],[-84.3646,33.6671],[-84.3645,33.6672],[-84.3645,33.6673],[-84.3645,33.6674],[-84.3646,33.6675],[-84.3646,33.6675],[-84.3646,33.6676],[-84.3646,33.6678],[-84.3646,33.668],[-84.3646,33.6681],[-84.3646,33.6683],[-84.3646,33.6685],[-84.3646,33.6686],[-84.3647,33.6687],[-84.3647,33.6688],[-84.3648,33.6689],[-84.3648,33.6689],[-84.3648,33.6691],[-84.3647,33.6694],[-84.3647,33.6695],[-84.3647,33.6696],[-84.3647,33.6697],[-84.3648,33.6697],[-84.3648,33.6698],[-84.3648,33.6699],[-84.3649,33.67],[-84.3649,33.6701],[-84.3649,33.6702],[-84.365,33.6703],[-84.3649,33.6703],[-84.3649,33.6704],[-84.3648,33.6705],[-84.3648,33.6706],[-84.3648,33.6707],[-84.3648,33.6707],[-84.3648,33.6708],[-84.3649,33.6709],[-84.3649,33.671],[-84.3649,33.6711],[-84.3649,33.6712],[-84.3649,33.6712],[-84.365,33.6713],[-84.365,33.6714],[-84.365,33.6715],[-84.365,33.6716],[-84.365,33.6717],[-84.365,33.6717],[-84.365,33.6718],[-84.365,33.6719],[-84.365,33.6719],[-84.365,33.672],[-84.3649,33.6721],[-84.3649,33.6722],[-84.365,33.6723],[-84.365,33.6723],[-84.3651,33.6724],[-84.3652,33.6724],[-84.3653,33.6725],[-84.3653,33.6726],[-84.3653,33.6727],[-84.3653,33.6728],[-84.3653,33.6729],[-84.3653,33.673],[-84.3654,33.673],[-84.3655,33.6731],[-84.3655,33.6732],[-84.3655,33.6733],[-84.3655,33.6735],[-84.3655,33.6735],[-84.3656,33.6736],[-84.3656,33.6737],[-84.3657,33.6738],[-84.3658,33.6738],[-84.3659,33.6738],[-84.366,33.6738],[-84.3661,33.6739],[-84.3663,33.674],[-84.3664,33.6741],[-84.3665,33.6741],[-84.3666,33.6742],[-84.3666,33.6744],[-84.3666,33.6745],[-84.3667,33.6745],[-84.3667,33.6746],[-84.3667,33.6747],[-84.3668,33.6748],[-84.3668,33.6749],[-84.367,33.675],[-84.367,33.6751],[-84.367,33.6752],[-84.367,33.6753],[-84.3669,33.6754],[-84.3668,33.6754],[-84.3667,33.6755],[-84.3667,33.6755],[-84.3666,33.6756],[-84.3666,33.6757],[-84.3667,33.6758],[-84.3667,33.6759],[-84.3667,33.6761],[-84.3667,33.6761],[-84.3666,33.6762],[-84.3665,33.6764],[-84.3665,33.6765],[-84.3664,33.6765],[-84.3663,33.6766],[-84.3662,33.6766],[-84.3661,33.6766],[-84.366,33.6766],[-84.3659,33.6767],[-84.3659,33.6768],[-84.3658,33.6768],[-84.3657,33.6768],[-84.3656,33.6768],[-84.3655,33.6769],[-84.3654,33.6769],[-84.3653,33.677],[-84.3652,33.677],[-84.3651,33.6771],[-84.365,33.6771],[-84.3649,33.6771],[-84.3649,33.6772],[-84.3648,33.6773],[-84.3647,33.6773],[-84.3645,33.6774],[-84.3643,33.6775],[-84.3642,33.6775],[-84.3641,33.6776],[-84.3641,33.6777],[-84.364,33.6777],[-84.3639,33.6778],[-84.3636,33.6779],[-84.3635,33.6779],[-84.3634,33.678],[-84.3633,33.678],[-84.3632,33.678],[-84.3631,33.678],[-84.363,33.6779],[-84.3629,33.6779],[-84.3628,33.678],[-84.3628,33.6781],[-84.3627,33.6781],[-84.3623,33.6781],[-84.3623,33.6782],[-84.3622,33.6782],[-84.362,33.6783],[-84.3618,33.6784],[-84.3616,33.6786],[-84.3614,33.6787],[-84.3614,33.6787],[-84.3613,33.6787],[-84.3612,33.6788],[-84.3611,33.6788],[-84.3611,33.6789],[-84.3609,33.679],[-84.3608,33.679],[-84.3607,33.679],[-84.3606,33.6791],[-84.3604,33.6791],[-84.3602,33.6791],[-84.3601,33.6791],[-84.3596,33.6791],[-84.3594,33.6792],[-84.3593,33.6792],[-84.3592,33.6792],[-84.3591,33.6792],[-84.3591,33.6793],[-84.3593,33.6794],[-84.3595,33.6795],[-84.3597,33.6796],[-84.3598,33.6796],[-84.36,33.6797],[-84.3602,33.6798],[-84.3605,33.6799],[-84.3607,33.6801],[-84.361,33.6802],[-84.3614,33.6805],[-84.3615,33.6805],[-84.3616,33.6806],[-84.3618,33.6806],[-84.3619,33.6807],[-84.362,33.6807],[-84.3621,33.6808],[-84.3622,33.6809],[-84.3623,33.6809],[-84.3623,33.681],[-84.3624,33.681],[-84.3625,33.681],[-84.3626,33.681],[-84.3627,33.6811],[-84.3628,33.6811],[-84.3629,33.6812],[-84.363,33.6812],[-84.3631,33.6812],[-84.3632,33.6813],[-84.3633,33.6813],[-84.3634,33.6814],[-84.3635,33.6814],[-84.3636,33.6815],[-84.3637,33.6815],[-84.3638,33.6816],[-84.364,33.6817],[-84.3642,33.6818],[-84.3645,33.682],[-84.3652,33.6822],[-84.3655,33.6824],[-84.3655,33.6824],[-84.3657,33.6824],[-84.3662,33.6827],[-84.3665,33.6827],[-84.3667,33.6828],[-84.3668,33.6828],[-84.3669,33.6828],[-84.367,33.6829],[-84.367,33.6829],[-84.3671,33.6829],[-84.3672,33.683],[-84.3674,33.683],[-84.3676,33.683],[-84.3677,33.6831],[-84.368,33.6832],[-84.3684,33.6833],[-84.3684,33.6833],[-84.3692,33.6836],[-84.3697,33.6838],[-84.3704,33.6839],[-84.3707,33.684],[-84.3708,33.6841],[-84.3709,33.6841],[-84.371,33.6842],[-84.3712,33.6843],[-84.3714,33.6844],[-84.3715,33.6845],[-84.3721,33.6847],[-84.3724,33.6849],[-84.3728,33.6851],[-84.3731,33.6853],[-84.3732,33.6853],[-84.3733,33.6854],[-84.3735,33.6856],[-84.374,33.6859],[-84.3747,33.6866],[-84.3753,33.687],[-84.3762,33.6876],[-84.3765,33.6878],[-84.3766,33.6879],[-84.3767,33.688],[-84.3769,33.6881],[-84.377,33.6882],[-84.3771,33.6883],[-84.3772,33.6882],[-84.3778,33.6877],[-84.3782,33.6874],[-84.3783,33.6872],[-84.3784,33.6871],[-84.3788,33.6863],[-84.3796,33.6847],[-84.3797,33.6846],[-84.3798,33.6845],[-84.3799,33.6844],[-84.3801,33.6843],[-84.3803,33.6842],[-84.3821,33.6836],[-84.3824,33.6835],[-84.384,33.6821],[-84.3842,33.682],[-84.3842,33.6819],[-84.3843,33.6816],[-84.3843,33.6813],[-84.3843,33.681],[-84.3876,33.6811],[-84.3888,33.6811],[-84.3903,33.6811],[-84.3931,33.6811],[-84.3937,33.6811],[-84.3963,33.6811],[-84.3979,33.6811],[-84.3984,33.6811]]]}},{"type":"Feature","id":"13121010604","properties":{"GEOID":"13121010604","NAME":"Census Tract 106.04","AREALAND":4741047},"geometry":{"type":"Polygon","coordinates":[[[-84.4875,33.6272],[-84.4875,33.6247],[-84.4874,33.6245],[-84.4873,33.6245],[-84.4872,33.6244],[-84.487,33.6244],[-84.4869,33.6244],[-84.4868,33.6243],[-84.4867,33.6243],[-84.4867,33.6242],[-84.4866,33.6241],[-84.4866,33.6237],[-84.4865,33.6234],[-84.4841,33.6236],[-84.4826,33.6237],[-84.482,33.6238],[-84.4812,33.6238],[-84.4802,33.6239],[-84.4797,33.624],[-84.4792,33.6241],[-84.4792,33.6241],[-84.479,33.6241],[-84.4787,33.6242],[-84.4787,33.6242],[-84.4782,33.6244],[-84.4782,33.6244],[-84.4777,33.6246],[-84.4772,33.6248],[-84.4768,33.6251],[-84.4763,33.6253],[-84.4759,33.6256],[-84.4757,33.6258],[-84.4744,33.6269],[-84.4744,33.6265],[-84.4743,33.6247],[-84.4742,33.6244],[-84.4742,33.6238],[-84.4743,33.6235],[-84.4744,33.623],[-84.4744,33.6227],[-84.4744,33.6225],[-84.4743,33.6222],[-84.4743,33.6219],[-84.4742,33.6216],[-84.474,33.6213],[-84.4738,33.6209],[-84.4738,33.6208],[-84.4737,33.6206],[-84.4736,33.6204],[-84.4736,33.6204],[-84.4735,33.6203],[-84.4735,33.6201],[-84.4733,33.6198],[-84.4729,33.6184],[-84.4729,33.6184],[-84.4728,33.6173],[-84.4728,33.6164],[-84.469,33.6163],[-84.4681,33.6163],[-84.4662,33.6163],[-84.4641,33.6163],[-84.464,33.6163],[-84.4631,33.6162],[-84.4609,33.6162],[-84.4601,33.6162],[-84.4596,33.6162],[-84.4594,33.6162],[-84.4586,33.6162],[-84.4584,33.6162],[-84.4584,33.617],[-84.4584,33.6174],[-84.4584,33.6179],[-84.4584,33.6182],[-84.4584,33.6183],[-84.4584,33.6183],[-84.4584,33.6183],[-84.4584,33.6186],[-84.4584,33.6186],[-84.4584,33.6187],[-84.4584,33.6188],[-84.4584,33.6189],[-84.4584,33.619],[-84.4584,33.619],[-84.4584,33.6193],[-84.4584,33.6193],[-84.4584,33.6194],[-84.4584,33.6194],[-84.4584,33.6194],[-84.4584,33.6195],[-84.4584,33.6195],[-84.4584,33.6196],[-84.4584,33.6196],[-84.4584,33.6196],[-84.4584,33.6197],[-84.4584,33.6197],[-84.4584,33.6197],[-84.4584,33.6198],[-84.4584,33.6199],[-84.4584,33.6199],[-84.4584,33.62],[-84.4583,33.6206],[-84.4584,33.6209],[-84.4584,33.621],[-84.4584,33.622],[-84.4584,33.6222],[-84.4584,33.6223],[-84.4584,33.6223],[-84.4584,33.6224],[-84.4584,33.6224],[-84.4584,33.6224],[-84.4584,33.6225],[-84.4584,33.6226],[-84.4584,33.6226],[-84.4583,33.6232],[-84.4583,33.6232],[-84.4583,33.6233],[-84.4583,33.6233],[-84.4583,33.6234],[-84.4583,33.6235],[-84.4583,33.6238],[-84.4583,33.6238],[-84.4583,33.6238],[-84.4583,33.6239],[-84.4583,33.624],[-84.4583,33.6241],[-84.4583,33.6242],[-84.4583,33.6242],[-84.4583,33.6242],[-84.4583,33.6243],[-84.4583,33.6243],[-84.4583,33.6244],[-84.4583,33.6245],[-84.4583,33.6246],[-84.4583,33.6246],[-84.4583,33.6247],[-84.4583,33.6248],[-84.4583,33.6248],[-84.4583,33.625],[-84.4582,33.6251],[-84.4581,33.6253],[-84.4581,33.6256],[-84.458,33.626],[-84.458,33.627],[-84.458,33.6274],[-84.458,33.6274],[-84.458,33.6279],[-84.458,33.628],[-84.458,33.6281],[-84.458,33.6283],[-84.458,33.6288],[-84.458,33.629],[-84.4581,33.6292],[-84.4581,33.6292],[-84.4581,33.6292],[-84.4581,33.6292],[-84.4583,33.6292],[-84.4592,33.6291],[-84.4602,33.6289],[-84.4607,33.6289],[-84.4609,33.6289],[-84.4612,33.6289],[-84.4618,33.629],[-84.4621,33.6292],[-84.4624,33.6292],[-84.4626,33.6294],[-84.4628,33.6295],[-84.4631,33.6296],[-84.4634,33.6299],[-84.4636,33.63],[-84.4638,33.6302],[-84.4639,33.6304],[-84.4641,33.6306],[-84.465,33.6322],[-84.4651,33.6324],[-84.4654,33.6327],[-84.4655,33.6329],[-84.4657,33.6331],[-84.4659,33.6333],[-84.4659,33.6333],[-84.4661,33.6335],[-84.4665,33.6338],[-84.4669,33.6341],[-84.4674,33.6343],[-84.4678,33.6345],[-84.468,33.6346],[-84.4683,33.6347],[-84.4705,33.6353],[-84.4724,33.6359],[-84.4724,33.6361],[-84.4724,33.6363],[-84.4724,33.6372],[-84.4724,33.6374],[-84.4721,33.6378],[-84.4721,33.6379],[-84.4724,33.6379],[-84.4736,33.6379],[-84.4739,33.6379],[-84.4743,33.638],[-84.4747,33.638],[-84.475,33.6381],[-84.4755,33.6383],[-84.4758,33.6384],[-84.4759,33.6385],[-84.4762,33.6385],[-84.477,33.6384],[-84.4782,33.6383],[-84.4783,33.6383],[-84.4785,33.6383],[-84.4787,33.6384],[-84.4789,33.6384],[-84.4792,33.6385],[-84.4793,33.6386],[-84.4794,33.6387],[-84.4797,33.6389],[-84.4799,33.6392],[-84.4801,33.6393],[-84.4803,33.6394],[-84.4806,33.6396],[-84.4816,33.64],[-84.4819,33.6401],[-84.4821,33.6402],[-84.4823,33.6402],[-84.4826,33.6402],[-84.4844,33.6402],[-84.4845,33.6406],[-84.4846,33.6409],[-84.4847,33.6412],[-84.4849,33.6415],[-84.4851,33.6419],[-84.4852,33.642],[-84.4853,33.6421],[-84.4854,33.6422],[-84.4856,33.6423],[-84.4858,33.6423],[-84.486,33.6424],[-84.4864,33.6426],[-84.4866,33.6426],[-84.4868,33.6428],[-84.487,33.6429],[-84.487,33.6423],[-84.4871,33.641],[-84.4872,33.6349],[-84.4867,33.6349],[-84.4867,33.6338],[-84.4873,33.6337],[-84.4871,33.6332],[-84.4866,33.6332],[-84.487,33.6329],[-84.4871,33.6327],[-84.4872,33.6325],[-84.4873,33.6323],[-84.4874,33.6321],[-84.4874,33.632],[-84.4874,33.6319],[-84.4874,33.6319],[-84.4874,33.6318],[-84.4875,33.6297],[-84.4875,33.6272]]]}},{"type":"Feature","id":"13121011426","properties":{"GEOID":"13121011426","NAME":"Census Tract 114.26","AREALAND":1470011},"geometry":{"type":"Polygon","coordinates":[[[-84.2574,34.0394],[-84.2574,34.0394],[-84.2557,34.038],[-84.2547,34.0371],[-84.2542,34.0366],[-84.2535,34.0359],[-84.2534,34.0358],[-84.2528,34.0353],[-84.252,34.0344],[-84.2511,34.0336],[-84.2508,34.0333],[-84.2506,34.0331],[-84.2505,34.0329],[-84.2504,34.0329],[-84.2503,34.0327],[-84.2503,34.0325],[-84.2498,34.0315],[-84.2495,34.0309],[-84.2495,34.0309],[-84.2493,34.0305],[-84.2492,34.0302],[-84.2492,34.0301],[-84.2492,34.03],[-84.249,34.0301],[-84.2482,34.0305],[-84.2459,34.0315],[-84.2454,34.0317],[-84.2448,34.032],[-84.2439,34.0324],[-84.2438,34.0324],[-84.2435,34.0326],[-84.243,34.0328],[-84.2425,34.0332],[-84.241,34.0343],[-84.2407,34.0345],[-84.2404,34.0347],[-84.2401,34.0348],[-84.2397,34.035],[-84.2393,34.0352],[-84.239,34.0353],[-84.2386,34.0354],[-84.2382,34.0355],[-84.237,34.0357],[-84.2368,34.0358],[-84.2367,34.0358],[-84.2364,34.0359],[-84.236,34.0361],[-84.2357,34.0363],[-84.2355,34.0364],[-84.2349,34.0368],[-84.2349,34.037],[-84.235,34.0371],[-84.235,34.0372],[-84.235,34.0374],[-84.235,34.0376],[-84.2346,34.0385],[-84.2345,34.039],[-84.2344,34.0392],[-84.2342,34.0395],[-84.2341,34.0397],[-84.2339,34.0401],[-84.2338,34.0405],[-84.2336,34.0408],[-84.2336,34.0408],[-84.2336,34.0409],[-84.2336,34.0411],[-84.2335,34.0412],[-84.2335,34.0414],[-84.2335,34.0415],[-84.2336,34.0417],[-84.2336,34.0419],[-84.2336,34.042],[-84.2336,34.0421],[-84.2336,34.0422],[-84.2336,34.0423],[-84.2336,34.0425],[-84.2335,34.0426],[-84.2335,34.0427],[-84.2335,34.0428],[-84.2334,34.043],[-84.2331,34.0433],[-84.233,34.0435],[-84.233,34.0437],[-84.233,34.0438],[-84.233,34.044],[-84.233,34.0441],[-84.233,34.0443],[-84.2331,34.0445],[-84.2333,34.0448],[-84.2333,34.0447],[-84.2333,34.0446],[-84.2333,34.0445],[-84.2334,34.0443],[-84.2334,34.0441],[-84.2337,34.0433],[-84.2338,34.0431],[-84.2338,34.043],[-84.2339,34.0429],[-84.234,34.0427],[-84.2341,34.0426],[-84.2343,34.0424],[-84.2344,34.0422],[-84.2345,34.0421],[-84.2348,34.0418],[-84.2349,34.0417],[-84.235,34.0415],[-84.2351,34.0414],[-84.2352,34.0413],[-84.2354,34.041],[-84.2354,34.0409],[-84.2355,34.0408],[-84.2355,34.0407],[-84.2357,34.0403],[-84.2357,34.0402],[-84.2357,34.0401],[-84.2358,34.0399],[-84.2359,34.0397],[-84.2359,34.0396],[-84.236,34.0395],[-84.2361,34.0393],[-84.2361,34.0392],[-84.2361,34.0392],[-84.2362,34.0391],[-84.2364,34.0388],[-84.2366,34.0386],[-84.2368,34.0385],[-84.237,34.0384],[-84.2371,34.0383],[-84.2372,34.0383],[-84.2373,34.0382],[-84.2375,34.0382],[-84.2376,34.0381],[-84.2377,34.0381],[-84.2379,34.0381],[-84.238,34.0381],[-84.2381,34.0381],[-84.2383,34.038],[-84.2385,34.038],[-84.2387,34.0379],[-84.2388,34.0379],[-84.2389,34.0379],[-84.239,34.0379],[-84.239,34.0379],[-84.2391,34.038],[-84.2392,34.0381],[-84.2394,34.0382],[-84.2396,34.0383],[-84.2398,34.0384],[-84.2401,34.0384],[-84.2402,34.0384],[-84.2404,34.0385],[-84.2406,34.0386],[-84.2408,34.0387],[-84.2409,34.0388],[-84.2411,34.039],[-84.2412,34.0391],[-84.2415,34.0394],[-84.2416,34.0395],[-84.2417,34.0395],[-84.2418,34.0396],[-84.242,34.0397],[-84.242,34.0397],[-84.2421,34.0398],[-84.2423,34.0399],[-84.2424,34.04],[-84.2429,34.0402],[-84.2432,34.0404],[-84.2433,34.0405],[-84.2433,34.0405],[-84.2433,34.0405],[-84.2434,34.0406],[-84.2435,34.0406],[-84.2435,34.0407],[-84.2436,34.0407],[-84.2437,34.0408],[-84.2438,34.0409],[-84.2438,34.0409],[-84.2439,34.041],[-84.2441,34.041],[-84.2442,34.0411],[-84.2443,34.0412],[-84.2443,34.0412],[-84.2444,34.0412],[-84.2445,34.0413],[-84.2446,34.0414],[-84.2448,34.0415],[-84.2449,34.0416],[-84.245,34.0417],[-84.2451,34.0417],[-84.2452,34.0419],[-84.2453,34.0419],[-84.2454,34.0421],[-84.2456,34.0423],[-84.2457,34.0423],[-84.2459,34.0424],[-84.246,34.0425],[-84.2461,34.0426],[-84.2462,34.0427],[-84.2463,34.0427],[-84.2464,34.0427],[-84.2466,34.0428],[-84.2467,34.0428],[-84.2469,34.0428],[-84.247,34.0428],[-84.2472,34.0428],[-84.2475,34.0427],[-84.2476,34.0427],[-84.2477,34.0426],[-84.2478,34.0425],[-84.2479,34.0424],[-84.248,34.0423],[-84.248,34.0422],[-84.2481,34.0421],[-84.2482,34.042],[-84.2484,34.0419],[-84.2486,34.0417],[-84.2488,34.0415],[-84.249,34.0414],[-84.2491,34.0413],[-84.2492,34.0413],[-84.2494,34.0413],[-84.2495,34.0413],[-84.2498,34.0413],[-84.2503,34.0412],[-84.2507,34.0412],[-84.2508,34.0412],[-84.2509,34.0412],[-84.251,34.0412],[-84.2511,34.0412],[-84.2514,34.0412],[-84.2516,34.0412],[-84.2519,34.0411],[-84.2522,34.0411],[-84.2524,34.0411],[-84.2527,34.0411],[-84.2527,34.0411],[-84.2528,34.0411],[-84.253,34.041],[-84.2531,34.0409],[-84.2532,34.0409],[-84.2533,34.0408],[-84.2534,34.0407],[-84.2535,34.0407],[-84.2536,34.0406],[-84.2537,34.0406],[-84.254,34.0406],[-84.254,34.0406],[-84.2543,34.0406],[-84.2545,34.0406],[-84.2546,34.0405],[-84.2549,34.0405],[-84.2551,34.0404],[-84.2553,34.0404],[-84.2553,34.0404],[-84.2554,34.0403],[-84.2556,34.0402],[-84.2557,34.0402],[-84.2558,34.0401],[-84.256,34.0401],[-84.2561,34.0401],[-84.2564,34.04],[-84.2566,34.0399],[-84.2568,34.0398],[-84.257,34.0397],[-84.2572,34.0395],[-84.2574,34.0394]]]}},{"type":"Feature","id":"13121005800","properties":{"GEOID":"13121005800","NAME":"Census Tract 58","AREALAND":1256443},"geometry":{"type":"Polygon","coordinates":[[[-84.4169,33.728],[-84.4169,33.728],[-84.4168,33.7279],[-84.4167,33.7278],[-84.4166,33.7278],[-84.4165,33.7277],[-84.4165,33.7277],[-84.4161,33.7275],[-84.4152,33.727],[-84.4151,33.7269],[-84.4147,33.7267],[-84.4145,33.7265],[-84.4143,33.7264],[-84.4141,33.7261],[-84.4137,33.7257],[-84.4136,33.7256],[-84.4136,33.7256],[-84.4135,33.7255],[-84.4134,33.7254],[-84.4129,33.7245],[-84.4124,33.7237],[-84.4124,33.7236],[-84.4117,33.7224],[-84.4116,33.7221],[-84.4113,33.7218],[-84.4113,33.7217],[-84.4112,33.7217],[-84.411,33.7216],[-84.4109,33.7215],[-84.4107,33.7213],[-84.4103,33.7211],[-84.4095,33.7208],[-84.4093,33.7207],[-84.4093,33.7207],[-84.4088,33.7206],[-84.4085,33.7205],[-84.4079,33.7204],[-84.4079,33.7222],[-84.4079,33.7235],[-84.4079,33.7247],[-84.4079,33.7257],[-84.4079,33.7259],[-84.4079,33.7272],[-84.408,33.7281],[-84.408,33.7284],[-84.408,33.7293],[-84.408,33.7297],[-84.408,33.7306],[-84.4081,33.7312],[-84.4081,33.7319],[-84.4081,33.7328],[-84.4081,33.7336],[-84.4081,33.7344],[-84.4081,33.7361],[-84.4081,33.7369],[-84.4082,33.7379],[-84.4082,33.7381],[-84.4082,33.7382],[-84.4068,33.7382],[-84.4055,33.7382],[-84.4056,33.7382],[-84.4058,33.7384],[-84.406,33.7387],[-84.4061,33.7388],[-84.4063,33.739],[-84.4065,33.7394],[-84.4067,33.7399],[-84.407,33.7404],[-84.4072,33.7409],[-84.4072,33.7412],[-84.4072,33.7414],[-84.4072,33.7416],[-84.4072,33.7419],[-84.4072,33.7421],[-84.4071,33.7422],[-84.4071,33.7424],[-84.407,33.7425],[-84.4069,33.7427],[-84.4067,33.7429],[-84.4065,33.7431],[-84.4064,33.7432],[-84.4061,33.7435],[-84.4057,33.7438],[-84.4056,33.7439],[-84.4056,33.7439],[-84.4055,33.744],[-84.4053,33.744],[-84.4045,33.7443],[-84.4045,33.7445],[-84.4046,33.7446],[-84.4047,33.7447],[-84.4052,33.7443],[-84.4053,33.7442],[-84.4054,33.7442],[-84.4056,33.7441],[-84.4075,33.7435],[-84.4083,33.7432],[-84.4088,33.7431],[-84.4091,33.7429],[-84.4095,33.7428],[-84.4098,33.7426],[-84.4102,33.7424],[-84.4105,33.7422],[-84.4108,33.742],[-84.4111,33.7417],[-84.4112,33.7416],[-84.4115,33.7414],[-84.4117,33.7412],[-84.4117,33.7411],[-84.4118,33.741],[-84.4121,33.7406],[-84.4123,33.7402],[-84.4125,33.7398],[-84.4125,33.7397],[-84.4126,33.7394],[-84.4127,33.739],[-84.4128,33.7387],[-84.4128,33.7382],[-84.4128,33.737],[-84.4128,33.7353],[-84.4128,33.7348],[-84.4129,33.7343],[-84.4129,33.734],[-84.4129,33.734],[-84.413,33.7337],[-84.4131,33.7333],[-84.4132,33.733],[-84.4132,33.733],[-84.4134,33.7326],[-84.4135,33.7323],[-84.4137,33.7321],[-84.4139,33.7317],[-84.4141,33.7315],[-84.4144,33.7311],[-84.415,33.7304],[-84.4159,33.7293],[-84.4169,33.728]]]}},{"type":"Feature","id":"13121008601","properties":{"GEOID":"13121008601","NAME":"Census Tract 86.01","AREALAND":4516355},"geometry":{"type":"Polygon","coordinates":[[[-84.4767,33.7881],[-84.4767,33.7875],[-84.4767,33.7841],[-84.4767,33.7833],[-84.4767,33.7826],[-84.4767,33.7815],[-84.4767,33.7812],[-84.4766,33.7808],[-84.4766,33.7808],[-84.4766,33.7806],[-84.4765,33.7803],[-84.4764,33.7801],[-84.4762,33.7798],[-84.4761,33.7796],[-84.4753,33.7788],[-84.4745,33.778],[-84.4744,33.7779],[-84.4742,33.7777],[-84.4741,33.7774],[-84.4739,33.7772],[-84.4738,33.7769],[-84.4738,33.7766],[-84.4737,33.7763],[-84.4737,33.7748],[-84.4736,33.7739],[-84.4736,33.7737],[-84.4735,33.7717],[-84.4735,33.7712],[-84.4734,33.7709],[-84.4734,33.7707],[-84.4732,33.7705],[-84.473,33.7703],[-84.4719,33.7691],[-84.4714,33.7695],[-84.4714,33.7695],[-84.4702,33.7695],[-84.4699,33.7695],[-84.4687,33.7696],[-84.4682,33.7696],[-84.4675,33.7696],[-84.4669,33.7696],[-84.4667,33.7695],[-84.4664,33.7695],[-84.4656,33.7694],[-84.4653,33.7693],[-84.465,33.7693],[-84.4646,33.7694],[-84.4644,33.7694],[-84.464,33.7695],[-84.4637,33.7696],[-84.4626,33.7701],[-84.4624,33.7701],[-84.4622,33.7702],[-84.4614,33.7702],[-84.4612,33.7702],[-84.4591,33.7703],[-84.4589,33.7703],[-84.4585,33.7703],[-84.4581,33.7703],[-84.4577,33.7703],[-84.4571,33.7702],[-84.4571,33.7702],[-84.4565,33.7702],[-84.4565,33.7709],[-84.4564,33.7711],[-84.4563,33.7711],[-84.4562,33.7711],[-84.4554,33.7711],[-84.455,33.7711],[-84.4546,33.7711],[-84.4541,33.771],[-84.4541,33.7722],[-84.4541,33.7742],[-84.4541,33.7766],[-84.4552,33.7766],[-84.4557,33.7766],[-84.4565,33.7766],[-84.4565,33.7772],[-84.4565,33.7798],[-84.4565,33.7819],[-84.4581,33.7826],[-84.4574,33.7829],[-84.457,33.7832],[-84.457,33.7834],[-84.4569,33.7845],[-84.4566,33.7857],[-84.4565,33.786],[-84.4564,33.7862],[-84.457,33.7864],[-84.4571,33.7865],[-84.4572,33.7865],[-84.4577,33.7874],[-84.4578,33.7876],[-84.4578,33.788],[-84.4579,33.7881],[-84.458,33.7883],[-84.4581,33.7884],[-84.4582,33.7885],[-84.4587,33.7887],[-84.4597,33.7892],[-84.4599,33.7893],[-84.4602,33.7894],[-84.4602,33.7894],[-84.4603,33.7895],[-84.4604,33.7897],[-84.4609,33.7905],[-84.4611,33.7911],[-84.4612,33.7911],[-84.4613,33.7914],[-84.4614,33.7915],[-84.4615,33.7916],[-84.4622,33.7921],[-84.4628,33.7925],[-84.4635,33.793],[-84.4638,33.7932],[-84.4639,33.7932],[-84.4648,33.7934],[-84.465,33.7935],[-84.4655,33.7938],[-84.466,33.7941],[-84.4664,33.7943],[-84.4665,33.7944],[-84.4667,33.7944],[-84.4675,33.7946],[-84.4678,33.7947],[-84.468,33.7947],[-84.4683,33.7947],[-84.4686,33.7947],[-84.4687,33.7948],[-84.4688,33.7947],[-84.4688,33.7947],[-84.4692,33.7942],[-84.4693,33.7941],[-84.4694,33.7941],[-84.4696,33.7957],[-84.4696,33.7959],[-84.4699,33.7959],[-84.4703,33.7958],[-84.4711,33.7955],[-84.472,33.7954],[-84.4724,33.7953],[-84.4729,33.7952],[-84.4732,33.7951],[-84.4734,33.795],[-84.4735,33.7949],[-84.4737,33.7948],[-84.4739,33.7947],[-84.474,33.7946],[-84.4742,33.7945],[-84.4743,33.7944],[-84.4743,33.7943],[-84.4742,33.7938],[-84.4741,33.7933],[-84.474,33.7931],[-84.474,33.7928],[-84.4741,33.7926],[-84.4741,33.7924],[-84.4742,33.7922],[-84.4742,33.7921],[-84.4742,33.7919],[-84.4744,33.7916],[-84.4746,33.7913],[-84.476,33.7896],[-84.4762,33.7893],[-84.4764,33.7891],[-84.4764,33.7891],[-84.4765,33.7888],[-84.4766,33.7884],[-84.4767,33.7881],[-84.4767,33.7881]]]}},{"type":"Feature","id":"13121008500","properties":{"GEOID":"13121008500","NAME":"Census Tract 85","AREALAND":3762084},"geometry":{"type":"Polygon","coordinates":[[[-84.4597,33.7892],[-84.4587,33.7887],[-84.4582,33.7885],[-84.4581,33.7884],[-84.458,33.7883],[-84.4579,33.7881],[-84.4578,33.788],[-84.4578,33.7876],[-84.4577,33.7874],[-84.4572,33.7865],[-84.4571,33.7865],[-84.457,33.7864],[-84.4564,33.7862],[-84.4565,33.786],[-84.4566,33.7857],[-84.4569,33.7845],[-84.457,33.7834],[-84.457,33.7832],[-84.4574,33.7829],[-84.4581,33.7826],[-84.4565,33.7819],[-84.4565,33.7798],[-84.4565,33.7772],[-84.4565,33.7766],[-84.4557,33.7766],[-84.4552,33.7766],[-84.4541,33.7766],[-84.4541,33.7742],[-84.4541,33.7722],[-84.4541,33.771],[-84.4546,33.7711],[-84.455,33.7711],[-84.4554,33.7711],[-84.4562,33.7711],[-84.4563,33.7711],[-84.4564,33.7711],[-84.4565,33.7709],[-84.4565,33.7702],[-84.4564,33.77],[-84.4563,33.7698],[-84.4562,33.7696],[-84.456,33.7695],[-84.4559,33.7694],[-84.4556,33.7691],[-84.4553,33.769],[-84.455,33.7689],[-84.4548,33.7688],[-84.4545,33.7687],[-84.4543,33.7686],[-84.454,33.7686],[-84.4537,33.7685],[-84.4535,33.7685],[-84.4526,33.7685],[-84.4515,33.7685],[-84.4504,33.7685],[-84.4493,33.7685],[-84.4481,33.7685],[-84.447,33.7684],[-84.4459,33.7684],[-84.4448,33.7684],[-84.4447,33.7684],[-84.4445,33.7684],[-84.4444,33.7684],[-84.443,33.7681],[-84.4428,33.768],[-84.4427,33.768],[-84.441,33.768],[-84.4396,33.768],[-84.4388,33.768],[-84.4377,33.768],[-84.437,33.768],[-84.4362,33.768],[-84.435,33.7679],[-84.4329,33.7679],[-84.4313,33.7679],[-84.4286,33.768],[-84.4281,33.7681],[-84.4276,33.7681],[-84.4275,33.7682],[-84.4274,33.7682],[-84.4274,33.7682],[-84.4271,33.7682],[-84.4268,33.7682],[-84.4264,33.7683],[-84.426,33.7684],[-84.4255,33.7686],[-84.4257,33.77],[-84.426,33.7714],[-84.4261,33.772],[-84.4261,33.7723],[-84.4262,33.7727],[-84.4264,33.7741],[-84.4266,33.7752],[-84.4267,33.7754],[-84.4267,33.7756],[-84.4267,33.7757],[-84.4268,33.776],[-84.4268,33.7763],[-84.4269,33.7766],[-84.4271,33.7769],[-84.4271,33.7771],[-84.4272,33.7772],[-84.4273,33.7774],[-84.4275,33.7777],[-84.4277,33.7779],[-84.4279,33.7775],[-84.428,33.7775],[-84.428,33.7775],[-84.4281,33.7775],[-84.4282,33.7774],[-84.4283,33.7774],[-84.4283,33.7773],[-84.4283,33.7773],[-84.4284,33.7773],[-84.4285,33.7773],[-84.4285,33.7773],[-84.4286,33.7772],[-84.4287,33.7772],[-84.4287,33.7771],[-84.4288,33.7771],[-84.4288,33.777],[-84.4289,33.7769],[-84.429,33.7769],[-84.4291,33.7768],[-84.4292,33.7768],[-84.4292,33.7767],[-84.4293,33.7767],[-84.4294,33.7767],[-84.4294,33.7766],[-84.4295,33.7766],[-84.4295,33.7766],[-84.4296,33.7765],[-84.4296,33.7764],[-84.4297,33.7764],[-84.4297,33.7763],[-84.4297,33.7763],[-84.4298,33.7762],[-84.4298,33.7762],[-84.4298,33.7762],[-84.4299,33.7762],[-84.43,33.7761],[-84.4301,33.776],[-84.4302,33.7759],[-84.4302,33.7758],[-84.4303,33.7758],[-84.4304,33.7757],[-84.4306,33.7757],[-84.4308,33.7756],[-84.4309,33.7756],[-84.431,33.7756],[-84.4311,33.7755],[-84.4312,33.7755],[-84.4312,33.7755],[-84.4313,33.7754],[-84.4324,33.7763],[-84.4327,33.7765],[-84.4328,33.7766],[-84.433,33.7767],[-84.4332,33.7767],[-84.4334,33.7767],[-84.4335,33.7767],[-84.4336,33.7767],[-84.4338,33.7768],[-84.434,33.7768],[-84.4342,33.7768],[-84.4343,33.7768],[-84.4345,33.7768],[-84.4347,33.7768],[-84.4349,33.7767],[-84.4351,33.7768],[-84.4352,33.7768],[-84.4354,33.7768],[-84.4355,33.7768],[-84.4357,33.7768],[-84.4359,33.7767],[-84.4362,33.7766],[-84.4364,33.7765],[-84.4366,33.7764],[-84.4368,33.7764],[-84.4369,33.7763],[-84.4372,33.7763],[-84.4374,33.7762],[-84.4375,33.7762],[-84.4379,33.7761],[-84.4383,33.776],[-84.4387,33.7759],[-84.4389,33.7758],[-84.439,33.7758],[-84.4392,33.7758],[-84.4394,33.7758],[-84.4395,33.7758],[-84.4397,33.7757],[-84.4399,33.7756],[-84.4401,33.7755],[-84.4403,33.7754],[-84.4405,33.7753],[-84.4406,33.7753],[-84.4408,33.7752],[-84.441,33.7751],[-84.4412,33.7752],[-84.4414,33.7752],[-84.4414,33.7753],[-84.4414,33.7754],[-84.4413,33.7755],[-84.4412,33.7756],[-84.441,33.7757],[-84.4408,33.7757],[-84.4408,33.7758],[-84.4407,33.7758],[-84.4406,33.7759],[-84.4405,33.7761],[-84.4405,33.7761],[-84.4405,33.7763],[-84.4405,33.7764],[-84.4406,33.7766],[-84.4407,33.7766],[-84.4409,33.7766],[-84.441,33.7766],[-84.4412,33.7767],[-84.4413,33.7767],[-84.4413,33.7768],[-84.4414,33.7769],[-84.4415,33.7771],[-84.4416,33.7772],[-84.4418,33.7772],[-84.4419,33.7772],[-84.4421,33.7771],[-84.4422,33.7771],[-84.4424,33.777],[-84.4425,33.777],[-84.4428,33.7769],[-84.443,33.777],[-84.443,33.7773],[-84.4431,33.7775],[-84.4432,33.7776],[-84.4432,33.7778],[-84.4432,33.778],[-84.4431,33.7784],[-84.4429,33.7787],[-84.443,33.7792],[-84.4432,33.7796],[-84.4435,33.7798],[-84.4437,33.7799],[-84.4438,33.7801],[-84.444,33.7803],[-84.4441,33.7804],[-84.4441,33.7805],[-84.4442,33.7806],[-84.4443,33.7807],[-84.4443,33.7808],[-84.4443,33.7809],[-84.4443,33.781],[-84.4444,33.7811],[-84.4444,33.7812],[-84.4444,33.7814],[-84.4445,33.7815],[-84.4445,33.7816],[-84.4445,33.7818],[-84.4445,33.7819],[-84.4446,33.782],[-84.4446,33.7821],[-84.4449,33.7823],[-84.445,33.7825],[-84.445,33.7827],[-84.4451,33.7828],[-84.4451,33.7832],[-84.4451,33.7834],[-84.4451,33.7835],[-84.4453,33.7837],[-84.4455,33.7839],[-84.4457,33.7839],[-84.4459,33.7838],[-84.4462,33.7837],[-84.4464,33.7837],[-84.4466,33.7836],[-84.4468,33.7837],[-84.447,33.7836],[-84.4471,33.7836],[-84.4473,33.7835],[-84.4475,33.7835],[-84.4476,33.7835],[-84.4478,33.7835],[-84.448,33.7836],[-84.4483,33.7835],[-84.4486,33.7834],[-84.4489,33.7834],[-84.4496,33.7831],[-84.45,33.7831],[-84.4503,33.783],[-84.4505,33.7831],[-84.4506,33.7832],[-84.4509,33.7834],[-84.4511,33.7835],[-84.4511,33.7836],[-84.4511,33.7837],[-84.4508,33.7837],[-84.4507,33.7838],[-84.4506,33.7838],[-84.4505,33.7839],[-84.4504,33.784],[-84.4504,33.7841],[-84.4504,33.7843],[-84.4505,33.7844],[-84.4505,33.7846],[-84.4505,33.7848],[-84.4505,33.7849],[-84.4505,33.785],[-84.4505,33.7852],[-84.4505,33.7853],[-84.4505,33.7854],[-84.4505,33.7855],[-84.4505,33.7856],[-84.4505,33.7858],[-84.4505,33.7859],[-84.4505,33.7861],[-84.4506,33.7862],[-84.4506,33.7864],[-84.4507,33.7864],[-84.4507,33.7865],[-84.4508,33.7866],[-84.4509,33.7868],[-84.451,33.787],[-84.4512,33.787],[-84.4513,33.7871],[-84.4514,33.7871],[-84.4516,33.7872],[-84.4517,33.7874],[-84.4517,33.7875],[-84.4518,33.7875],[-84.4518,33.7877],[-84.4519,33.7878],[-84.452,33.7881],[-84.452,33.7882],[-84.452,33.7883],[-84.452,33.7885],[-84.452,33.7885],[-84.452,33.7887],[-84.4518,33.7889],[-84.4517,33.789],[-84.4516,33.7891],[-84.4516,33.7893],[-84.4516,33.7894],[-84.4516,33.7895],[-84.4517,33.7896],[-84.4519,33.7898],[-84.4521,33.7899],[-84.4524,33.7901],[-84.4526,33.7902],[-84.4526,33.7902],[-84.4527,33.7903],[-84.4551,33.7902],[-84.4561,33.7899],[-84.4562,33.7899],[-84.4563,33.7899],[-84.4579,33.7894],[-84.4597,33.7892]]]}},{"type":"Feature","id":"13121007900","properties":{"GEOID":"13121007900","NAME":"Census Tract 79","AREALAND":8452054},"geometry":{"type":"Polygon","coordinates":[[[-84.511,33.7256],[-84.5111,33.7254],[-84.511,33.7252],[-84.511,33.725],[-84.5107,33.7245],[-84.5102,33.7238],[-84.5092,33.7236],[-84.5087,33.7235],[-84.5074,33.7233],[-84.5072,33.7232],[-84.5065,33.7231],[-84.5062,33.7231],[-84.5058,33.7231],[-84.5057,33.7231],[-84.5057,33.7231],[-84.5052,33.7231],[-84.5046,33.7231],[-84.5035,33.723],[-84.5032,33.723],[-84.5028,33.723],[-84.5026,33.723],[-84.502,33.723],[-84.5018,33.723],[-84.5008,33.723],[-84.5008,33.723],[-84.5005,33.723],[-84.5004,33.723],[-84.5001,33.7229],[-84.4992,33.7226],[-84.4978,33.7221],[-84.4964,33.7216],[-84.4959,33.7214],[-84.4949,33.7211],[-84.4944,33.7209],[-84.4938,33.7208],[-84.4928,33.7206],[-84.4909,33.7203],[-84.4903,33.7202],[-84.4897,33.72],[-84.4892,33.72],[-84.4886,33.7199],[-84.4881,33.7199],[-84.4876,33.7199],[-84.4863,33.7199],[-84.4847,33.7199],[-84.4843,33.7199],[-84.4837,33.7199],[-84.483,33.72],[-84.4823,33.7201],[-84.4805,33.7203],[-84.4797,33.7203],[-84.4793,33.7203],[-84.4788,33.7203],[-84.4778,33.7201],[-84.4775,33.7201],[-84.4772,33.7201],[-84.4768,33.7201],[-84.4761,33.7201],[-84.4759,33.7201],[-84.4756,33.7201],[-84.4749,33.7199],[-84.4746,33.7198],[-84.4743,33.7197],[-84.474,33.7197],[-84.4737,33.7197],[-84.4735,33.7198],[-84.4723,33.72],[-84.4723,33.7201],[-84.4722,33.7237],[-84.4722,33.724],[-84.4721,33.7243],[-84.472,33.7247],[-84.4719,33.725],[-84.4718,33.7253],[-84.4715,33.726],[-84.4706,33.7278],[-84.4698,33.7295],[-84.4697,33.7297],[-84.4697,33.7299],[-84.4721,33.7332],[-84.475,33.7351],[-84.4754,33.7355],[-84.4757,33.7358],[-84.4766,33.7367],[-84.4764,33.7376],[-84.4778,33.7385],[-84.4792,33.739],[-84.4793,33.7391],[-84.4802,33.7397],[-84.4852,33.7398],[-84.4867,33.7439],[-84.4865,33.7443],[-84.4859,33.745],[-84.4866,33.7454],[-84.4878,33.746],[-84.4895,33.7459],[-84.4919,33.7462],[-84.4972,33.7449],[-84.4972,33.7451],[-84.4975,33.7457],[-84.4976,33.746],[-84.4977,33.7463],[-84.4977,33.7466],[-84.498,33.7467],[-84.4982,33.7468],[-84.4984,33.747],[-84.4985,33.7471],[-84.4988,33.7473],[-84.4989,33.7475],[-84.499,33.7476],[-84.4991,33.7477],[-84.4992,33.7479],[-84.4992,33.748],[-84.4992,33.7483],[-84.4993,33.7498],[-84.4994,33.7501],[-84.4995,33.7504],[-84.4997,33.7507],[-84.5005,33.7505],[-84.5007,33.7504],[-84.5012,33.7501],[-84.5015,33.7498],[-84.5017,33.7496],[-84.5018,33.7495],[-84.5019,33.7493],[-84.502,33.7491],[-84.5023,33.7487],[-84.5026,33.7483],[-84.5031,33.7475],[-84.5031,33.7475],[-84.5038,33.7465],[-84.5045,33.7455],[-84.5051,33.7445],[-84.5058,33.7435],[-84.5064,33.7427],[-84.5078,33.7406],[-84.5084,33.7396],[-84.5086,33.7394],[-84.5088,33.7389],[-84.5089,33.7388],[-84.509,33.7382],[-84.5091,33.738],[-84.5091,33.7377],[-84.5091,33.7373],[-84.5091,33.737],[-84.5091,33.7369],[-84.5091,33.7364],[-84.509,33.7356],[-84.5089,33.7352],[-84.5087,33.7338],[-84.5087,33.7334],[-84.5086,33.7332],[-84.5086,33.733],[-84.5087,33.7328],[-84.5087,33.7326],[-84.5088,33.7324],[-84.5088,33.7323],[-84.5088,33.7321],[-84.5089,33.7321],[-84.5091,33.7318],[-84.5093,33.7316],[-84.5093,33.7315],[-84.5094,33.7315],[-84.5095,33.7313],[-84.5098,33.7311],[-84.5099,33.7311],[-84.51,33.731],[-84.5103,33.7309],[-84.5104,33.7303],[-84.5104,33.7299],[-84.5105,33.7297],[-84.5105,33.7295],[-84.5104,33.729],[-84.5104,33.7284],[-84.5104,33.7281],[-84.5104,33.728],[-84.5104,33.7279],[-84.5105,33.7278],[-84.5105,33.7278],[-84.5106,33.7271],[-84.511,33.7256]]]}},{"type":"Feature","id":"13121007705","properties":{"GEOID":"13121007705","NAME":"Census Tract 77.05","AREALAND":3297154},"geometry":{"type":"Polygon","coordinates":[[[-84.4999,33.6901],[-84.4999,33.6895],[-84.4999,33.6895],[-84.4998,33.6885],[-84.4998,33.6875],[-84.4999,33.6866],[-84.4999,33.6862],[-84.4998,33.684],[-84.4997,33.6826],[-84.4997,33.6811],[-84.4996,33.6808],[-84.4993,33.6786],[-84.499,33.677],[-84.499,33.6766],[-84.4988,33.6755],[-84.4986,33.6745],[-84.4985,33.6734],[-84.4984,33.6727],[-84.4983,33.6725],[-84.4981,33.6711],[-84.4981,33.6709],[-84.4978,33.6692],[-84.4977,33.6689],[-84.4977,33.6685],[-84.4976,33.6673],[-84.4976,33.6661],[-84.4934,33.6661],[-84.4922,33.6661],[-84.4922,33.6666],[-84.4922,33.6695],[-84.4922,33.6729],[-84.4922,33.6739],[-84.4878,33.6739],[-84.4878,33.6743],[-84.4874,33.6743],[-84.4866,33.6743],[-84.4866,33.6779],[-84.4866,33.679],[-84.4866,33.68],[-84.4866,33.6813],[-84.4866,33.6846],[-84.4866,33.6856],[-84.4866,33.6859],[-84.4865,33.6867],[-84.4865,33.6896],[-84.4865,33.69],[-84.4859,33.69],[-84.4857,33.6901],[-84.4836,33.6907],[-84.483,33.6908],[-84.4822,33.6911],[-84.4822,33.6927],[-84.4818,33.6927],[-84.4785,33.6926],[-84.4763,33.6926],[-84.4763,33.6945],[-84.4764,33.6972],[-84.4764,33.6978],[-84.4765,33.6978],[-84.478,33.6978],[-84.4788,33.6978],[-84.4804,33.6979],[-84.4807,33.6979],[-84.481,33.6978],[-84.4813,33.6978],[-84.4817,33.6977],[-84.482,33.6976],[-84.4823,33.6975],[-84.4827,33.6974],[-84.4829,33.6973],[-84.4832,33.6972],[-84.4835,33.697],[-84.4837,33.6968],[-84.4839,33.6967],[-84.4851,33.6958],[-84.4859,33.6952],[-84.4863,33.6949],[-84.4868,33.6945],[-84.4881,33.6935],[-84.4889,33.6929],[-84.4896,33.6923],[-84.4901,33.692],[-84.4906,33.6916],[-84.491,33.6912],[-84.4917,33.6907],[-84.4921,33.6905],[-84.4928,33.6903],[-84.4936,33.6901],[-84.4937,33.6901],[-84.4938,33.6901],[-84.4939,33.6901],[-84.4943,33.69],[-84.495,33.69],[-84.4955,33.6901],[-84.4965,33.6901],[-84.4969,33.6901],[-84.4992,33.6901],[-84.4999,33.6901]]]}},{"type":"Feature","id":"13121011613","properties":{"GEOID":"13121011613","NAME":"Census Tract 116.13","AREALAND":6511624},"geometry":{"type":"Polygon","coordinates":[[[-84.2349,34.0346],[-84.2349,34.0343],[-84.2349,34.034],[-84.2348,34.0338],[-84.2348,34.0337],[-84.2347,34.0335],[-84.2346,34.0334],[-84.2345,34.0332],[-84.2339,34.0325],[-84.2338,34.0324],[-84.2336,34.0323],[-84.2332,34.0319],[-84.2315,34.0307],[-84.2307,34.0302],[-84.2298,34.0294],[-84.2295,34.0293],[-84.2293,34.0292],[-84.2281,34.0288],[-84.2276,34.0286],[-84.2275,34.0285],[-84.2273,34.0284],[-84.2272,34.0284],[-84.2271,34.0283],[-84.2264,34.0275],[-84.2262,34.0273],[-84.226,34.0271],[-84.2258,34.0268],[-84.2242,34.0244],[-84.222,34.0211],[-84.2218,34.0208],[-84.2215,34.0206],[-84.2213,34.0204],[-84.2211,34.0203],[-84.2209,34.0202],[-84.2207,34.0201],[-84.2203,34.0199],[-84.2199,34.0198],[-84.2191,34.0195],[-84.2188,34.0194],[-84.2185,34.0193],[-84.2183,34.0192],[-84.2181,34.019],[-84.2169,34.0183],[-84.2158,34.0176],[-84.2155,34.0174],[-84.2151,34.0173],[-84.2149,34.0172],[-84.214,34.017],[-84.2129,34.0167],[-84.2111,34.0162],[-84.2111,34.0163],[-84.2109,34.0165],[-84.2107,34.0168],[-84.2106,34.017],[-84.2104,34.0171],[-84.2103,34.0172],[-84.2103,34.0172],[-84.2102,34.0173],[-84.2101,34.0175],[-84.21,34.0177],[-84.21,34.0178],[-84.2099,34.018],[-84.2098,34.0189],[-84.2097,34.0194],[-84.2096,34.0196],[-84.2096,34.0197],[-84.2094,34.0198],[-84.2093,34.0199],[-84.2092,34.0199],[-84.2091,34.0199],[-84.2091,34.02],[-84.2091,34.02],[-84.2091,34.0201],[-84.2091,34.0202],[-84.2091,34.0203],[-84.2092,34.0204],[-84.2093,34.0206],[-84.2093,34.0206],[-84.2093,34.0209],[-84.2093,34.0214],[-84.2092,34.0219],[-84.2092,34.0222],[-84.2092,34.0224],[-84.2091,34.0226],[-84.2091,34.0228],[-84.2091,34.023],[-84.2092,34.0232],[-84.2092,34.0234],[-84.2092,34.0235],[-84.2092,34.0236],[-84.2092,34.0238],[-84.2092,34.0238],[-84.2091,34.0239],[-84.2088,34.0242],[-84.2087,34.0244],[-84.2087,34.0245],[-84.2085,34.0247],[-84.2084,34.0249],[-84.2082,34.0252],[-84.2081,34.0254],[-84.208,34.0254],[-84.2078,34.0255],[-84.2077,34.0255],[-84.2075,34.0256],[-84.2073,34.0257],[-84.2071,34.0258],[-84.2071,34.0258],[-84.207,34.0258],[-84.2068,34.0259],[-84.2063,34.026],[-84.2059,34.026],[-84.2059,34.026],[-84.2055,34.026],[-84.2052,34.026],[-84.205,34.0259],[-84.2048,34.026],[-84.2046,34.0261],[-84.2043,34.0261],[-84.204,34.0262],[-84.2038,34.0262],[-84.2037,34.0262],[-84.2036,34.0262],[-84.2033,34.0263],[-84.2031,34.0264],[-84.2029,34.0267],[-84.2026,34.0269],[-84.2026,34.027],[-84.2029,34.0274],[-84.2031,34.0277],[-84.2032,34.0278],[-84.2037,34.0281],[-84.2044,34.0286],[-84.2056,34.0294],[-84.2058,34.0295],[-84.2065,34.0299],[-84.2064,34.0301],[-84.2064,34.0303],[-84.2063,34.0305],[-84.2063,34.0314],[-84.2064,34.0317],[-84.2063,34.0318],[-84.2062,34.032],[-84.206,34.0325],[-84.2058,34.0328],[-84.2056,34.0332],[-84.2055,34.0333],[-84.2053,34.0336],[-84.205,34.0339],[-84.2048,34.0342],[-84.2046,34.0344],[-84.2043,34.0346],[-84.2041,34.0348],[-84.2038,34.0349],[-84.2034,34.035],[-84.203,34.0352],[-84.2028,34.0353],[-84.2027,34.0353],[-84.2026,34.0354],[-84.2024,34.0355],[-84.2023,34.0356],[-84.2015,34.0364],[-84.2009,34.0369],[-84.2007,34.0371],[-84.2006,34.0372],[-84.2005,34.0374],[-84.2004,34.0377],[-84.2003,34.038],[-84.2002,34.0383],[-84.2002,34.0384],[-84.2002,34.0386],[-84.2002,34.0387],[-84.2002,34.0389],[-84.2002,34.0391],[-84.2003,34.0392],[-84.2003,34.0394],[-84.2004,34.0395],[-84.2005,34.0397],[-84.2006,34.0398],[-84.2008,34.04],[-84.2009,34.0401],[-84.2011,34.0402],[-84.2013,34.0403],[-84.2013,34.0403],[-84.2023,34.0409],[-84.2026,34.0411],[-84.2027,34.0411],[-84.2033,34.0415],[-84.2038,34.0417],[-84.2041,34.0419],[-84.2043,34.0419],[-84.2044,34.042],[-84.2046,34.042],[-84.2047,34.042],[-84.2048,34.042],[-84.2051,34.042],[-84.2053,34.042],[-84.2056,34.042],[-84.2059,34.042],[-84.2063,34.0419],[-84.2067,34.0418],[-84.2072,34.0416],[-84.2092,34.041],[-84.2104,34.0406],[-84.2105,34.0406],[-84.2107,34.0406],[-84.2108,34.0406],[-84.211,34.0405],[-84.2114,34.0405],[-84.2118,34.0406],[-84.2122,34.0406],[-84.2126,34.0407],[-84.213,34.0407],[-84.2134,34.0408],[-84.2142,34.0408],[-84.2142,34.0416],[-84.2142,34.0417],[-84.2143,34.0418],[-84.2143,34.0419],[-84.2144,34.0419],[-84.2145,34.042],[-84.2147,34.0422],[-84.2148,34.0423],[-84.2149,34.0424],[-84.2149,34.0425],[-84.2148,34.0451],[-84.2147,34.0458],[-84.2147,34.0458],[-84.2147,34.0459],[-84.2146,34.0461],[-84.2146,34.0461],[-84.2146,34.0461],[-84.2145,34.0462],[-84.2144,34.0462],[-84.2143,34.0463],[-84.2141,34.0463],[-84.2139,34.0463],[-84.2126,34.0462],[-84.2124,34.0462],[-84.2122,34.0462],[-84.212,34.0462],[-84.2118,34.0463],[-84.2116,34.0464],[-84.2111,34.0468],[-84.211,34.0469],[-84.2109,34.047],[-84.2108,34.0471],[-84.2107,34.0474],[-84.2104,34.0479],[-84.2105,34.048],[-84.2106,34.048],[-84.2109,34.0482],[-84.2109,34.0483],[-84.211,34.0483],[-84.2113,34.0484],[-84.2115,34.0486],[-84.2117,34.0486],[-84.2125,34.049],[-84.2128,34.0492],[-84.213,34.0493],[-84.2134,34.0495],[-84.2138,34.0497],[-84.2141,34.0499],[-84.2143,34.05],[-84.2159,34.0505],[-84.216,34.0506],[-84.2162,34.0506],[-84.2164,34.0507],[-84.2168,34.0509],[-84.217,34.051],[-84.2173,34.0512],[-84.2194,34.0523],[-84.2198,34.0518],[-84.2199,34.0515],[-84.2205,34.0507],[-84.2207,34.0502],[-84.2211,34.0496],[-84.2226,34.0471],[-84.2228,34.0468],[-84.2229,34.0466],[-84.2231,34.0464],[-84.224,34.0456],[-84.2252,34.0443],[-84.2258,34.0437],[-84.2273,34.0422],[-84.228,34.0417],[-84.2291,34.0407],[-84.2297,34.0403],[-84.2307,34.0396],[-84.2339,34.0375],[-84.2339,34.0374],[-84.2349,34.0368],[-84.2348,34.0364],[-84.2347,34.0361],[-84.2348,34.036],[-84.2349,34.0348],[-84.2349,34.0346]]]}},{"type":"Feature","id":"13121011420","properties":{"GEOID":"13121011420","NAME":"Census Tract 114.20","AREALAND":1660482},"geometry":{"type":"Polygon","coordinates":[[[-84.335,34.0285],[-84.3352,34.0283],[-84.3329,34.0265],[-84.3327,34.0263],[-84.3322,34.026],[-84.332,34.0257],[-84.3313,34.0252],[-84.3307,34.0247],[-84.3298,34.0241],[-84.3295,34.0238],[-84.3293,34.0236],[-84.3289,34.0233],[-84.3286,34.0231],[-84.3284,34.023],[-84.3282,34.0229],[-84.3276,34.0226],[-84.3268,34.0224],[-84.3265,34.0224],[-84.3254,34.022],[-84.3244,34.0218],[-84.3226,34.0243],[-84.3216,34.0256],[-84.3208,34.0267],[-84.3207,34.0268],[-84.32,34.0278],[-84.3197,34.0283],[-84.3185,34.0299],[-84.3182,34.0303],[-84.3175,34.0313],[-84.3165,34.0328],[-84.3158,34.0337],[-84.3157,34.0338],[-84.3158,34.0338],[-84.3161,34.0339],[-84.3163,34.0339],[-84.3164,34.0339],[-84.3167,34.0339],[-84.317,34.0338],[-84.3175,34.0337],[-84.3174,34.0337],[-84.3173,34.0339],[-84.3172,34.0341],[-84.3171,34.0343],[-84.3169,34.0347],[-84.3169,34.0349],[-84.3168,34.0352],[-84.3168,34.0353],[-84.3167,34.0354],[-84.3185,34.0354],[-84.3215,34.0355],[-84.3228,34.0355],[-84.3254,34.0356],[-84.3299,34.0357],[-84.3305,34.0357],[-84.3306,34.0357],[-84.3306,34.0352],[-84.3306,34.0348],[-84.3306,34.0326],[-84.3306,34.0324],[-84.3307,34.0323],[-84.3307,34.0321],[-84.3308,34.0319],[-84.3308,34.0318],[-84.3309,34.0318],[-84.331,34.0316],[-84.3311,34.0315],[-84.3312,34.0314],[-84.3313,34.0313],[-84.3315,34.0311],[-84.3317,34.031],[-84.332,34.0309],[-84.3331,34.0305],[-84.3333,34.0304],[-84.3336,34.0303],[-84.3338,34.0301],[-84.3338,34.0301],[-84.3341,34.0299],[-84.3342,34.0297],[-84.3344,34.0295],[-84.3348,34.0287],[-84.335,34.0285]]]}},{"type":"Feature","id":"13121011620","properties":{"GEOID":"13121011620","NAME":"Census Tract 116.20","AREALAND":7411482},"geometry":{"type":"Polygon","coordinates":[[[-84.2507,34.0785],[-84.2507,34.0785],[-84.2472,34.0772],[-84.2467,34.077],[-84.2461,34.0768],[-84.2456,34.0767],[-84.2452,34.0766],[-84.2449,34.0766],[-84.2441,34.0764],[-84.2433,34.0763],[-84.2427,34.0761],[-84.2419,34.076],[-84.2404,34.0759],[-84.2388,34.0758],[-84.2384,34.0757],[-84.2382,34.0756],[-84.238,34.0756],[-84.2377,34.0754],[-84.2373,34.0752],[-84.2371,34.0751],[-84.2369,34.0749],[-84.2361,34.0741],[-84.2359,34.074],[-84.2358,34.0739],[-84.2356,34.0738],[-84.2353,34.0736],[-84.235,34.0735],[-84.2346,34.0734],[-84.2342,34.0733],[-84.2333,34.0731],[-84.2331,34.0731],[-84.2327,34.073],[-84.2326,34.073],[-84.2325,34.073],[-84.2323,34.0729],[-84.2319,34.0728],[-84.2316,34.0726],[-84.2315,34.0725],[-84.2312,34.0723],[-84.231,34.0721],[-84.2308,34.0719],[-84.2308,34.0718],[-84.2306,34.0716],[-84.2305,34.0714],[-84.2304,34.0712],[-84.2303,34.0707],[-84.2302,34.0705],[-84.2302,34.0704],[-84.2302,34.0702],[-84.2302,34.0697],[-84.2302,34.069],[-84.2302,34.0686],[-84.2302,34.0683],[-84.2301,34.068],[-84.2301,34.0678],[-84.23,34.0676],[-84.2297,34.0672],[-84.2296,34.0669],[-84.2295,34.0669],[-84.2292,34.0665],[-84.229,34.0663],[-84.2288,34.0661],[-84.2286,34.0659],[-84.2284,34.0658],[-84.228,34.0655],[-84.2275,34.0653],[-84.2271,34.0651],[-84.2271,34.0651],[-84.2268,34.065],[-84.2264,34.0648],[-84.2261,34.0648],[-84.2242,34.0645],[-84.224,34.0644],[-84.223,34.0643],[-84.2229,34.0643],[-84.2226,34.0642],[-84.2223,34.0642],[-84.2222,34.0642],[-84.2215,34.0641],[-84.2206,34.0639],[-84.2204,34.0639],[-84.2201,34.0639],[-84.2199,34.0639],[-84.2198,34.0639],[-84.2194,34.0639],[-84.2191,34.0639],[-84.219,34.0639],[-84.2185,34.0639],[-84.2193,34.0635],[-84.2202,34.0629],[-84.2206,34.0627],[-84.2207,34.0627],[-84.2211,34.0625],[-84.2211,34.0625],[-84.2213,34.0624],[-84.2214,34.0623],[-84.2218,34.0622],[-84.2219,34.0622],[-84.2224,34.062],[-84.2228,34.0618],[-84.2233,34.0616],[-84.2242,34.0613],[-84.2253,34.0609],[-84.2256,34.0607],[-84.2258,34.0607],[-84.226,34.0606],[-84.2264,34.0604],[-84.2267,34.0602],[-84.2269,34.0601],[-84.2271,34.0599],[-84.2272,34.0599],[-84.2273,34.0598],[-84.2275,34.0597],[-84.2282,34.0591],[-84.2285,34.0589],[-84.2293,34.0582],[-84.2297,34.058],[-84.2299,34.0578],[-84.2301,34.0576],[-84.2303,34.0573],[-84.2312,34.056],[-84.2313,34.0558],[-84.2312,34.0556],[-84.2312,34.0556],[-84.2297,34.0535],[-84.2297,34.0535],[-84.2288,34.052],[-84.2286,34.0518],[-84.2283,34.0514],[-84.2282,34.0514],[-84.228,34.0511],[-84.2278,34.051],[-84.2276,34.0509],[-84.2273,34.0507],[-84.2266,34.0503],[-84.2258,34.0497],[-84.2254,34.0495],[-84.2252,34.0492],[-84.2248,34.0488],[-84.2246,34.0486],[-84.2243,34.0482],[-84.2238,34.0475],[-84.2235,34.047],[-84.2231,34.0464],[-84.2229,34.0466],[-84.2228,34.0468],[-84.2226,34.0471],[-84.2211,34.0496],[-84.2207,34.0502],[-84.2205,34.0507],[-84.2199,34.0515],[-84.2198,34.0518],[-84.2194,34.0523],[-84.2187,34.0532],[-84.2187,34.0533],[-84.2185,34.0536],[-84.2184,34.0537],[-84.2182,34.054],[-84.2181,34.0543],[-84.2179,34.0545],[-84.2178,34.055],[-84.2178,34.0553],[-84.2177,34.0555],[-84.2174,34.057],[-84.2172,34.0578],[-84.2172,34.058],[-84.217,34.0585],[-84.217,34.0585],[-84.217,34.0586],[-84.2168,34.0589],[-84.2168,34.059],[-84.2166,34.0593],[-84.2164,34.0598],[-84.2156,34.0612],[-84.2155,34.0613],[-84.2155,34.0614],[-84.2155,34.0614],[-84.2152,34.0619],[-84.215,34.0622],[-84.215,34.0623],[-84.2149,34.0624],[-84.2144,34.0631],[-84.2142,34.0633],[-84.214,34.0636],[-84.2134,34.0642],[-84.2133,34.0643],[-84.2131,34.0645],[-84.2127,34.0648],[-84.2102,34.0665],[-84.2098,34.0668],[-84.2093,34.0672],[-84.209,34.0675],[-84.2085,34.0678],[-84.207,34.0688],[-84.2057,34.0698],[-84.2053,34.0701],[-84.2045,34.0706],[-84.2043,34.0708],[-84.2041,34.071],[-84.204,34.0712],[-84.2039,34.0714],[-84.2035,34.0723],[-84.2034,34.0725],[-84.2032,34.0729],[-84.203,34.0733],[-84.2028,34.0735],[-84.2024,34.074],[-84.2019,34.0744],[-84.2012,34.0751],[-84.2005,34.0759],[-84.1996,34.0768],[-84.1993,34.0772],[-84.1983,34.0784],[-84.198,34.0788],[-84.1967,34.0805],[-84.1961,34.0813],[-84.1959,34.0816],[-84.1954,34.082],[-84.195,34.0824],[-84.1946,34.0827],[-84.1921,34.0845],[-84.1918,34.0846],[-84.1914,34.0848],[-84.191,34.085],[-84.1908,34.0851],[-84.1894,34.0855],[-84.1897,34.0858],[-84.1899,34.0859],[-84.19,34.086],[-84.1901,34.0861],[-84.1904,34.0863],[-84.1907,34.0865],[-84.1909,34.0866],[-84.1909,34.0866],[-84.191,34.0866],[-84.1911,34.0867],[-84.1912,34.0867],[-84.1915,34.0868],[-84.1915,34.0868],[-84.1916,34.0869],[-84.1921,34.087],[-84.1924,34.0871],[-84.1927,34.0871],[-84.1928,34.0872],[-84.193,34.0872],[-84.1931,34.0872],[-84.1931,34.0872],[-84.1933,34.0873],[-84.1935,34.0874],[-84.1938,34.0875],[-84.194,34.0876],[-84.1943,34.0877],[-84.1943,34.0877],[-84.1944,34.0877],[-84.1945,34.0877],[-84.1947,34.0878],[-84.1949,34.0879],[-84.195,34.088],[-84.1952,34.088],[-84.1952,34.088],[-84.1953,34.088],[-84.1955,34.0882],[-84.1956,34.0882],[-84.1956,34.0882],[-84.1961,34.0884],[-84.1961,34.0884],[-84.1964,34.0885],[-84.1966,34.0886],[-84.1966,34.0886],[-84.1968,34.0887],[-84.1968,34.0887],[-84.1973,34.0889],[-84.1974,34.089],[-84.1974,34.089],[-84.199,34.0897],[-84.1992,34.0898],[-84.1995,34.0899],[-84.1995,34.0899],[-84.1995,34.0899],[-84.1997,34.0899],[-84.1997,34.09],[-84.1999,34.09],[-84.2001,34.0901],[-84.2003,34.0901],[-84.2004,34.0901],[-84.2004,34.0901],[-84.2006,34.0902],[-84.2007,34.0902],[-84.2007,34.0902],[-84.2008,34.0902],[-84.201,34.0902],[-84.201,34.0902],[-84.201,34.0902],[-84.2013,34.0902],[-84.2017,34.0902],[-84.202,34.0901],[-84.2021,34.0901],[-84.2029,34.0901],[-84.2045,34.0903],[-84.2052,34.0904],[-84.2057,34.0905],[-84.2057,34.0906],[-84.2057,34.0906],[-84.2058,34.0906],[-84.2058,34.0906],[-84.2058,34.0906],[-84.2059,34.0902],[-84.2059,34.0898],[-84.2059,34.0897],[-84.2059,34.0896],[-84.2059,34.0885],[-84.2059,34.0879],[-84.2059,34.0865],[-84.2058,34.0862],[-84.2058,34.086],[-84.2057,34.0859],[-84.2057,34.0857],[-84.2055,34.0854],[-84.2054,34.0852],[-84.2053,34.0851],[-84.205,34.0847],[-84.2049,34.0845],[-84.2048,34.0843],[-84.2048,34.0842],[-84.2048,34.0841],[-84.2047,34.0839],[-84.2047,34.0837],[-84.2047,34.0836],[-84.2047,34.0835],[-84.2048,34.0833],[-84.2048,34.0831],[-84.2049,34.0829],[-84.2053,34.0823],[-84.2055,34.0818],[-84.2057,34.0815],[-84.2057,34.0813],[-84.2058,34.0812],[-84.2058,34.0809],[-84.2058,34.0808],[-84.2058,34.0796],[-84.2058,34.0788],[-84.2059,34.0786],[-84.2059,34.0784],[-84.206,34.0782],[-84.206,34.0781],[-84.2061,34.0779],[-84.2064,34.0775],[-84.2064,34.0775],[-84.2066,34.0776],[-84.2067,34.0776],[-84.2068,34.0777],[-84.207,34.0777],[-84.2073,34.0777],[-84.2076,34.0777],[-84.2078,34.0778],[-84.2081,34.0778],[-84.2084,34.078],[-84.2086,34.0781],[-84.2086,34.0781],[-84.2087,34.0781],[-84.2088,34.0782],[-84.209,34.0783],[-84.2091,34.0784],[-84.2092,34.0785],[-84.2094,34.0785],[-84.2095,34.0786],[-84.2096,34.0787],[-84.2097,34.0788],[-84.2099,34.0788],[-84.21,34.0789],[-84.2101,34.0789],[-84.2103,34.079],[-84.2106,34.079],[-84.2108,34.0789],[-84.2109,34.0789],[-84.211,34.0789],[-84.2112,34.079],[-84.2113,34.079],[-84.2116,34.0791],[-84.2123,34.0792],[-84.2125,34.0792],[-84.2129,34.0792],[-84.213,34.0792],[-84.2131,34.0793],[-84.2132,34.0795],[-84.2133,34.0797],[-84.2134,34.0799],[-84.2141,34.0801],[-84.2175,34.0791],[-84.2212,34.0779],[-84.222,34.078],[-84.2251,34.0782],[-84.2289,34.0784],[-84.2297,34.0787],[-84.2307,34.0792],[-84.231,34.0793],[-84.2337,34.0805],[-84.2344,34.0809],[-84.2348,34.0812],[-84.2353,34.0815],[-84.2357,34.0817],[-84.2359,34.0818],[-84.2373,34.0824],[-84.2376,34.0825],[-84.2376,34.0825],[-84.2379,34.0826],[-84.2381,34.0826],[-84.2384,34.0827],[-84.2385,34.0827],[-84.2386,34.0828],[-84.2388,34.0828],[-84.2391,34.0829],[-84.2392,34.083],[-84.2394,34.083],[-84.2396,34.0831],[-84.2396,34.0831],[-84.2397,34.0832],[-84.24,34.0833],[-84.2404,34.0835],[-84.2406,34.0835],[-84.2407,34.0835],[-84.2408,34.0836],[-84.2415,34.0836],[-84.2418,34.0836],[-84.242,34.0836],[-84.2423,34.0836],[-84.2427,34.0835],[-84.2431,34.0835],[-84.2434,34.0834],[-84.2436,34.0833],[-84.2439,34.0832],[-84.2441,34.0831],[-84.2443,34.083],[-84.2445,34.083],[-84.2447,34.0828],[-84.2449,34.0827],[-84.2452,34.0825],[-84.2453,34.0824],[-84.2454,34.0824],[-84.2455,34.0823],[-84.2457,34.0822],[-84.2459,34.082],[-84.2463,34.0818],[-84.2465,34.0817],[-84.247,34.0813],[-84.2472,34.0812],[-84.2476,34.0808],[-84.2479,34.0806],[-84.2482,34.0804],[-84.2484,34.0802],[-84.2489,34.0799],[-84.2491,34.0797],[-84.2493,34.0795],[-84.2496,34.0793],[-84.2497,34.0793],[-84.2501,34.0791],[-84.2505,34.0788],[-84.2506,34.0787],[-84.2507,34.0785]]]}},{"type":"Feature","id":"13121011614","properties":{"GEOID":"13121011614","NAME":"Census Tract 116.14","AREALAND":8437788},"geometry":{"type":"Polygon","coordinates":[[[-84.2952,34.0875],[-84.2952,34.0873],[-84.2952,34.0869],[-84.2948,34.0825],[-84.2947,34.0812],[-84.2946,34.0799],[-84.2945,34.0785],[-84.2938,34.0785],[-84.2935,34.0786],[-84.2933,34.0786],[-84.2925,34.0788],[-84.2918,34.0789],[-84.2903,34.0792],[-84.2885,34.0795],[-84.286,34.0799],[-84.2858,34.0799],[-84.2856,34.08],[-84.2852,34.0801],[-84.2849,34.0802],[-84.2847,34.0803],[-84.284,34.0807],[-84.2834,34.0811],[-84.2829,34.0813],[-84.2818,34.0819],[-84.2814,34.082],[-84.2806,34.0824],[-84.2804,34.0825],[-84.2795,34.0829],[-84.2783,34.0835],[-84.2781,34.0835],[-84.2779,34.0836],[-84.2776,34.0838],[-84.2774,34.0839],[-84.2771,34.084],[-84.2769,34.084],[-84.2752,34.0844],[-84.2748,34.0845],[-84.2744,34.0845],[-84.2742,34.0845],[-84.274,34.0845],[-84.2739,34.0845],[-84.2737,34.0844],[-84.2735,34.0844],[-84.2734,34.0843],[-84.2733,34.0843],[-84.2731,34.0841],[-84.2729,34.0843],[-84.2727,34.0844],[-84.2725,34.0845],[-84.2723,34.0846],[-84.2718,34.0848],[-84.2718,34.0848],[-84.2716,34.0849],[-84.2713,34.085],[-84.271,34.0852],[-84.2707,34.0854],[-84.2705,34.0856],[-84.2703,34.0858],[-84.2702,34.086],[-84.2701,34.0862],[-84.27,34.0863],[-84.2696,34.0877],[-84.2694,34.0877],[-84.2688,34.0875],[-84.2678,34.0872],[-84.2677,34.0872],[-84.2674,34.0871],[-84.2669,34.0871],[-84.2666,34.087],[-84.2663,34.087],[-84.2659,34.0871],[-84.2656,34.0871],[-84.2654,34.0871],[-84.2648,34.0872],[-84.2638,34.0876],[-84.2627,34.0879],[-84.2623,34.088],[-84.262,34.088],[-84.2619,34.0883],[-84.261,34.0895],[-84.2606,34.09],[-84.2599,34.0907],[-84.2594,34.0912],[-84.2589,34.0915],[-84.2588,34.0916],[-84.2581,34.0922],[-84.2572,34.0929],[-84.2559,34.0939],[-84.2535,34.0958],[-84.2518,34.0972],[-84.2511,34.0978],[-84.2499,34.0987],[-84.2488,34.0996],[-84.2468,34.1011],[-84.2451,34.1024],[-84.2448,34.1026],[-84.2446,34.1027],[-84.2447,34.1028],[-84.2448,34.1029],[-84.245,34.1029],[-84.2452,34.103],[-84.2454,34.1031],[-84.2458,34.1032],[-84.2466,34.1035],[-84.2474,34.1038],[-84.2477,34.1039],[-84.248,34.104],[-84.248,34.104],[-84.2487,34.1042],[-84.2488,34.1042],[-84.2493,34.1044],[-84.2493,34.1044],[-84.2495,34.1045],[-84.2499,34.1046],[-84.2499,34.1046],[-84.2502,34.1046],[-84.2503,34.1046],[-84.2505,34.1047],[-84.2507,34.1047],[-84.2508,34.1047],[-84.251,34.1046],[-84.251,34.1046],[-84.251,34.1046],[-84.2511,34.1046],[-84.2512,34.1046],[-84.2516,34.1046],[-84.2516,34.1046],[-84.2517,34.1046],[-84.2518,34.1046],[-84.2519,34.1046],[-84.2519,34.1046],[-84.2521,34.1046],[-84.2524,34.1045],[-84.2525,34.1045],[-84.2526,34.1045],[-84.2526,34.1045],[-84.2528,34.1045],[-84.2529,34.1045],[-84.253,34.1045],[-84.253,34.1045],[-84.253,34.1045],[-84.2533,34.1045],[-84.2533,34.1045],[-84.2533,34.1045],[-84.2534,34.1044],[-84.2535,34.1044],[-84.2538,34.1044],[-84.2541,34.1043],[-84.2542,34.1046],[-84.2542,34.1047],[-84.2542,34.1049],[-84.2542,34.105],[-84.2542,34.105],[-84.2543,34.1052],[-84.2543,34.1053],[-84.2543,34.1055],[-84.2543,34.1055],[-84.2543,34.1055],[-84.2544,34.1056],[-84.2544,34.1057],[-84.2544,34.1059],[-84.2544,34.106],[-84.2545,34.1061],[-84.2545,34.1062],[-84.2546,34.1065],[-84.2546,34.1065],[-84.2546,34.1065],[-84.2546,34.1067],[-84.2548,34.1073],[-84.2549,34.1074],[-84.2549,34.1075],[-84.2549,34.1075],[-84.255,34.1076],[-84.255,34.1076],[-84.2552,34.1079],[-84.2553,34.108],[-84.2555,34.1081],[-84.2559,34.1084],[-84.2564,34.1086],[-84.2564,34.1086],[-84.2565,34.1087],[-84.2569,34.1088],[-84.2569,34.1088],[-84.257,34.1088],[-84.2571,34.1089],[-84.2581,34.1091],[-84.2581,34.1091],[-84.2583,34.1092],[-84.2584,34.1092],[-84.2585,34.1093],[-84.2586,34.1093],[-84.2586,34.1093],[-84.2587,34.1094],[-84.2587,34.1094],[-84.2587,34.1094],[-84.2587,34.1094],[-84.2588,34.1094],[-84.2588,34.1094],[-84.2589,34.1095],[-84.2589,34.1095],[-84.2589,34.1095],[-84.2589,34.1095],[-84.2589,34.1096],[-84.2589,34.1125],[-84.2589,34.1132],[-84.2589,34.1139],[-84.2589,34.1141],[-84.2589,34.1147],[-84.2589,34.115],[-84.2589,34.1155],[-84.2589,34.1163],[-84.2589,34.1165],[-84.2589,34.1167],[-84.2589,34.1168],[-84.2589,34.1171],[-84.2589,34.1174],[-84.2589,34.1179],[-84.2589,34.1185],[-84.2589,34.1191],[-84.2589,34.1201],[-84.2589,34.1203],[-84.2589,34.1207],[-84.2589,34.1208],[-84.2589,34.121],[-84.2589,34.1211],[-84.2589,34.1212],[-84.2589,34.1212],[-84.2589,34.1213],[-84.2589,34.1217],[-84.2589,34.1217],[-84.2589,34.1217],[-84.2589,34.1218],[-84.2589,34.1219],[-84.2589,34.122],[-84.2589,34.1223],[-84.2589,34.123],[-84.2589,34.1235],[-84.2589,34.1244],[-84.2589,34.1254],[-84.2589,34.1255],[-84.2589,34.1259],[-84.2589,34.1263],[-84.2589,34.1271],[-84.2589,34.1272],[-84.259,34.1272],[-84.2615,34.1267],[-84.2621,34.1266],[-84.2633,34.1263],[-84.264,34.1262],[-84.2644,34.1261],[-84.2649,34.1261],[-84.2663,34.1261],[-84.2663,34.1261],[-84.2663,34.1266],[-84.2663,34.1267],[-84.2664,34.1267],[-84.2664,34.126],[-84.2672,34.126],[-84.2677,34.1259],[-84.2679,34.1259],[-84.2683,34.1258],[-84.2686,34.1257],[-84.269,34.1255],[-84.2693,34.1253],[-84.2695,34.1251],[-84.2697,34.1249],[-84.2699,34.1247],[-84.27,34.1245],[-84.2702,34.1242],[-84.2703,34.124],[-84.2703,34.1238],[-84.2704,34.1235],[-84.2705,34.1221],[-84.2705,34.1217],[-84.2705,34.1213],[-84.2705,34.121],[-84.2704,34.1207],[-84.2701,34.1188],[-84.27,34.1184],[-84.2699,34.1179],[-84.2693,34.1148],[-84.2692,34.114],[-84.2691,34.1132],[-84.2691,34.1122],[-84.269,34.1107],[-84.269,34.1106],[-84.2689,34.1102],[-84.2689,34.1097],[-84.2689,34.1092],[-84.269,34.1087],[-84.2691,34.1084],[-84.2694,34.107],[-84.2694,34.1066],[-84.2695,34.1065],[-84.2695,34.1062],[-84.2696,34.106],[-84.2698,34.1048],[-84.2701,34.1036],[-84.2704,34.1019],[-84.2706,34.1013],[-84.2708,34.1],[-84.2709,34.0998],[-84.2709,34.0996],[-84.271,34.0994],[-84.2712,34.0989],[-84.2714,34.0985],[-84.2714,34.0985],[-84.2716,34.0982],[-84.2717,34.0981],[-84.2718,34.098],[-84.2729,34.0967],[-84.273,34.0965],[-84.2732,34.0964],[-84.2733,34.0962],[-84.2735,34.0961],[-84.2738,34.096],[-84.2741,34.0958],[-84.2744,34.0957],[-84.2765,34.0952],[-84.2768,34.0951],[-84.2771,34.095],[-84.2776,34.0948],[-84.2783,34.0945],[-84.2785,34.0944],[-84.2787,34.0943],[-84.2787,34.0943],[-84.2788,34.0942],[-84.2794,34.0938],[-84.2795,34.0938],[-84.2811,34.0928],[-84.2814,34.0926],[-84.2817,34.0925],[-84.282,34.0924],[-84.2823,34.0923],[-84.2826,34.0922],[-84.283,34.0922],[-84.2834,34.0921],[-84.2856,34.0922],[-84.2863,34.0922],[-84.2867,34.0922],[-84.2869,34.0922],[-84.2875,34.0922],[-84.2881,34.0921],[-84.2887,34.092],[-84.2895,34.0918],[-84.29,34.0917],[-84.2905,34.0916],[-84.2912,34.0914],[-84.2914,34.0914],[-84.2916,34.0913],[-84.2917,34.0913],[-84.2919,34.0912],[-84.292,34.0912],[-84.2922,34.0911],[-84.2924,34.091],[-84.2928,34.0908],[-84.2931,34.0907],[-84.2933,34.0905],[-84.2939,34.09],[-84.2939,34.09],[-84.2941,34.0899],[-84.2943,34.0897],[-84.2944,34.0895],[-84.2945,34.0893],[-84.2947,34.0892],[-84.2948,34.089],[-84.2949,34.0888],[-84.295,34.0886],[-84.295,34.0884],[-84.2951,34.0882],[-84.2952,34.0879],[-84.2952,34.0877],[-84.2952,34.0875]]]}},{"type":"Feature","id":"13121011610","properties":{"GEOID":"13121011610","NAME":"Census Tract 116.10","AREALAND":4692997},"geometry":{"type":"Polygon","coordinates":[[[-84.3269,34.0761],[-84.3275,34.0755],[-84.3266,34.0752],[-84.326,34.075],[-84.3252,34.0748],[-84.3245,34.0745],[-84.324,34.0742],[-84.3238,34.0742],[-84.3216,34.0735],[-84.3214,34.0734],[-84.3211,34.0733],[-84.3206,34.0732],[-84.3205,34.0731],[-84.3199,34.0729],[-84.3196,34.0729],[-84.3195,34.0729],[-84.3194,34.0729],[-84.3188,34.0729],[-84.3183,34.0729],[-84.3169,34.0729],[-84.3167,34.0729],[-84.3164,34.0729],[-84.3162,34.0729],[-84.3158,34.0729],[-84.3154,34.073],[-84.3152,34.073],[-84.3127,34.0729],[-84.312,34.0729],[-84.3117,34.0729],[-84.3113,34.0729],[-84.3108,34.0729],[-84.3098,34.0729],[-84.3088,34.0729],[-84.3077,34.0729],[-84.3064,34.0729],[-84.3055,34.0729],[-84.3047,34.0728],[-84.3037,34.0725],[-84.3023,34.0722],[-84.2987,34.0715],[-84.298,34.0713],[-84.2968,34.0711],[-84.2967,34.0713],[-84.2955,34.0727],[-84.2952,34.073],[-84.295,34.0733],[-84.2949,34.0737],[-84.2947,34.0741],[-84.2947,34.0741],[-84.2947,34.0741],[-84.2946,34.0744],[-84.2946,34.0747],[-84.2946,34.0752],[-84.2945,34.0756],[-84.2951,34.0756],[-84.2951,34.0759],[-84.2951,34.076],[-84.2951,34.0761],[-84.2952,34.0762],[-84.2963,34.0771],[-84.2965,34.0772],[-84.2965,34.0774],[-84.2966,34.0776],[-84.2968,34.0784],[-84.2972,34.08],[-84.2973,34.0803],[-84.2974,34.0806],[-84.2974,34.0808],[-84.2974,34.0811],[-84.2973,34.0813],[-84.2973,34.0815],[-84.298,34.0817],[-84.2982,34.0818],[-84.2985,34.0819],[-84.2988,34.082],[-84.299,34.0821],[-84.2998,34.0826],[-84.3005,34.083],[-84.3021,34.0839],[-84.3026,34.0842],[-84.3031,34.0845],[-84.3033,34.0846],[-84.3034,34.0847],[-84.304,34.0851],[-84.3045,34.0854],[-84.3052,34.0859],[-84.3055,34.086],[-84.3065,34.0866],[-84.3067,34.0867],[-84.307,34.0869],[-84.3071,34.087],[-84.3073,34.0872],[-84.3075,34.0874],[-84.3075,34.0874],[-84.3077,34.0875],[-84.308,34.0877],[-84.309,34.088],[-84.3092,34.0881],[-84.3099,34.0884],[-84.31,34.0884],[-84.3103,34.0886],[-84.3103,34.0886],[-84.3106,34.0888],[-84.3109,34.089],[-84.3115,34.0895],[-84.3118,34.0899],[-84.3119,34.09],[-84.3121,34.0901],[-84.3123,34.0904],[-84.3125,34.0909],[-84.3126,34.091],[-84.3131,34.0922],[-84.3135,34.0932],[-84.3137,34.0934],[-84.3139,34.0937],[-84.314,34.0938],[-84.3141,34.0939],[-84.3143,34.094],[-84.3144,34.0941],[-84.3146,34.0942],[-84.3148,34.0943],[-84.315,34.0943],[-84.3153,34.0944],[-84.3157,34.0945],[-84.3164,34.0946],[-84.3165,34.0946],[-84.317,34.0946],[-84.3175,34.0947],[-84.3182,34.0948],[-84.3191,34.0949],[-84.3197,34.095],[-84.3198,34.095],[-84.3202,34.0951],[-84.3205,34.0951],[-84.3213,34.0952],[-84.3216,34.0953],[-84.3218,34.0953],[-84.3218,34.0953],[-84.3219,34.0953],[-84.3262,34.0959],[-84.3262,34.0952],[-84.3262,34.0942],[-84.3262,34.0937],[-84.3262,34.0928],[-84.3262,34.0923],[-84.3262,34.0907],[-84.3263,34.0899],[-84.3263,34.0892],[-84.3263,34.089],[-84.3264,34.0872],[-84.3262,34.0871],[-84.326,34.0871],[-84.3258,34.087],[-84.3257,34.0869],[-84.325,34.0865],[-84.3239,34.0853],[-84.3233,34.0847],[-84.3221,34.0833],[-84.3219,34.0832],[-84.3218,34.0831],[-84.3216,34.083],[-84.3215,34.0829],[-84.3214,34.0828],[-84.3212,34.0827],[-84.321,34.0827],[-84.321,34.0827],[-84.3208,34.0826],[-84.3204,34.0826],[-84.3199,34.0825],[-84.3194,34.0826],[-84.3193,34.0826],[-84.319,34.0826],[-84.3184,34.0827],[-84.3183,34.0827],[-84.3173,34.0829],[-84.3167,34.083],[-84.3165,34.083],[-84.3163,34.083],[-84.316,34.083],[-84.3158,34.083],[-84.3156,34.0829],[-84.3154,34.0828],[-84.3151,34.0827],[-84.315,34.0826],[-84.3148,34.0826],[-84.3147,34.0825],[-84.3146,34.0824],[-84.3137,34.0816],[-84.3142,34.0815],[-84.3145,34.0814],[-84.315,34.0813],[-84.3153,34.0813],[-84.3156,34.0812],[-84.3161,34.0812],[-84.3162,34.0812],[-84.3165,34.0812],[-84.3168,34.0812],[-84.3173,34.0811],[-84.3176,34.0811],[-84.3179,34.0811],[-84.3182,34.0811],[-84.3183,34.081],[-84.3184,34.081],[-84.3186,34.081],[-84.3186,34.0809],[-84.3188,34.0809],[-84.3189,34.0808],[-84.3192,34.0807],[-84.3193,34.0806],[-84.3193,34.0806],[-84.3194,34.0805],[-84.3195,34.0804],[-84.3197,34.0803],[-84.3197,34.0803],[-84.3198,34.0802],[-84.32,34.0802],[-84.3202,34.08],[-84.3203,34.0799],[-84.3206,34.0798],[-84.3207,34.0798],[-84.3208,34.0798],[-84.3209,34.0797],[-84.3212,34.0797],[-84.3215,34.0796],[-84.3218,34.0795],[-84.3223,34.0794],[-84.3226,34.0793],[-84.3227,34.0793],[-84.3231,34.0792],[-84.3232,34.0791],[-84.3234,34.0791],[-84.3235,34.0792],[-84.3237,34.0791],[-84.3239,34.0785],[-84.3245,34.0776],[-84.325,34.0771],[-84.3256,34.0767],[-84.3264,34.0763],[-84.3269,34.0761]]]}},{"type":"Feature","id":"13121011618","properties":{"GEOID":"13121011618","NAME":"Census Tract 116.18","AREALAND":5178114},"geometry":{"type":"Polygon","coordinates":[[[-84.2763,34.0606],[-84.2761,34.0604],[-84.276,34.0603],[-84.2758,34.06],[-84.2757,34.0597],[-84.2756,34.0594],[-84.2754,34.059],[-84.2753,34.0587],[-84.2753,34.0583],[-84.2753,34.0581],[-84.2753,34.057],[-84.2753,34.0557],[-84.2753,34.0548],[-84.2753,34.0547],[-84.2752,34.0544],[-84.2752,34.0542],[-84.2751,34.0541],[-84.2751,34.0539],[-84.2749,34.0536],[-84.2746,34.0533],[-84.2743,34.053],[-84.2739,34.0527],[-84.2733,34.0524],[-84.272,34.0518],[-84.2701,34.051],[-84.2693,34.0507],[-84.2677,34.0501],[-84.2668,34.0497],[-84.2662,34.0494],[-84.2655,34.0492],[-84.2646,34.0489],[-84.2639,34.0487],[-84.2632,34.0485],[-84.2628,34.0483],[-84.2624,34.0481],[-84.2623,34.0481],[-84.261,34.0474],[-84.2585,34.046],[-84.2577,34.0456],[-84.2576,34.0456],[-84.2573,34.0454],[-84.257,34.0453],[-84.2567,34.0452],[-84.2565,34.0452],[-84.2564,34.0452],[-84.2561,34.0451],[-84.2558,34.0451],[-84.2556,34.0451],[-84.2554,34.0452],[-84.255,34.0452],[-84.2548,34.0453],[-84.2544,34.0454],[-84.2539,34.0456],[-84.2524,34.0461],[-84.2512,34.0466],[-84.2506,34.0468],[-84.2502,34.0469],[-84.2494,34.0472],[-84.2488,34.0474],[-84.2482,34.0475],[-84.2476,34.0477],[-84.247,34.0478],[-84.2461,34.0479],[-84.2451,34.0481],[-84.245,34.0481],[-84.2449,34.0482],[-84.2448,34.0482],[-84.2445,34.0482],[-84.2433,34.0485],[-84.2431,34.0485],[-84.2421,34.0487],[-84.2412,34.0488],[-84.2406,34.049],[-84.2405,34.049],[-84.2405,34.049],[-84.2398,34.0491],[-84.2398,34.0491],[-84.2396,34.0491],[-84.2392,34.0492],[-84.2387,34.0494],[-84.2383,34.0495],[-84.2378,34.0497],[-84.2374,34.05],[-84.2372,34.0502],[-84.2371,34.0502],[-84.237,34.0503],[-84.2369,34.0504],[-84.2364,34.0508],[-84.2365,34.0508],[-84.2366,34.0509],[-84.2374,34.0516],[-84.2377,34.0518],[-84.2378,34.0519],[-84.238,34.0519],[-84.2382,34.052],[-84.2384,34.0521],[-84.2385,34.0521],[-84.2386,34.0522],[-84.2387,34.0522],[-84.2388,34.0523],[-84.2389,34.0523],[-84.2389,34.0524],[-84.2389,34.0526],[-84.2389,34.0529],[-84.2389,34.0529],[-84.2389,34.053],[-84.2389,34.0531],[-84.2391,34.0531],[-84.2394,34.0531],[-84.2397,34.0532],[-84.2399,34.0532],[-84.24,34.0532],[-84.24,34.0533],[-84.2401,34.0533],[-84.2402,34.0534],[-84.2404,34.0535],[-84.2407,34.0536],[-84.2409,34.0537],[-84.2411,34.0538],[-84.2412,34.0539],[-84.2413,34.054],[-84.2414,34.0541],[-84.2415,34.0542],[-84.2417,34.0543],[-84.2419,34.0545],[-84.2421,34.0547],[-84.2424,34.0549],[-84.2425,34.055],[-84.2427,34.0551],[-84.2428,34.0552],[-84.2429,34.0553],[-84.2432,34.0555],[-84.2434,34.0557],[-84.2436,34.0559],[-84.2437,34.056],[-84.2439,34.0561],[-84.2442,34.0563],[-84.2444,34.0564],[-84.2445,34.0565],[-84.2448,34.0566],[-84.2451,34.0567],[-84.2452,34.0568],[-84.2453,34.0568],[-84.2455,34.0569],[-84.2459,34.0572],[-84.2461,34.0572],[-84.2464,34.0573],[-84.2466,34.0574],[-84.2468,34.0575],[-84.247,34.0575],[-84.2474,34.0575],[-84.2476,34.0575],[-84.2479,34.0576],[-84.248,34.0577],[-84.2481,34.0577],[-84.2481,34.0577],[-84.2482,34.0577],[-84.2482,34.0578],[-84.2482,34.0578],[-84.2482,34.0578],[-84.2484,34.0579],[-84.2485,34.058],[-84.2485,34.0581],[-84.2486,34.0582],[-84.2486,34.0583],[-84.2486,34.0584],[-84.2487,34.0587],[-84.2488,34.0587],[-84.2488,34.0589],[-84.249,34.0591],[-84.2491,34.0593],[-84.2495,34.0594],[-84.2497,34.0596],[-84.2498,34.0596],[-84.2502,34.0597],[-84.2506,34.0598],[-84.2509,34.0598],[-84.2511,34.0599],[-84.2514,34.0599],[-84.2517,34.0599],[-84.2518,34.0599],[-84.2519,34.0598],[-84.2521,34.0596],[-84.2523,34.0595],[-84.2525,34.0594],[-84.2527,34.0592],[-84.2529,34.0591],[-84.2533,34.0588],[-84.2535,34.0588],[-84.2537,34.0587],[-84.2539,34.0587],[-84.2545,34.0587],[-84.2548,34.0588],[-84.2549,34.0588],[-84.2553,34.0589],[-84.2556,34.059],[-84.2562,34.0591],[-84.2565,34.0592],[-84.2566,34.0592],[-84.2567,34.0592],[-84.257,34.0591],[-84.2574,34.0591],[-84.2576,34.0592],[-84.2577,34.0591],[-84.2577,34.0593],[-84.2577,34.0594],[-84.2576,34.0595],[-84.2576,34.0596],[-84.2576,34.0598],[-84.2576,34.0599],[-84.2576,34.0603],[-84.2576,34.0605],[-84.2577,34.0606],[-84.2577,34.0607],[-84.2577,34.0609],[-84.2578,34.0611],[-84.2579,34.0612],[-84.258,34.0615],[-84.2581,34.0616],[-84.2581,34.0618],[-84.2582,34.0621],[-84.2583,34.0622],[-84.2583,34.0623],[-84.2583,34.0624],[-84.2585,34.0627],[-84.2586,34.0629],[-84.2586,34.063],[-84.2587,34.0633],[-84.2588,34.0637],[-84.259,34.0639],[-84.2591,34.0644],[-84.2593,34.0651],[-84.2594,34.0655],[-84.2594,34.0658],[-84.2594,34.0661],[-84.2595,34.0664],[-84.2595,34.0665],[-84.2595,34.0667],[-84.2595,34.0668],[-84.2595,34.0669],[-84.2594,34.067],[-84.26,34.0673],[-84.2613,34.0678],[-84.2625,34.0682],[-84.263,34.0684],[-84.2634,34.0685],[-84.2641,34.0686],[-84.2646,34.0687],[-84.2652,34.0688],[-84.266,34.0689],[-84.2677,34.0689],[-84.2677,34.0689],[-84.2686,34.069],[-84.2689,34.0689],[-84.2693,34.0689],[-84.27,34.0688],[-84.2705,34.0688],[-84.271,34.0688],[-84.2717,34.0688],[-84.272,34.0688],[-84.2721,34.0687],[-84.2733,34.0663],[-84.2742,34.0646],[-84.2749,34.0632],[-84.276,34.0611],[-84.2763,34.0606]]]}},{"type":"Feature","id":"13121011621","properties":{"GEOID":"13121011621","NAME":"Census Tract 116.21","AREALAND":10648850},"geometry":{"type":"Polygon","coordinates":[[[-84.269,34.0748],[-84.2686,34.0748],[-84.2661,34.0747],[-84.2645,34.0748],[-84.2643,34.0748],[-84.2641,34.0748],[-84.2637,34.0749],[-84.2633,34.075],[-84.2629,34.0752],[-84.2602,34.0764],[-84.2574,34.0777],[-84.2569,34.0779],[-84.2563,34.0781],[-84.2559,34.0783],[-84.2555,34.0784],[-84.2536,34.0788],[-84.253,34.0789],[-84.2528,34.0789],[-84.2525,34.0789],[-84.2522,34.0789],[-84.2521,34.0789],[-84.2519,34.0789],[-84.2516,34.0788],[-84.2513,34.0787],[-84.2507,34.0785],[-84.2507,34.0785],[-84.2506,34.0787],[-84.2505,34.0788],[-84.2501,34.0791],[-84.2497,34.0793],[-84.2496,34.0793],[-84.2493,34.0795],[-84.2491,34.0797],[-84.2489,34.0799],[-84.2484,34.0802],[-84.2482,34.0804],[-84.2479,34.0806],[-84.2476,34.0808],[-84.2472,34.0812],[-84.247,34.0813],[-84.2465,34.0817],[-84.2463,34.0818],[-84.2459,34.082],[-84.2457,34.0822],[-84.2455,34.0823],[-84.2454,34.0824],[-84.2453,34.0824],[-84.2452,34.0825],[-84.2449,34.0827],[-84.2447,34.0828],[-84.2445,34.083],[-84.2443,34.083],[-84.2441,34.0831],[-84.2439,34.0832],[-84.2436,34.0833],[-84.2434,34.0834],[-84.2431,34.0835],[-84.2427,34.0835],[-84.2423,34.0836],[-84.242,34.0836],[-84.2418,34.0836],[-84.2415,34.0836],[-84.2408,34.0836],[-84.2407,34.0835],[-84.2406,34.0835],[-84.2404,34.0835],[-84.24,34.0833],[-84.2397,34.0832],[-84.2396,34.0831],[-84.2396,34.0831],[-84.2394,34.083],[-84.2392,34.083],[-84.2391,34.0829],[-84.2388,34.0828],[-84.2386,34.0828],[-84.2385,34.0827],[-84.2384,34.0827],[-84.2381,34.0826],[-84.2379,34.0826],[-84.2376,34.0825],[-84.2376,34.0825],[-84.2373,34.0824],[-84.2359,34.0818],[-84.2357,34.0817],[-84.2353,34.0815],[-84.2348,34.0812],[-84.2344,34.0809],[-84.2337,34.0805],[-84.231,34.0793],[-84.2307,34.0792],[-84.2297,34.0787],[-84.2289,34.0784],[-84.2251,34.0782],[-84.222,34.078],[-84.2212,34.0779],[-84.2175,34.0791],[-84.2141,34.0801],[-84.2134,34.0799],[-84.2133,34.0797],[-84.2132,34.0795],[-84.2131,34.0793],[-84.213,34.0792],[-84.2129,34.0792],[-84.2125,34.0792],[-84.2123,34.0792],[-84.2116,34.0791],[-84.2113,34.079],[-84.2112,34.079],[-84.211,34.0789],[-84.2109,34.0789],[-84.2108,34.0789],[-84.2106,34.079],[-84.2103,34.079],[-84.2101,34.0789],[-84.21,34.0789],[-84.2099,34.0788],[-84.2097,34.0788],[-84.2096,34.0787],[-84.2095,34.0786],[-84.2094,34.0785],[-84.2092,34.0785],[-84.2091,34.0784],[-84.209,34.0783],[-84.2088,34.0782],[-84.2087,34.0781],[-84.2086,34.0781],[-84.2086,34.0781],[-84.2084,34.078],[-84.2081,34.0778],[-84.2078,34.0778],[-84.2076,34.0777],[-84.2073,34.0777],[-84.207,34.0777],[-84.2068,34.0777],[-84.2067,34.0776],[-84.2066,34.0776],[-84.2064,34.0775],[-84.2064,34.0775],[-84.2061,34.0779],[-84.206,34.0781],[-84.206,34.0782],[-84.2059,34.0784],[-84.2059,34.0786],[-84.2058,34.0788],[-84.2058,34.0796],[-84.2058,34.0808],[-84.2058,34.0809],[-84.2058,34.0812],[-84.2057,34.0813],[-84.2057,34.0815],[-84.2055,34.0818],[-84.2053,34.0823],[-84.2049,34.0829],[-84.2048,34.0831],[-84.2048,34.0833],[-84.2047,34.0835],[-84.2047,34.0836],[-84.2047,34.0837],[-84.2047,34.0839],[-84.2048,34.0841],[-84.2048,34.0842],[-84.2048,34.0843],[-84.2049,34.0845],[-84.205,34.0847],[-84.2053,34.0851],[-84.2054,34.0852],[-84.2055,34.0854],[-84.2057,34.0857],[-84.2057,34.0859],[-84.2058,34.086],[-84.2058,34.0862],[-84.2059,34.0865],[-84.2059,34.0879],[-84.2059,34.0885],[-84.2059,34.0896],[-84.2059,34.0897],[-84.2059,34.0898],[-84.2059,34.0902],[-84.2058,34.0906],[-84.206,34.0907],[-84.206,34.0907],[-84.2063,34.0908],[-84.2063,34.0909],[-84.2064,34.091],[-84.2066,34.0911],[-84.2067,34.0912],[-84.2068,34.0914],[-84.2069,34.0914],[-84.2069,34.0915],[-84.2069,34.0915],[-84.207,34.0916],[-84.207,34.0917],[-84.2071,34.0917],[-84.2071,34.0917],[-84.2073,34.0921],[-84.2075,34.0923],[-84.2075,34.0924],[-84.2076,34.0925],[-84.2076,34.0925],[-84.2076,34.0925],[-84.2078,34.0927],[-84.2078,34.0927],[-84.2078,34.0927],[-84.2079,34.0928],[-84.208,34.0929],[-84.208,34.0929],[-84.2081,34.093],[-84.2081,34.093],[-84.2081,34.093],[-84.2082,34.0931],[-84.2082,34.0931],[-84.2088,34.0934],[-84.209,34.0935],[-84.209,34.0936],[-84.209,34.0936],[-84.209,34.0936],[-84.2092,34.0937],[-84.2097,34.0941],[-84.2098,34.0942],[-84.2099,34.0943],[-84.2099,34.0943],[-84.2099,34.0943],[-84.2101,34.0946],[-84.2101,34.0946],[-84.2102,34.0947],[-84.2102,34.0948],[-84.2103,34.0949],[-84.2103,34.095],[-84.2104,34.0952],[-84.2105,34.0953],[-84.2105,34.0953],[-84.2107,34.0957],[-84.2112,34.0965],[-84.2112,34.0966],[-84.2112,34.0966],[-84.2113,34.0967],[-84.2116,34.0972],[-84.2117,34.0974],[-84.2117,34.0975],[-84.2118,34.0976],[-84.2118,34.0976],[-84.212,34.0978],[-84.212,34.0979],[-84.212,34.0979],[-84.2121,34.098],[-84.2122,34.098],[-84.2123,34.0981],[-84.2124,34.0982],[-84.2124,34.0983],[-84.2124,34.0983],[-84.2126,34.0985],[-84.2126,34.0985],[-84.2129,34.0986],[-84.2129,34.0987],[-84.213,34.0987],[-84.2131,34.0988],[-84.2131,34.0988],[-84.2132,34.0989],[-84.2133,34.0989],[-84.2133,34.0989],[-84.2135,34.099],[-84.2136,34.0991],[-84.2138,34.0991],[-84.2138,34.0992],[-84.2138,34.0992],[-84.2142,34.0993],[-84.2144,34.0994],[-84.2145,34.0994],[-84.2145,34.0994],[-84.2146,34.0994],[-84.2146,34.0994],[-84.2146,34.0994],[-84.2146,34.0994],[-84.2147,34.0994],[-84.2147,34.0994],[-84.2156,34.0997],[-84.2156,34.0997],[-84.2157,34.0997],[-84.2158,34.0997],[-84.2159,34.0997],[-84.2162,34.0998],[-84.2176,34.1002],[-84.2181,34.1003],[-84.2186,34.1003],[-84.2187,34.1003],[-84.2188,34.1003],[-84.2188,34.1003],[-84.2189,34.1004],[-84.2198,34.1004],[-84.2199,34.1004],[-84.2199,34.1004],[-84.22,34.1004],[-84.22,34.1004],[-84.22,34.1004],[-84.22,34.1004],[-84.2201,34.1004],[-84.2201,34.1004],[-84.2202,34.1004],[-84.2202,34.1004],[-84.2203,34.1004],[-84.2206,34.1004],[-84.2209,34.1004],[-84.2212,34.1004],[-84.2214,34.1003],[-84.2216,34.1003],[-84.2217,34.1003],[-84.2219,34.1002],[-84.2219,34.1002],[-84.222,34.1002],[-84.2221,34.1001],[-84.2221,34.1001],[-84.2224,34.1],[-84.2226,34.0999],[-84.2228,34.0998],[-84.2229,34.0997],[-84.223,34.0997],[-84.2231,34.0996],[-84.2232,34.0995],[-84.2234,34.0993],[-84.2236,34.0992],[-84.2237,34.0991],[-84.2245,34.0984],[-84.2245,34.0984],[-84.2245,34.0983],[-84.2247,34.0982],[-84.2247,34.0982],[-84.2248,34.0982],[-84.225,34.098],[-84.2251,34.098],[-84.2252,34.0979],[-84.2254,34.0978],[-84.2254,34.0978],[-84.2255,34.0978],[-84.2274,34.0972],[-84.2275,34.0971],[-84.2277,34.0971],[-84.2281,34.0969],[-84.2282,34.0969],[-84.2282,34.0969],[-84.2282,34.0969],[-84.2283,34.0969],[-84.2286,34.0968],[-84.2287,34.0967],[-84.2287,34.0967],[-84.2287,34.0967],[-84.2288,34.0967],[-84.229,34.0967],[-84.2292,34.0966],[-84.2293,34.0966],[-84.2295,34.0966],[-84.2297,34.0966],[-84.2298,34.0966],[-84.2298,34.0966],[-84.2299,34.0966],[-84.23,34.0966],[-84.2302,34.0966],[-84.2302,34.0966],[-84.2302,34.0966],[-84.2303,34.0966],[-84.2305,34.0967],[-84.2307,34.0967],[-84.2308,34.0967],[-84.2308,34.0967],[-84.2311,34.0968],[-84.2311,34.0968],[-84.2312,34.0968],[-84.2312,34.0969],[-84.2313,34.0969],[-84.2315,34.097],[-84.2322,34.0974],[-84.2322,34.0974],[-84.2322,34.0974],[-84.2323,34.0975],[-84.2324,34.0975],[-84.2326,34.0977],[-84.2326,34.0977],[-84.2327,34.0978],[-84.2327,34.0978],[-84.2327,34.0978],[-84.2328,34.0978],[-84.233,34.0979],[-84.2331,34.098],[-84.2331,34.098],[-84.2332,34.0981],[-84.2333,34.0982],[-84.2334,34.0983],[-84.2336,34.0985],[-84.2336,34.0985],[-84.2336,34.0985],[-84.2336,34.0985],[-84.2338,34.0987],[-84.2338,34.0988],[-84.234,34.099],[-84.2341,34.0991],[-84.2341,34.0992],[-84.2342,34.0992],[-84.2342,34.0993],[-84.2343,34.0994],[-84.2343,34.0994],[-84.2343,34.0994],[-84.2343,34.0994],[-84.2343,34.0995],[-84.2344,34.0996],[-84.2344,34.0996],[-84.2344,34.0996],[-84.2344,34.0997],[-84.2345,34.0997],[-84.2345,34.0997],[-84.2346,34.0999],[-84.2347,34.1001],[-84.2347,34.1001],[-84.2348,34.1002],[-84.2348,34.1003],[-84.2348,34.1003],[-84.2349,34.1005],[-84.235,34.1006],[-84.235,34.1006],[-84.235,34.1006],[-84.2352,34.1009],[-84.2353,34.1012],[-84.2354,34.1012],[-84.2354,34.1013],[-84.2363,34.1014],[-84.2365,34.1014],[-84.2367,34.1014],[-84.2367,34.1014],[-84.2368,34.1014],[-84.2368,34.1014],[-84.2368,34.1014],[-84.2368,34.1014],[-84.238,34.1014],[-84.2381,34.1014],[-84.2386,34.1014],[-84.2395,34.1014],[-84.24,34.1014],[-84.24,34.1014],[-84.2401,34.1014],[-84.2403,34.1014],[-84.2407,34.1014],[-84.2408,34.1014],[-84.2408,34.1014],[-84.2409,34.1015],[-84.241,34.1015],[-84.2413,34.1015],[-84.2415,34.1015],[-84.2416,34.1015],[-84.242,34.1016],[-84.2422,34.1017],[-84.2423,34.1017],[-84.2424,34.1018],[-84.2426,34.1018],[-84.2428,34.1019],[-84.243,34.102],[-84.2431,34.1021],[-84.2431,34.1021],[-84.2432,34.1021],[-84.2432,34.1021],[-84.2432,34.1021],[-84.2433,34.1021],[-84.2433,34.1022],[-84.2443,34.1026],[-84.2444,34.1027],[-84.2446,34.1027],[-84.2448,34.1026],[-84.2451,34.1024],[-84.2468,34.1011],[-84.2488,34.0996],[-84.2499,34.0987],[-84.2511,34.0978],[-84.2518,34.0972],[-84.2535,34.0958],[-84.2559,34.0939],[-84.2572,34.0929],[-84.2581,34.0922],[-84.2588,34.0916],[-84.2589,34.0915],[-84.2594,34.0912],[-84.2599,34.0907],[-84.2606,34.09],[-84.261,34.0895],[-84.2619,34.0883],[-84.262,34.088],[-84.2623,34.0875],[-84.2627,34.0867],[-84.2642,34.0839],[-84.2646,34.0832],[-84.2663,34.0798],[-84.269,34.0748]]]}},{"type":"Feature","id":"13121011619","properties":{"GEOID":"13121011619","NAME":"Census Tract 116.19","AREALAND":7125787},"geometry":{"type":"Polygon","coordinates":[[[-84.272,34.0688],[-84.2717,34.0688],[-84.271,34.0688],[-84.2705,34.0688],[-84.27,34.0688],[-84.2693,34.0689],[-84.2689,34.0689],[-84.2686,34.069],[-84.2677,34.0689],[-84.2677,34.0689],[-84.266,34.0689],[-84.2652,34.0688],[-84.2646,34.0687],[-84.2641,34.0686],[-84.2634,34.0685],[-84.263,34.0684],[-84.2625,34.0682],[-84.2613,34.0678],[-84.26,34.0673],[-84.2594,34.067],[-84.2595,34.0669],[-84.2595,34.0668],[-84.2595,34.0667],[-84.2595,34.0665],[-84.2595,34.0664],[-84.2594,34.0661],[-84.2594,34.0658],[-84.2594,34.0655],[-84.2593,34.0651],[-84.2591,34.0644],[-84.259,34.0639],[-84.2588,34.0637],[-84.2587,34.0633],[-84.2586,34.063],[-84.2586,34.0629],[-84.2585,34.0627],[-84.2583,34.0624],[-84.2583,34.0623],[-84.2583,34.0622],[-84.2582,34.0621],[-84.2581,34.0618],[-84.2581,34.0616],[-84.258,34.0615],[-84.2579,34.0612],[-84.2578,34.0611],[-84.2577,34.0609],[-84.2577,34.0607],[-84.2577,34.0606],[-84.2576,34.0605],[-84.2576,34.0603],[-84.2576,34.0599],[-84.2576,34.0598],[-84.2576,34.0596],[-84.2576,34.0595],[-84.2577,34.0594],[-84.2577,34.0593],[-84.2577,34.0591],[-84.2576,34.0592],[-84.2574,34.0591],[-84.257,34.0591],[-84.2567,34.0592],[-84.2566,34.0592],[-84.2565,34.0592],[-84.2562,34.0591],[-84.2556,34.059],[-84.2553,34.0589],[-84.2549,34.0588],[-84.2548,34.0588],[-84.2545,34.0587],[-84.2539,34.0587],[-84.2537,34.0587],[-84.2535,34.0588],[-84.2533,34.0588],[-84.2529,34.0591],[-84.2527,34.0592],[-84.2525,34.0594],[-84.2523,34.0595],[-84.2521,34.0596],[-84.2519,34.0598],[-84.2518,34.0599],[-84.2517,34.0599],[-84.2514,34.0599],[-84.2511,34.0599],[-84.2509,34.0598],[-84.2506,34.0598],[-84.2502,34.0597],[-84.2498,34.0596],[-84.2497,34.0596],[-84.2495,34.0594],[-84.2491,34.0593],[-84.249,34.0591],[-84.2488,34.0589],[-84.2488,34.0587],[-84.2487,34.0587],[-84.2486,34.0584],[-84.2486,34.0583],[-84.2486,34.0582],[-84.2485,34.0581],[-84.2485,34.058],[-84.2484,34.0579],[-84.2482,34.0578],[-84.2482,34.0578],[-84.2482,34.0578],[-84.2482,34.0577],[-84.2481,34.0577],[-84.2481,34.0577],[-84.248,34.0577],[-84.2479,34.0576],[-84.2476,34.0575],[-84.2474,34.0575],[-84.247,34.0575],[-84.2468,34.0575],[-84.2466,34.0574],[-84.2464,34.0573],[-84.2461,34.0572],[-84.2459,34.0572],[-84.2455,34.0569],[-84.2453,34.0568],[-84.2452,34.0568],[-84.2451,34.0567],[-84.2448,34.0566],[-84.2445,34.0565],[-84.2444,34.0564],[-84.2442,34.0563],[-84.2439,34.0561],[-84.2437,34.056],[-84.2436,34.0559],[-84.2434,34.0557],[-84.2432,34.0555],[-84.2429,34.0553],[-84.2428,34.0552],[-84.2427,34.0551],[-84.2425,34.055],[-84.2424,34.0549],[-84.2421,34.0547],[-84.2419,34.0545],[-84.2417,34.0543],[-84.2415,34.0542],[-84.2414,34.0541],[-84.2413,34.054],[-84.2412,34.0539],[-84.2411,34.0538],[-84.2409,34.0537],[-84.2407,34.0536],[-84.2404,34.0535],[-84.2402,34.0534],[-84.2401,34.0533],[-84.24,34.0533],[-84.24,34.0532],[-84.2399,34.0532],[-84.2397,34.0532],[-84.2394,34.0531],[-84.2391,34.0531],[-84.2389,34.0531],[-84.2389,34.053],[-84.2389,34.0529],[-84.2389,34.0529],[-84.2389,34.0526],[-84.2389,34.0524],[-84.2389,34.0523],[-84.2388,34.0523],[-84.2387,34.0522],[-84.2386,34.0522],[-84.2385,34.0521],[-84.2384,34.0521],[-84.2382,34.052],[-84.238,34.0519],[-84.2378,34.0519],[-84.2377,34.0518],[-84.2374,34.0516],[-84.2366,34.0509],[-84.2365,34.0508],[-84.2364,34.0508],[-84.2361,34.0511],[-84.2357,34.0514],[-84.2343,34.0526],[-84.2338,34.053],[-84.2333,34.0535],[-84.233,34.0537],[-84.2329,34.0539],[-84.2327,34.054],[-84.2326,34.0541],[-84.2325,34.0542],[-84.2323,34.0544],[-84.2323,34.0545],[-84.2322,34.0545],[-84.232,34.0547],[-84.2313,34.0558],[-84.2312,34.056],[-84.2303,34.0573],[-84.2301,34.0576],[-84.2299,34.0578],[-84.2297,34.058],[-84.2293,34.0582],[-84.2285,34.0589],[-84.2282,34.0591],[-84.2275,34.0597],[-84.2273,34.0598],[-84.2272,34.0599],[-84.2271,34.0599],[-84.2269,34.0601],[-84.2267,34.0602],[-84.2264,34.0604],[-84.226,34.0606],[-84.2258,34.0607],[-84.2256,34.0607],[-84.2253,34.0609],[-84.2242,34.0613],[-84.2233,34.0616],[-84.2228,34.0618],[-84.2224,34.062],[-84.2219,34.0622],[-84.2218,34.0622],[-84.2214,34.0623],[-84.2213,34.0624],[-84.2211,34.0625],[-84.2211,34.0625],[-84.2207,34.0627],[-84.2206,34.0627],[-84.2202,34.0629],[-84.2193,34.0635],[-84.2185,34.0639],[-84.219,34.0639],[-84.2191,34.0639],[-84.2194,34.0639],[-84.2198,34.0639],[-84.2199,34.0639],[-84.2201,34.0639],[-84.2204,34.0639],[-84.2206,34.0639],[-84.2215,34.0641],[-84.2222,34.0642],[-84.2223,34.0642],[-84.2226,34.0642],[-84.2229,34.0643],[-84.223,34.0643],[-84.224,34.0644],[-84.2242,34.0645],[-84.2261,34.0648],[-84.2264,34.0648],[-84.2268,34.065],[-84.2271,34.0651],[-84.2271,34.0651],[-84.2275,34.0653],[-84.228,34.0655],[-84.2284,34.0658],[-84.2286,34.0659],[-84.2288,34.0661],[-84.229,34.0663],[-84.2292,34.0665],[-84.2295,34.0669],[-84.2296,34.0669],[-84.2297,34.0672],[-84.23,34.0676],[-84.2301,34.0678],[-84.2301,34.068],[-84.2302,34.0683],[-84.2302,34.0686],[-84.2302,34.069],[-84.2302,34.0697],[-84.2302,34.0702],[-84.2302,34.0704],[-84.2302,34.0705],[-84.2303,34.0707],[-84.2304,34.0712],[-84.2305,34.0714],[-84.2306,34.0716],[-84.2308,34.0718],[-84.2308,34.0719],[-84.231,34.0721],[-84.2312,34.0723],[-84.2315,34.0725],[-84.2316,34.0726],[-84.2319,34.0728],[-84.2323,34.0729],[-84.2325,34.073],[-84.2326,34.073],[-84.2327,34.073],[-84.2331,34.0731],[-84.2333,34.0731],[-84.2342,34.0733],[-84.2346,34.0734],[-84.235,34.0735],[-84.2353,34.0736],[-84.2356,34.0738],[-84.2358,34.0739],[-84.2359,34.074],[-84.2361,34.0741],[-84.2369,34.0749],[-84.2371,34.0751],[-84.2373,34.0752],[-84.2377,34.0754],[-84.238,34.0756],[-84.2382,34.0756],[-84.2384,34.0757],[-84.2388,34.0758],[-84.2404,34.0759],[-84.2419,34.076],[-84.2427,34.0761],[-84.2433,34.0763],[-84.2441,34.0764],[-84.2449,34.0766],[-84.2452,34.0766],[-84.2456,34.0767],[-84.2461,34.0768],[-84.2467,34.077],[-84.2472,34.0772],[-84.2507,34.0785],[-84.2513,34.0787],[-84.2516,34.0788],[-84.2519,34.0789],[-84.2521,34.0789],[-84.2522,34.0789],[-84.2525,34.0789],[-84.2528,34.0789],[-84.253,34.0789],[-84.2536,34.0788],[-84.2555,34.0784],[-84.2559,34.0783],[-84.2563,34.0781],[-84.2569,34.0779],[-84.2574,34.0777],[-84.2602,34.0764],[-84.2629,34.0752],[-84.2633,34.075],[-84.2637,34.0749],[-84.2641,34.0748],[-84.2643,34.0748],[-84.2645,34.0748],[-84.2661,34.0747],[-84.2686,34.0748],[-84.269,34.0748],[-84.2692,34.0742],[-84.2704,34.072],[-84.2706,34.0717],[-84.272,34.0688]]]}},{"type":"Feature","id":"13121011625","properties":{"GEOID":"13121011625","NAME":"Census Tract 116.25","AREALAND":6055304},"geometry":{"type":"Polygon","coordinates":[[[-84.2149,34.0425],[-84.2149,34.0424],[-84.2148,34.0423],[-84.2147,34.0422],[-84.2145,34.042],[-84.2144,34.0419],[-84.2143,34.0419],[-84.2143,34.0418],[-84.2142,34.0417],[-84.2142,34.0416],[-84.2142,34.0408],[-84.2134,34.0408],[-84.213,34.0407],[-84.2126,34.0407],[-84.2122,34.0406],[-84.2118,34.0406],[-84.2114,34.0405],[-84.211,34.0405],[-84.2108,34.0406],[-84.2107,34.0406],[-84.2105,34.0406],[-84.2104,34.0406],[-84.2092,34.041],[-84.2072,34.0416],[-84.2067,34.0418],[-84.2063,34.0419],[-84.2059,34.042],[-84.2056,34.042],[-84.2053,34.042],[-84.2051,34.042],[-84.2048,34.042],[-84.2047,34.042],[-84.2046,34.042],[-84.2044,34.042],[-84.2043,34.0419],[-84.2041,34.0419],[-84.2038,34.0417],[-84.2033,34.0415],[-84.2027,34.0411],[-84.2026,34.0411],[-84.2023,34.0409],[-84.2013,34.0403],[-84.2013,34.0403],[-84.2011,34.0402],[-84.2009,34.0401],[-84.2008,34.04],[-84.2006,34.0398],[-84.2005,34.0397],[-84.2004,34.0395],[-84.2003,34.0394],[-84.2003,34.0392],[-84.2002,34.0391],[-84.2002,34.0389],[-84.2002,34.0387],[-84.2002,34.0386],[-84.2002,34.0384],[-84.2002,34.0383],[-84.2003,34.038],[-84.2004,34.0377],[-84.2005,34.0374],[-84.2006,34.0372],[-84.2007,34.0371],[-84.2009,34.0369],[-84.2015,34.0364],[-84.2023,34.0356],[-84.2024,34.0355],[-84.2026,34.0354],[-84.2027,34.0353],[-84.2028,34.0353],[-84.203,34.0352],[-84.2034,34.035],[-84.2038,34.0349],[-84.2041,34.0348],[-84.2043,34.0346],[-84.2046,34.0344],[-84.2048,34.0342],[-84.205,34.0339],[-84.2053,34.0336],[-84.2055,34.0333],[-84.2056,34.0332],[-84.2058,34.0328],[-84.206,34.0325],[-84.2062,34.032],[-84.2063,34.0318],[-84.2064,34.0317],[-84.2063,34.0314],[-84.2063,34.0305],[-84.2064,34.0303],[-84.2064,34.0301],[-84.2065,34.0299],[-84.2058,34.0295],[-84.2056,34.0294],[-84.2044,34.0286],[-84.2037,34.0281],[-84.2032,34.0278],[-84.2031,34.0277],[-84.2029,34.0274],[-84.2026,34.027],[-84.2026,34.0269],[-84.2029,34.0267],[-84.2031,34.0264],[-84.2033,34.0263],[-84.2036,34.0262],[-84.2037,34.0262],[-84.2038,34.0262],[-84.204,34.0262],[-84.2043,34.0261],[-84.2046,34.0261],[-84.2048,34.026],[-84.205,34.0259],[-84.2052,34.026],[-84.2055,34.026],[-84.2059,34.026],[-84.2059,34.026],[-84.2063,34.026],[-84.2068,34.0259],[-84.207,34.0258],[-84.2071,34.0258],[-84.2071,34.0258],[-84.2073,34.0257],[-84.2075,34.0256],[-84.2077,34.0255],[-84.2078,34.0255],[-84.208,34.0254],[-84.2081,34.0254],[-84.2082,34.0252],[-84.2084,34.0249],[-84.2085,34.0247],[-84.2087,34.0245],[-84.2087,34.0244],[-84.2088,34.0242],[-84.2091,34.0239],[-84.2092,34.0238],[-84.2092,34.0238],[-84.2092,34.0236],[-84.2092,34.0235],[-84.2092,34.0234],[-84.2092,34.0232],[-84.2091,34.023],[-84.2091,34.0228],[-84.2091,34.0226],[-84.2092,34.0224],[-84.2092,34.0222],[-84.2092,34.0219],[-84.2093,34.0214],[-84.2093,34.0209],[-84.2093,34.0206],[-84.2093,34.0206],[-84.2092,34.0204],[-84.2091,34.0203],[-84.2091,34.0202],[-84.2091,34.0201],[-84.2091,34.02],[-84.2091,34.02],[-84.2091,34.0199],[-84.2092,34.0199],[-84.2093,34.0199],[-84.2094,34.0198],[-84.2096,34.0197],[-84.2096,34.0196],[-84.2097,34.0194],[-84.2098,34.0189],[-84.2099,34.018],[-84.21,34.0178],[-84.21,34.0177],[-84.2101,34.0175],[-84.2102,34.0173],[-84.2103,34.0172],[-84.2103,34.0172],[-84.2104,34.0171],[-84.2106,34.017],[-84.2107,34.0168],[-84.2109,34.0165],[-84.2111,34.0163],[-84.2111,34.0162],[-84.2096,34.0158],[-84.2071,34.0151],[-84.2064,34.0149],[-84.2061,34.0148],[-84.2057,34.0147],[-84.2053,34.0145],[-84.2047,34.0141],[-84.2046,34.0141],[-84.2044,34.014],[-84.2037,34.0136],[-84.2032,34.0134],[-84.2019,34.0127],[-84.2012,34.0124],[-84.2011,34.0123],[-84.2006,34.0121],[-84.2004,34.0121],[-84.2004,34.012],[-84.2002,34.012],[-84.2001,34.0119],[-84.2,34.0118],[-84.1998,34.0116],[-84.1997,34.0115],[-84.1996,34.0113],[-84.1975,34.0113],[-84.196,34.0113],[-84.1952,34.0112],[-84.1951,34.0113],[-84.1921,34.0113],[-84.192,34.0113],[-84.1917,34.0125],[-84.1915,34.013],[-84.191,34.0148],[-84.19,34.0178],[-84.1899,34.018],[-84.1894,34.0199],[-84.1893,34.0203],[-84.1893,34.0206],[-84.1893,34.0209],[-84.1893,34.0223],[-84.1893,34.0227],[-84.1893,34.023],[-84.1892,34.0233],[-84.1891,34.0237],[-84.189,34.0241],[-84.1889,34.0242],[-84.1888,34.0244],[-84.1878,34.0265],[-84.1874,34.0273],[-84.1873,34.0276],[-84.1872,34.0279],[-84.187,34.0286],[-84.1869,34.0293],[-84.1868,34.0296],[-84.1864,34.0312],[-84.1861,34.0324],[-84.1858,34.0334],[-84.1851,34.0372],[-84.1848,34.039],[-84.1847,34.0393],[-84.1846,34.0396],[-84.1844,34.0402],[-84.1845,34.0402],[-84.1858,34.0405],[-84.1864,34.0405],[-84.1867,34.0405],[-84.1879,34.0406],[-84.1879,34.0406],[-84.1879,34.0406],[-84.1891,34.0406],[-84.1896,34.0406],[-84.1899,34.0406],[-84.1902,34.0406],[-84.1904,34.0407],[-84.1907,34.0407],[-84.1909,34.0408],[-84.191,34.0408],[-84.1912,34.0409],[-84.1914,34.041],[-84.1917,34.0412],[-84.1918,34.0412],[-84.192,34.0414],[-84.1921,34.0415],[-84.1922,34.0416],[-84.1924,34.0418],[-84.1931,34.0428],[-84.1944,34.0443],[-84.195,34.0451],[-84.195,34.0452],[-84.1955,34.0457],[-84.1956,34.0456],[-84.1956,34.0456],[-84.1956,34.0453],[-84.1956,34.0453],[-84.1957,34.0452],[-84.1957,34.0452],[-84.1958,34.0452],[-84.1958,34.0452],[-84.196,34.0454],[-84.1961,34.0454],[-84.1962,34.0454],[-84.1964,34.0455],[-84.1965,34.0454],[-84.1966,34.0453],[-84.1967,34.0453],[-84.1967,34.0452],[-84.1968,34.0451],[-84.1969,34.045],[-84.1975,34.0447],[-84.1978,34.0445],[-84.1981,34.0443],[-84.1986,34.0442],[-84.1989,34.0441],[-84.199,34.044],[-84.1994,34.0442],[-84.1995,34.0442],[-84.1998,34.0444],[-84.2,34.0444],[-84.2007,34.0444],[-84.2015,34.0443],[-84.2017,34.0442],[-84.2018,34.0442],[-84.202,34.0442],[-84.2023,34.0442],[-84.2029,34.0442],[-84.2033,34.0441],[-84.2033,34.0442],[-84.2036,34.0442],[-84.2042,34.0443],[-84.2074,34.0448],[-84.2085,34.0451],[-84.2095,34.0452],[-84.2099,34.0453],[-84.2101,34.0454],[-84.2104,34.0454],[-84.2105,34.0455],[-84.2108,34.0455],[-84.2113,34.0456],[-84.2119,34.0456],[-84.2123,34.0457],[-84.2128,34.0458],[-84.2141,34.0458],[-84.2147,34.0458],[-84.2148,34.0451],[-84.2149,34.0425]]]}},{"type":"Feature","id":"13121011623","properties":{"GEOID":"13121011623","NAME":"Census Tract 116.23","AREALAND":9120726},"geometry":{"type":"Polygon","coordinates":[[[-84.2187,34.0532],[-84.2194,34.0523],[-84.2173,34.0512],[-84.217,34.051],[-84.2168,34.0509],[-84.2164,34.0507],[-84.2162,34.0506],[-84.216,34.0506],[-84.2159,34.0505],[-84.2143,34.05],[-84.2141,34.0499],[-84.2138,34.0497],[-84.2134,34.0495],[-84.213,34.0493],[-84.2128,34.0492],[-84.2125,34.049],[-84.2117,34.0486],[-84.2115,34.0486],[-84.2113,34.0484],[-84.211,34.0483],[-84.2109,34.0483],[-84.2109,34.0482],[-84.2106,34.048],[-84.2105,34.048],[-84.2104,34.0479],[-84.2107,34.0474],[-84.2108,34.0471],[-84.2109,34.047],[-84.211,34.0469],[-84.2111,34.0468],[-84.2116,34.0464],[-84.2118,34.0463],[-84.212,34.0462],[-84.2122,34.0462],[-84.2124,34.0462],[-84.2126,34.0462],[-84.2139,34.0463],[-84.2141,34.0463],[-84.2143,34.0463],[-84.2144,34.0462],[-84.2145,34.0462],[-84.2146,34.0461],[-84.2146,34.0461],[-84.2146,34.0461],[-84.2147,34.0459],[-84.2147,34.0458],[-84.2147,34.0458],[-84.2141,34.0458],[-84.2128,34.0458],[-84.2123,34.0457],[-84.2119,34.0456],[-84.2113,34.0456],[-84.2108,34.0455],[-84.2105,34.0455],[-84.2104,34.0454],[-84.2101,34.0454],[-84.2099,34.0453],[-84.2095,34.0452],[-84.2085,34.0451],[-84.2074,34.0448],[-84.2042,34.0443],[-84.2036,34.0442],[-84.2033,34.0442],[-84.2033,34.0441],[-84.2029,34.0442],[-84.2023,34.0442],[-84.202,34.0442],[-84.2018,34.0442],[-84.2017,34.0442],[-84.2015,34.0443],[-84.2007,34.0444],[-84.2,34.0444],[-84.1998,34.0444],[-84.1995,34.0442],[-84.1994,34.0442],[-84.199,34.044],[-84.1989,34.0441],[-84.1986,34.0442],[-84.1981,34.0443],[-84.1978,34.0445],[-84.1975,34.0447],[-84.1969,34.045],[-84.1968,34.0451],[-84.1967,34.0452],[-84.1967,34.0453],[-84.1966,34.0453],[-84.1965,34.0454],[-84.1964,34.0455],[-84.1962,34.0454],[-84.1961,34.0454],[-84.196,34.0454],[-84.1958,34.0452],[-84.1958,34.0452],[-84.1957,34.0452],[-84.1957,34.0452],[-84.1956,34.0453],[-84.1956,34.0453],[-84.1956,34.0456],[-84.1956,34.0456],[-84.1955,34.0457],[-84.195,34.0452],[-84.195,34.0451],[-84.1944,34.0443],[-84.1931,34.0428],[-84.1924,34.0418],[-84.1922,34.0416],[-84.1921,34.0415],[-84.192,34.0414],[-84.1918,34.0412],[-84.1917,34.0412],[-84.1914,34.041],[-84.1912,34.0409],[-84.191,34.0408],[-84.1909,34.0408],[-84.1907,34.0407],[-84.1904,34.0407],[-84.1902,34.0406],[-84.1899,34.0406],[-84.1896,34.0406],[-84.1891,34.0406],[-84.1879,34.0406],[-84.1879,34.0406],[-84.1879,34.0406],[-84.1867,34.0405],[-84.1864,34.0405],[-84.1858,34.0405],[-84.1845,34.0402],[-84.1844,34.0402],[-84.1846,34.0396],[-84.1847,34.0393],[-84.1848,34.039],[-84.1851,34.0372],[-84.1858,34.0334],[-84.1861,34.0324],[-84.1864,34.0312],[-84.1868,34.0296],[-84.1869,34.0293],[-84.187,34.0286],[-84.1872,34.0279],[-84.1873,34.0276],[-84.1874,34.0273],[-84.1878,34.0265],[-84.1888,34.0244],[-84.1889,34.0242],[-84.189,34.0241],[-84.1891,34.0237],[-84.1892,34.0233],[-84.1893,34.023],[-84.1893,34.0227],[-84.1893,34.0223],[-84.1893,34.0209],[-84.1893,34.0206],[-84.1893,34.0203],[-84.1894,34.0199],[-84.1899,34.018],[-84.19,34.0178],[-84.187,34.0157],[-84.1863,34.0152],[-84.1861,34.0149],[-84.1858,34.0147],[-84.1856,34.0144],[-84.1855,34.0143],[-84.1854,34.0141],[-84.1852,34.0139],[-84.185,34.0136],[-84.1838,34.0115],[-84.1831,34.0103],[-84.1828,34.0099],[-84.1826,34.0096],[-84.1824,34.0093],[-84.1821,34.0091],[-84.182,34.009],[-84.1818,34.0088],[-84.1814,34.0086],[-84.1811,34.0085],[-84.1808,34.0083],[-84.1805,34.0082],[-84.1798,34.008],[-84.1797,34.0082],[-84.1795,34.0084],[-84.1792,34.0089],[-84.1791,34.0091],[-84.179,34.0095],[-84.1789,34.0097],[-84.1789,34.0098],[-84.1788,34.01],[-84.1786,34.0112],[-84.1783,34.0123],[-84.1783,34.0124],[-84.1776,34.0143],[-84.1774,34.0149],[-84.1773,34.0152],[-84.1769,34.0159],[-84.1768,34.0161],[-84.1766,34.0163],[-84.1765,34.0167],[-84.1762,34.0174],[-84.1762,34.0175],[-84.1761,34.0178],[-84.1761,34.0181],[-84.176,34.0181],[-84.1758,34.019],[-84.1754,34.0203],[-84.1753,34.0206],[-84.1749,34.0213],[-84.1744,34.0222],[-84.1743,34.0224],[-84.174,34.0229],[-84.1729,34.0244],[-84.1725,34.0249],[-84.172,34.0256],[-84.171,34.0266],[-84.1705,34.027],[-84.17,34.0275],[-84.1699,34.0276],[-84.1697,34.0278],[-84.1692,34.0283],[-84.1682,34.0288],[-84.1682,34.0288],[-84.1681,34.0288],[-84.1682,34.029],[-84.1687,34.0303],[-84.1688,34.0304],[-84.1688,34.0306],[-84.1695,34.0325],[-84.1698,34.0331],[-84.1699,34.0333],[-84.17,34.0334],[-84.1702,34.0336],[-84.1703,34.0337],[-84.1704,34.0338],[-84.1705,34.0339],[-84.1712,34.0344],[-84.1719,34.0349],[-84.1732,34.0358],[-84.1733,34.0359],[-84.1734,34.036],[-84.1735,34.0361],[-84.1737,34.0363],[-84.1738,34.0364],[-84.1739,34.0366],[-84.174,34.0369],[-84.1743,34.0375],[-84.1746,34.0383],[-84.1747,34.0387],[-84.1748,34.039],[-84.175,34.0396],[-84.1751,34.04],[-84.1754,34.0412],[-84.1755,34.0416],[-84.1756,34.0421],[-84.1759,34.0435],[-84.1766,34.0461],[-84.1767,34.0467],[-84.1769,34.047],[-84.177,34.0473],[-84.1772,34.0475],[-84.1774,34.0478],[-84.1775,34.0479],[-84.1778,34.0481],[-84.178,34.0483],[-84.1786,34.0486],[-84.1792,34.049],[-84.1793,34.0491],[-84.1799,34.0493],[-84.1806,34.0496],[-84.1808,34.0498],[-84.1815,34.05],[-84.1817,34.0501],[-84.1837,34.0509],[-84.184,34.051],[-84.1844,34.0512],[-84.1848,34.0514],[-84.1852,34.0516],[-84.1855,34.0518],[-84.1857,34.052],[-84.186,34.0522],[-84.1862,34.0524],[-84.1864,34.0527],[-84.1866,34.0529],[-84.1867,34.053],[-84.1874,34.054],[-84.1876,34.0542],[-84.1878,34.0544],[-84.188,34.0545],[-84.1882,34.0546],[-84.1884,34.0547],[-84.1887,34.0547],[-84.1889,34.0548],[-84.1901,34.0548],[-84.1908,34.0548],[-84.191,34.0548],[-84.1933,34.0548],[-84.1937,34.0548],[-84.1953,34.0548],[-84.196,34.0549],[-84.1975,34.0549],[-84.1977,34.0549],[-84.1979,34.055],[-84.1981,34.055],[-84.1983,34.0551],[-84.1989,34.0553],[-84.1992,34.0554],[-84.2007,34.056],[-84.2028,34.0568],[-84.2042,34.0574],[-84.2045,34.0576],[-84.2049,34.0578],[-84.205,34.0578],[-84.2052,34.058],[-84.2055,34.0582],[-84.2057,34.0584],[-84.206,34.0586],[-84.2063,34.059],[-84.2075,34.0605],[-84.2076,34.0606],[-84.208,34.0611],[-84.2087,34.0618],[-84.2095,34.0629],[-84.2098,34.0633],[-84.21,34.0634],[-84.2101,34.0635],[-84.2104,34.0637],[-84.2106,34.0639],[-84.2113,34.0642],[-84.212,34.0646],[-84.2127,34.0648],[-84.2131,34.0645],[-84.2133,34.0643],[-84.2134,34.0642],[-84.214,34.0636],[-84.2142,34.0633],[-84.2144,34.0631],[-84.2149,34.0624],[-84.215,34.0623],[-84.215,34.0622],[-84.2152,34.0619],[-84.2155,34.0614],[-84.2155,34.0614],[-84.2155,34.0613],[-84.2156,34.0612],[-84.2164,34.0598],[-84.2166,34.0593],[-84.2168,34.059],[-84.2168,34.0589],[-84.217,34.0586],[-84.217,34.0585],[-84.217,34.0585],[-84.2172,34.058],[-84.2172,34.0578],[-84.2174,34.057],[-84.2177,34.0555],[-84.2178,34.0553],[-84.2178,34.055],[-84.2179,34.0545],[-84.2181,34.0543],[-84.2182,34.054],[-84.2184,34.0537],[-84.2185,34.0536],[-84.2187,34.0533],[-84.2187,34.0532]]]}},{"type":"Feature","id":"13121011612","properties":{"GEOID":"13121011612","NAME":"Census Tract 116.12","AREALAND":7186751},"geometry":{"type":"Polygon","coordinates":[[[-84.2241,34.0043],[-84.2241,34.0039],[-84.2235,34.0038],[-84.2226,34.0036],[-84.2219,34.0036],[-84.2206,34.0035],[-84.2196,34.0035],[-84.2189,34.0035],[-84.2176,34.0037],[-84.2163,34.0038],[-84.2151,34.0039],[-84.2143,34.0039],[-84.2141,34.0039],[-84.2129,34.0039],[-84.2126,34.0038],[-84.2125,34.0038],[-84.2125,34.0038],[-84.209,34.0017],[-84.2083,34.0012],[-84.208,34.0011],[-84.2067,34.0002],[-84.2058,33.9995],[-84.2053,33.9993],[-84.2046,33.999],[-84.204,33.9988],[-84.2036,33.9986],[-84.2031,33.9983],[-84.203,33.9983],[-84.2027,33.9979],[-84.2022,33.9974],[-84.2022,33.9973],[-84.2021,33.9972],[-84.2015,33.9962],[-84.2013,33.9959],[-84.2013,33.9959],[-84.2012,33.9952],[-84.2012,33.9949],[-84.2012,33.9946],[-84.2013,33.9945],[-84.2013,33.9944],[-84.2013,33.9943],[-84.2013,33.9942],[-84.2013,33.9941],[-84.2014,33.994],[-84.2015,33.9937],[-84.2017,33.9934],[-84.2023,33.9929],[-84.2028,33.9926],[-84.2031,33.9925],[-84.2035,33.9923],[-84.2038,33.9922],[-84.2041,33.9921],[-84.2044,33.992],[-84.2046,33.9919],[-84.2047,33.9918],[-84.2047,33.9918],[-84.2047,33.9917],[-84.2047,33.9916],[-84.2047,33.9915],[-84.2048,33.9912],[-84.2048,33.991],[-84.2047,33.9907],[-84.2047,33.9905],[-84.2046,33.9903],[-84.2046,33.9903],[-84.2045,33.9902],[-84.2044,33.9901],[-84.2042,33.99],[-84.204,33.9899],[-84.2038,33.9898],[-84.2036,33.9897],[-84.2033,33.9897],[-84.203,33.9897],[-84.2028,33.9897],[-84.2025,33.9897],[-84.2021,33.9898],[-84.2013,33.9899],[-84.2005,33.99],[-84.2002,33.99],[-84.199,33.9903],[-84.1975,33.9905],[-84.197,33.9906],[-84.1962,33.9907],[-84.1933,33.991],[-84.1929,33.9911],[-84.1926,33.9911],[-84.1923,33.9912],[-84.1917,33.9915],[-84.1913,33.9916],[-84.1905,33.992],[-84.1899,33.9923],[-84.1881,33.9932],[-84.1877,33.9934],[-84.1875,33.9935],[-84.1874,33.9936],[-84.1873,33.9936],[-84.1872,33.9937],[-84.187,33.9937],[-84.1868,33.9938],[-84.1866,33.9939],[-84.1862,33.9941],[-84.1858,33.9944],[-84.1856,33.9945],[-84.1855,33.9946],[-84.1853,33.9948],[-84.1852,33.9949],[-84.1852,33.9948],[-84.1852,33.9948],[-84.1851,33.9948],[-84.1849,33.995],[-84.1846,33.9952],[-84.1844,33.9954],[-84.1844,33.9954],[-84.1843,33.9955],[-84.1842,33.9955],[-84.1841,33.9956],[-84.184,33.9957],[-84.184,33.9957],[-84.184,33.9958],[-84.184,33.9959],[-84.184,33.996],[-84.1839,33.996],[-84.1839,33.996],[-84.1838,33.996],[-84.1838,33.996],[-84.1837,33.996],[-84.1836,33.9961],[-84.1834,33.9964],[-84.1832,33.9965],[-84.1829,33.9968],[-84.1824,33.9972],[-84.1823,33.9973],[-84.1822,33.9974],[-84.1822,33.9975],[-84.182,33.9976],[-84.1819,33.9978],[-84.1818,33.9979],[-84.1815,33.9982],[-84.1813,33.9985],[-84.181,33.9989],[-84.1809,33.9991],[-84.1807,33.9994],[-84.1806,33.9997],[-84.1805,34.0],[-84.1804,34.0001],[-84.1804,34.0002],[-84.1803,34.0004],[-84.1803,34.0004],[-84.1803,34.0006],[-84.1802,34.0009],[-84.1803,34.0013],[-84.1802,34.0017],[-84.1802,34.0021],[-84.1802,34.0024],[-84.1802,34.0025],[-84.1803,34.0032],[-84.1804,34.0034],[-84.1804,34.0035],[-84.1804,34.0038],[-84.1804,34.0041],[-84.1804,34.0043],[-84.1804,34.0044],[-84.1804,34.0046],[-84.1805,34.0047],[-84.1805,34.0049],[-84.1805,34.0051],[-84.1804,34.0052],[-84.1804,34.006],[-84.1804,34.0066],[-84.1804,34.0066],[-84.1804,34.0067],[-84.1804,34.0068],[-84.1804,34.0068],[-84.1804,34.0069],[-84.1803,34.0069],[-84.1802,34.007],[-84.1802,34.0071],[-84.1801,34.0071],[-84.1801,34.0072],[-84.1801,34.0072],[-84.1801,34.0073],[-84.1798,34.008],[-84.1805,34.0082],[-84.1808,34.0083],[-84.1811,34.0085],[-84.1814,34.0086],[-84.1818,34.0088],[-84.182,34.009],[-84.1821,34.0091],[-84.1824,34.0093],[-84.1826,34.0096],[-84.1828,34.0099],[-84.1831,34.0103],[-84.1838,34.0115],[-84.185,34.0136],[-84.1852,34.0139],[-84.1854,34.0141],[-84.1855,34.0143],[-84.1856,34.0144],[-84.1858,34.0147],[-84.1861,34.0149],[-84.1863,34.0152],[-84.187,34.0157],[-84.19,34.0178],[-84.191,34.0148],[-84.1915,34.013],[-84.1917,34.0125],[-84.192,34.0113],[-84.1921,34.0113],[-84.1951,34.0113],[-84.1952,34.0112],[-84.196,34.0113],[-84.1975,34.0113],[-84.1996,34.0113],[-84.1997,34.0115],[-84.1998,34.0116],[-84.2,34.0118],[-84.2001,34.0119],[-84.2002,34.012],[-84.2004,34.012],[-84.2004,34.0121],[-84.2006,34.0121],[-84.2011,34.0123],[-84.2012,34.0124],[-84.2019,34.0127],[-84.2032,34.0134],[-84.2037,34.0136],[-84.2044,34.014],[-84.2046,34.0141],[-84.2047,34.0141],[-84.2053,34.0145],[-84.2057,34.0147],[-84.2061,34.0148],[-84.2064,34.0149],[-84.2071,34.0151],[-84.2096,34.0158],[-84.2111,34.0162],[-84.2129,34.0167],[-84.214,34.017],[-84.2149,34.0172],[-84.2151,34.0173],[-84.2155,34.0174],[-84.2158,34.0176],[-84.2169,34.0183],[-84.2181,34.019],[-84.2183,34.0192],[-84.2185,34.0193],[-84.2188,34.0194],[-84.2191,34.0195],[-84.2199,34.0198],[-84.2203,34.0199],[-84.2207,34.0201],[-84.2209,34.0202],[-84.2211,34.0203],[-84.2213,34.0204],[-84.2215,34.0206],[-84.2215,34.0204],[-84.2215,34.0202],[-84.2216,34.02],[-84.2216,34.0195],[-84.2216,34.0194],[-84.2216,34.0193],[-84.2218,34.0189],[-84.2219,34.0187],[-84.222,34.0183],[-84.222,34.0182],[-84.2221,34.018],[-84.2223,34.0177],[-84.2224,34.0176],[-84.2225,34.0173],[-84.2226,34.0171],[-84.2226,34.0168],[-84.2226,34.0166],[-84.2225,34.0156],[-84.2225,34.0155],[-84.2225,34.0154],[-84.2225,34.0153],[-84.2226,34.0152],[-84.223,34.0144],[-84.2231,34.0142],[-84.2231,34.014],[-84.2231,34.0139],[-84.2232,34.0133],[-84.2229,34.0132],[-84.2227,34.0131],[-84.2225,34.013],[-84.2223,34.0129],[-84.2217,34.0125],[-84.2214,34.0123],[-84.2197,34.0112],[-84.2197,34.0112],[-84.2199,34.0111],[-84.2201,34.0109],[-84.2203,34.0107],[-84.2204,34.0105],[-84.2205,34.0104],[-84.2206,34.0102],[-84.2207,34.0099],[-84.2208,34.0095],[-84.2209,34.0094],[-84.221,34.0093],[-84.221,34.0091],[-84.2211,34.009],[-84.2212,34.0087],[-84.2213,34.0085],[-84.2213,34.0082],[-84.2213,34.0079],[-84.2213,34.0077],[-84.2214,34.0076],[-84.2215,34.0074],[-84.2217,34.0072],[-84.2219,34.007],[-84.2222,34.0069],[-84.2231,34.0063],[-84.2233,34.0062],[-84.2235,34.0061],[-84.2237,34.0058],[-84.2238,34.0056],[-84.2239,34.0054],[-84.224,34.0051],[-84.224,34.0047],[-84.2241,34.0043]]]}},{"type":"Feature","id":"13121007805","properties":{"GEOID":"13121007805","NAME":"Census Tract 78.05","AREALAND":15065814},"geometry":{"type":"Polygon","coordinates":[[[-84.5734,33.7455],[-84.5731,33.7454],[-84.572,33.7448],[-84.5684,33.7434],[-84.5677,33.7432],[-84.5662,33.7429],[-84.5656,33.7428],[-84.5629,33.7432],[-84.5626,33.7432],[-84.5624,33.7432],[-84.5592,33.7439],[-84.5589,33.744],[-84.5588,33.7438],[-84.5579,33.7425],[-84.5573,33.7425],[-84.5568,33.7424],[-84.5565,33.7422],[-84.5565,33.742],[-84.5566,33.742],[-84.5567,33.7419],[-84.5568,33.7417],[-84.5568,33.7414],[-84.5568,33.7414],[-84.5567,33.7413],[-84.5565,33.741],[-84.5546,33.7404],[-84.5538,33.7405],[-84.5535,33.7406],[-84.5533,33.7406],[-84.5531,33.7406],[-84.553,33.7406],[-84.553,33.7405],[-84.553,33.7402],[-84.5531,33.7397],[-84.5531,33.7395],[-84.553,33.7393],[-84.5529,33.7392],[-84.5528,33.739],[-84.5527,33.7388],[-84.5526,33.7387],[-84.5525,33.7385],[-84.552,33.7385],[-84.5517,33.7385],[-84.5516,33.7384],[-84.5494,33.7377],[-84.5479,33.7367],[-84.5474,33.7364],[-84.5474,33.7337],[-84.5469,33.7338],[-84.5467,33.7338],[-84.5464,33.7338],[-84.5461,33.7338],[-84.5457,33.7338],[-84.5438,33.7335],[-84.5436,33.7335],[-84.5433,33.7334],[-84.5427,33.7334],[-84.5411,33.7335],[-84.5405,33.7335],[-84.54,33.7335],[-84.5396,33.7336],[-84.5395,33.7336],[-84.5388,33.7338],[-84.5383,33.7339],[-84.5378,33.7341],[-84.5373,33.7343],[-84.5368,33.7345],[-84.5363,33.7347],[-84.5361,33.7347],[-84.536,33.7347],[-84.5357,33.7347],[-84.5355,33.7347],[-84.5337,33.7343],[-84.5331,33.7341],[-84.5327,33.7341],[-84.5323,33.734],[-84.5319,33.7339],[-84.5317,33.7339],[-84.5303,33.7336],[-84.5299,33.7335],[-84.5297,33.7335],[-84.528,33.7327],[-84.5279,33.7327],[-84.5277,33.7326],[-84.5277,33.7326],[-84.5271,33.7323],[-84.5268,33.7322],[-84.5266,33.7321],[-84.5263,33.7319],[-84.5259,33.7317],[-84.5245,33.7306],[-84.5241,33.7303],[-84.5238,33.73],[-84.5234,33.7297],[-84.5233,33.7296],[-84.523,33.7295],[-84.5215,33.729],[-84.5215,33.729],[-84.5213,33.7289],[-84.5211,33.7289],[-84.5209,33.7288],[-84.5207,33.7287],[-84.5206,33.7286],[-84.5203,33.7285],[-84.5194,33.7277],[-84.5188,33.7272],[-84.5185,33.7271],[-84.5181,33.7269],[-84.5177,33.7267],[-84.5176,33.7266],[-84.515,33.7255],[-84.5142,33.7251],[-84.5143,33.7258],[-84.5145,33.7263],[-84.5145,33.7264],[-84.5145,33.7265],[-84.5147,33.7267],[-84.5148,33.7269],[-84.5149,33.727],[-84.5149,33.727],[-84.5151,33.7273],[-84.5154,33.7276],[-84.5157,33.7279],[-84.5162,33.7284],[-84.5164,33.7287],[-84.5167,33.729],[-84.5172,33.7296],[-84.5173,33.7297],[-84.5174,33.7299],[-84.5175,33.73],[-84.5176,33.7303],[-84.5176,33.7304],[-84.5176,33.7305],[-84.5177,33.731],[-84.5177,33.7312],[-84.5176,33.7314],[-84.5176,33.7315],[-84.5176,33.7316],[-84.5175,33.7318],[-84.5175,33.7319],[-84.5174,33.732],[-84.5173,33.7321],[-84.5173,33.7322],[-84.5172,33.7324],[-84.517,33.7328],[-84.517,33.733],[-84.517,33.7333],[-84.5171,33.7338],[-84.5171,33.734],[-84.5172,33.7342],[-84.5172,33.7342],[-84.5172,33.7343],[-84.5173,33.7344],[-84.5174,33.7345],[-84.5175,33.7346],[-84.5177,33.7349],[-84.5181,33.7352],[-84.5181,33.7352],[-84.5182,33.7353],[-84.5188,33.7355],[-84.5199,33.7359],[-84.5212,33.7364],[-84.5221,33.7368],[-84.5224,33.7369],[-84.5227,33.7373],[-84.523,33.7376],[-84.523,33.7377],[-84.5231,33.7378],[-84.5232,33.738],[-84.5233,33.7381],[-84.5234,33.7381],[-84.5236,33.7381],[-84.5238,33.7381],[-84.5239,33.7381],[-84.524,33.7381],[-84.5241,33.7382],[-84.5241,33.7383],[-84.5241,33.7384],[-84.5242,33.7386],[-84.5242,33.7386],[-84.5242,33.7387],[-84.5243,33.7388],[-84.5243,33.7388],[-84.5245,33.7389],[-84.5246,33.739],[-84.5246,33.739],[-84.5246,33.739],[-84.5247,33.739],[-84.5247,33.739],[-84.5247,33.7391],[-84.5248,33.7392],[-84.5248,33.7393],[-84.5249,33.7394],[-84.525,33.7396],[-84.5251,33.7398],[-84.5254,33.7399],[-84.5257,33.7399],[-84.5254,33.7401],[-84.5254,33.7401],[-84.5252,33.7403],[-84.5251,33.7403],[-84.525,33.7404],[-84.5248,33.7406],[-84.5246,33.7406],[-84.5243,33.7407],[-84.5242,33.7407],[-84.524,33.7407],[-84.5238,33.7409],[-84.5237,33.741],[-84.5235,33.7413],[-84.5237,33.7418],[-84.5234,33.7414],[-84.5234,33.7414],[-84.5234,33.7415],[-84.5233,33.7415],[-84.5232,33.7415],[-84.5231,33.7416],[-84.523,33.7417],[-84.5229,33.7417],[-84.5228,33.7418],[-84.5227,33.7419],[-84.5226,33.7419],[-84.5225,33.742],[-84.5224,33.742],[-84.5224,33.7422],[-84.5224,33.7423],[-84.5224,33.7424],[-84.5225,33.7425],[-84.5225,33.7427],[-84.5225,33.7429],[-84.5238,33.7465],[-84.524,33.7464],[-84.5242,33.7463],[-84.5243,33.7463],[-84.5254,33.7462],[-84.528,33.7462],[-84.5281,33.7471],[-84.528,33.7478],[-84.528,33.7481],[-84.5279,33.7487],[-84.5279,33.749],[-84.528,33.7493],[-84.5281,33.7496],[-84.5282,33.7499],[-84.5282,33.7502],[-84.5282,33.7504],[-84.5282,33.7507],[-84.5281,33.7508],[-84.5281,33.751],[-84.5281,33.7512],[-84.5281,33.7515],[-84.5281,33.7516],[-84.5282,33.7518],[-84.5283,33.752],[-84.525,33.7535],[-84.5239,33.754],[-84.5235,33.7542],[-84.5233,33.7543],[-84.5231,33.7543],[-84.5227,33.7544],[-84.5218,33.7545],[-84.5214,33.7546],[-84.5215,33.7551],[-84.5215,33.7553],[-84.5214,33.7554],[-84.5214,33.7556],[-84.5213,33.7558],[-84.5212,33.756],[-84.521,33.7561],[-84.5208,33.7563],[-84.5202,33.7566],[-84.5201,33.7567],[-84.52,33.7568],[-84.5199,33.7569],[-84.5199,33.757],[-84.5198,33.7572],[-84.5198,33.7573],[-84.5198,33.7579],[-84.5198,33.7584],[-84.5198,33.7586],[-84.5197,33.7587],[-84.5196,33.7589],[-84.5194,33.7589],[-84.5192,33.7588],[-84.5182,33.7588],[-84.5182,33.7594],[-84.5183,33.7596],[-84.5183,33.7597],[-84.5184,33.7598],[-84.5188,33.7602],[-84.5193,33.7607],[-84.5185,33.7613],[-84.5178,33.7618],[-84.5177,33.7619],[-84.5175,33.762],[-84.5173,33.762],[-84.5171,33.7621],[-84.5156,33.762],[-84.5147,33.762],[-84.5145,33.762],[-84.5143,33.7619],[-84.5141,33.7618],[-84.5083,33.7618],[-84.5082,33.7618],[-84.5081,33.7618],[-84.508,33.7618],[-84.508,33.7619],[-84.5083,33.7623],[-84.5086,33.7626],[-84.5095,33.7638],[-84.5099,33.7643],[-84.5107,33.7653],[-84.5108,33.7655],[-84.5111,33.7658],[-84.5114,33.7662],[-84.5117,33.7666],[-84.512,33.767],[-84.5122,33.7672],[-84.5123,33.7673],[-84.5125,33.7676],[-84.5129,33.7682],[-84.5132,33.7685],[-84.5134,33.7688],[-84.5134,33.7689],[-84.5137,33.7693],[-84.5138,33.7696],[-84.5139,33.7699],[-84.514,33.7701],[-84.5143,33.7719],[-84.5145,33.7723],[-84.5145,33.7725],[-84.5146,33.7726],[-84.5149,33.773],[-84.515,33.7731],[-84.5154,33.7728],[-84.5155,33.7727],[-84.5159,33.7724],[-84.5162,33.7723],[-84.5172,33.7716],[-84.5182,33.771],[-84.5188,33.7705],[-84.5192,33.7703],[-84.5197,33.77],[-84.5199,33.77],[-84.5201,33.7701],[-84.5202,33.7702],[-84.5205,33.7704],[-84.5208,33.7706],[-84.523,33.7723],[-84.5247,33.7736],[-84.5255,33.7743],[-84.5261,33.7746],[-84.5267,33.7751],[-84.5274,33.7755],[-84.5276,33.7756],[-84.5278,33.7758],[-84.5282,33.776],[-84.5284,33.7762],[-84.5288,33.7764],[-84.5312,33.7777],[-84.5332,33.7789],[-84.5335,33.7791],[-84.535,33.7767],[-84.536,33.7748],[-84.5362,33.7745],[-84.538,33.7711],[-84.5394,33.7699],[-84.5395,33.7699],[-84.5396,33.7698],[-84.5399,33.7695],[-84.5444,33.7674],[-84.5472,33.7657],[-84.5526,33.7624],[-84.5588,33.758],[-84.5592,33.7577],[-84.5618,33.7555],[-84.5652,33.7525],[-84.5734,33.7455]]]}},{"type":"Feature","id":"13121007802","properties":{"GEOID":"13121007802","NAME":"Census Tract 78.02","AREALAND":13376628},"geometry":{"type":"Polygon","coordinates":[[[-84.5588,33.7086],[-84.5588,33.7085],[-84.5585,33.7085],[-84.5583,33.7085],[-84.558,33.7085],[-84.5577,33.7085],[-84.5575,33.7085],[-84.5573,33.7084],[-84.5568,33.7082],[-84.5566,33.7081],[-84.5564,33.708],[-84.5547,33.7071],[-84.5532,33.7062],[-84.5523,33.7057],[-84.55,33.7043],[-84.5495,33.704],[-84.5491,33.7036],[-84.5482,33.7028],[-84.5467,33.7014],[-84.5467,33.7014],[-84.5464,33.7011],[-84.5461,33.7008],[-84.5459,33.7005],[-84.5456,33.7001],[-84.5455,33.6998],[-84.5451,33.6987],[-84.5448,33.6978],[-84.5447,33.6977],[-84.5447,33.6976],[-84.5446,33.6974],[-84.5444,33.6972],[-84.5442,33.697],[-84.544,33.6968],[-84.5436,33.6964],[-84.542,33.6952],[-84.5418,33.695],[-84.5416,33.6949],[-84.5414,33.6948],[-84.5412,33.6947],[-84.5409,33.6946],[-84.5407,33.6945],[-84.5405,33.6945],[-84.5402,33.6944],[-84.5399,33.6944],[-84.5397,33.6944],[-84.5394,33.6944],[-84.5392,33.6944],[-84.5389,33.6945],[-84.5387,33.6945],[-84.5382,33.6946],[-84.5379,33.6948],[-84.5366,33.6955],[-84.5363,33.6956],[-84.5358,33.6958],[-84.5354,33.696],[-84.5351,33.696],[-84.5346,33.6952],[-84.5343,33.6945],[-84.5342,33.6943],[-84.5342,33.6941],[-84.5341,33.6936],[-84.5341,33.6928],[-84.5341,33.6926],[-84.5342,33.6923],[-84.5343,33.692],[-84.5344,33.6917],[-84.5345,33.6914],[-84.5345,33.6911],[-84.5345,33.6909],[-84.5345,33.6906],[-84.5343,33.6902],[-84.534,33.6891],[-84.5338,33.6884],[-84.5337,33.6881],[-84.5337,33.6879],[-84.5337,33.6878],[-84.5338,33.6875],[-84.5338,33.6873],[-84.534,33.6869],[-84.5342,33.6867],[-84.5343,33.6865],[-84.5345,33.6863],[-84.5354,33.6856],[-84.5358,33.6853],[-84.536,33.6851],[-84.5362,33.6849],[-84.5363,33.6846],[-84.5365,33.6844],[-84.5367,33.684],[-84.5372,33.6823],[-84.5378,33.6807],[-84.5364,33.6817],[-84.5356,33.6822],[-84.5345,33.6829],[-84.5337,33.6834],[-84.5336,33.6835],[-84.5313,33.6853],[-84.5308,33.6856],[-84.5289,33.6872],[-84.5272,33.6887],[-84.5265,33.6893],[-84.5263,33.6895],[-84.526,33.6896],[-84.5251,33.69],[-84.5243,33.6904],[-84.5229,33.6909],[-84.5223,33.691],[-84.522,33.6912],[-84.5219,33.6912],[-84.5214,33.6918],[-84.5213,33.6919],[-84.5211,33.692],[-84.52,33.6927],[-84.5196,33.6929],[-84.5194,33.693],[-84.5192,33.6931],[-84.5191,33.6931],[-84.519,33.6932],[-84.519,33.6932],[-84.5189,33.6933],[-84.5188,33.6936],[-84.5188,33.6936],[-84.5185,33.6934],[-84.5181,33.6932],[-84.5181,33.6933],[-84.518,33.6937],[-84.5179,33.694],[-84.5178,33.6945],[-84.5177,33.6951],[-84.5177,33.6954],[-84.5177,33.6958],[-84.5177,33.6962],[-84.5178,33.6965],[-84.5178,33.6968],[-84.5179,33.6972],[-84.5182,33.6985],[-84.5183,33.699],[-84.5184,33.6992],[-84.5184,33.6996],[-84.5184,33.7007],[-84.5184,33.7018],[-84.5183,33.703],[-84.5183,33.704],[-84.5183,33.7051],[-84.5182,33.7061],[-84.5182,33.7073],[-84.5182,33.7081],[-84.5178,33.7081],[-84.5125,33.7082],[-84.5107,33.7082],[-84.5098,33.7083],[-84.5097,33.7083],[-84.5073,33.7085],[-84.5071,33.7085],[-84.5071,33.7086],[-84.507,33.7088],[-84.5068,33.7091],[-84.5063,33.7097],[-84.5062,33.7099],[-84.5061,33.7102],[-84.5061,33.7103],[-84.506,33.7105],[-84.506,33.7125],[-84.506,33.7128],[-84.5061,33.713],[-84.5061,33.7132],[-84.5062,33.7134],[-84.5063,33.7136],[-84.507,33.7144],[-84.5071,33.7146],[-84.5072,33.7146],[-84.508,33.716],[-84.5081,33.7161],[-84.5082,33.7163],[-84.5082,33.7164],[-84.5083,33.7166],[-84.5082,33.7168],[-84.5082,33.717],[-84.5081,33.718],[-84.508,33.7188],[-84.5079,33.719],[-84.5079,33.7193],[-84.5078,33.7198],[-84.508,33.7202],[-84.5081,33.7205],[-84.5102,33.7238],[-84.5111,33.7239],[-84.5113,33.724],[-84.5118,33.7241],[-84.5123,33.7242],[-84.5125,33.7243],[-84.5142,33.7251],[-84.515,33.7255],[-84.5176,33.7266],[-84.5177,33.7267],[-84.5181,33.7269],[-84.5185,33.7271],[-84.5188,33.7272],[-84.5194,33.7277],[-84.5203,33.7285],[-84.5206,33.7286],[-84.5207,33.7287],[-84.5209,33.7288],[-84.5211,33.7289],[-84.5213,33.7289],[-84.5215,33.729],[-84.5215,33.729],[-84.523,33.7295],[-84.5233,33.7296],[-84.5234,33.7297],[-84.5238,33.73],[-84.5241,33.7303],[-84.5245,33.7306],[-84.5259,33.7317],[-84.5263,33.7319],[-84.5266,33.7321],[-84.5268,33.7322],[-84.5271,33.7323],[-84.5277,33.7326],[-84.5277,33.7326],[-84.5279,33.7327],[-84.528,33.7327],[-84.5297,33.7335],[-84.5299,33.7335],[-84.5303,33.7336],[-84.5317,33.7339],[-84.5319,33.7339],[-84.5323,33.734],[-84.5327,33.7341],[-84.5331,33.7341],[-84.5337,33.7343],[-84.5355,33.7347],[-84.5357,33.7347],[-84.536,33.7347],[-84.5361,33.7347],[-84.5363,33.7347],[-84.5368,33.7345],[-84.5373,33.7343],[-84.5378,33.7341],[-84.5383,33.7339],[-84.5388,33.7338],[-84.5395,33.7336],[-84.5396,33.7336],[-84.54,33.7335],[-84.5405,33.7335],[-84.5411,33.7335],[-84.5411,33.7332],[-84.5411,33.733],[-84.5411,33.733],[-84.5411,33.7327],[-84.5411,33.7325],[-84.5408,33.7315],[-84.5404,33.7297],[-84.5402,33.7292],[-84.5401,33.729],[-84.5399,33.7284],[-84.5398,33.7283],[-84.5398,33.7283],[-84.5396,33.7279],[-84.5392,33.7272],[-84.5392,33.7272],[-84.5391,33.727],[-84.539,33.7267],[-84.5389,33.7264],[-84.5388,33.7261],[-84.5388,33.7257],[-84.5387,33.7254],[-84.5388,33.7251],[-84.5388,33.7248],[-84.5389,33.7241],[-84.5392,33.7228],[-84.5393,33.7222],[-84.5393,33.7219],[-84.5394,33.7215],[-84.5394,33.7214],[-84.5395,33.7212],[-84.5396,33.721],[-84.5397,33.7209],[-84.5398,33.7208],[-84.5402,33.7206],[-84.5406,33.7202],[-84.5419,33.7192],[-84.544,33.7173],[-84.5442,33.7171],[-84.5444,33.717],[-84.5448,33.7167],[-84.5456,33.716],[-84.5459,33.7158],[-84.5462,33.7157],[-84.5465,33.7156],[-84.5469,33.7155],[-84.5484,33.7154],[-84.549,33.7153],[-84.5499,33.7152],[-84.5503,33.7152],[-84.5506,33.7151],[-84.551,33.7149],[-84.5517,33.7146],[-84.5521,33.7145],[-84.5525,33.7142],[-84.5535,33.7138],[-84.5536,33.7138],[-84.554,33.7135],[-84.5543,33.7133],[-84.5547,33.713],[-84.5551,33.7127],[-84.5553,33.7124],[-84.5563,33.7114],[-84.5571,33.7104],[-84.5577,33.7098],[-84.5584,33.7091],[-84.5588,33.7086]]]}},{"type":"Feature","id":"13121010400","properties":{"GEOID":"13121010400","NAME":"Census Tract 104","AREALAND":182219308},"geometry":{"type":"Polygon","coordinates":[[[-84.8506,33.5116],[-84.8507,33.5115],[-84.8501,33.5115],[-84.8493,33.5114],[-84.8484,33.5114],[-84.8416,33.5114],[-84.8415,33.5114],[-84.8385,33.5114],[-84.8384,33.5114],[-84.8383,33.5114],[-84.838,33.5114],[-84.8378,33.5114],[-84.8378,33.5114],[-84.8377,33.5114],[-84.8377,33.5114],[-84.8376,33.5114],[-84.8372,33.5114],[-84.8372,33.5114],[-84.8372,33.5114],[-84.8371,33.5114],[-84.837,33.5114],[-84.8352,33.5114],[-84.8348,33.5114],[-84.8342,33.5114],[-84.834,33.5114],[-84.8339,33.5114],[-84.8339,33.5114],[-84.8338,33.5114],[-84.8291,33.5113],[-84.8289,33.5113],[-84.8135,33.5113],[-84.8134,33.5113],[-84.8044,33.5112],[-84.8004,33.5112],[-84.7994,33.5112],[-84.796,33.5111],[-84.7958,33.5111],[-84.7957,33.5111],[-84.7957,33.5111],[-84.7957,33.5111],[-84.7956,33.5111],[-84.7955,33.5111],[-84.795,33.5111],[-84.7941,33.5111],[-84.7828,33.511],[-84.7747,33.511],[-84.7745,33.511],[-84.7744,33.511],[-84.7744,33.511],[-84.7741,33.511],[-84.774,33.511],[-84.774,33.511],[-84.7739,33.511],[-84.7698,33.5109],[-84.7642,33.5109],[-84.7641,33.5109],[-84.7589,33.5109],[-84.7578,33.5109],[-84.7506,33.5108],[-84.7499,33.5108],[-84.7479,33.5106],[-84.7456,33.5107],[-84.7456,33.5107],[-84.7445,33.5107],[-84.7385,33.5107],[-84.7368,33.5107],[-84.7367,33.5107],[-84.7305,33.5108],[-84.7298,33.5108],[-84.7297,33.5108],[-84.7291,33.5108],[-84.7274,33.5109],[-84.721,33.5109],[-84.7189,33.5109],[-84.7109,33.511],[-84.7108,33.5113],[-84.7068,33.5113],[-84.6998,33.5114],[-84.6992,33.5114],[-84.6949,33.5114],[-84.6929,33.5114],[-84.6812,33.5115],[-84.68,33.5115],[-84.68,33.5109],[-84.6794,33.5109],[-84.6783,33.5109],[-84.6765,33.511],[-84.6749,33.511],[-84.6723,33.5111],[-84.6722,33.51],[-84.6711,33.51],[-84.671,33.51],[-84.6708,33.51],[-84.6708,33.5105],[-84.6707,33.511],[-84.6707,33.5111],[-84.6707,33.5111],[-84.6706,33.5111],[-84.6705,33.5111],[-84.6705,33.5111],[-84.6702,33.5111],[-84.6701,33.5111],[-84.6701,33.5115],[-84.6701,33.5118],[-84.6685,33.5117],[-84.6684,33.5117],[-84.6683,33.5117],[-84.6682,33.5117],[-84.6678,33.5117],[-84.6677,33.5117],[-84.6676,33.5117],[-84.6658,33.5117],[-84.6657,33.5117],[-84.6652,33.5116],[-84.6634,33.5116],[-84.6633,33.5116],[-84.6611,33.5115],[-84.6596,33.5115],[-84.6585,33.5115],[-84.6584,33.5114],[-84.6571,33.5114],[-84.6564,33.5114],[-84.655,33.5114],[-84.6549,33.5114],[-84.6543,33.5114],[-84.6541,33.5114],[-84.6497,33.5113],[-84.6429,33.5112],[-84.6417,33.5112],[-84.6415,33.5112],[-84.6414,33.5112],[-84.6414,33.5112],[-84.6408,33.5112],[-84.6402,33.5112],[-84.6402,33.5112],[-84.6401,33.5112],[-84.6399,33.5112],[-84.6371,33.5112],[-84.6354,33.5111],[-84.6348,33.5111],[-84.6345,33.5111],[-84.6342,33.5111],[-84.6342,33.5111],[-84.6342,33.5111],[-84.6341,33.5111],[-84.6341,33.5111],[-84.6341,33.5111],[-84.6341,33.5111],[-84.6341,33.5111],[-84.6339,33.5111],[-84.6336,33.5111],[-84.6328,33.5111],[-84.6321,33.5111],[-84.6318,33.5111],[-84.6277,33.511],[-84.6252,33.5109],[-84.6249,33.5109],[-84.621,33.5107],[-84.6209,33.5051],[-84.6209,33.5043],[-84.6209,33.5041],[-84.6209,33.5033],[-84.6209,33.5031],[-84.6208,33.5025],[-84.6163,33.5025],[-84.6095,33.5025],[-84.6094,33.5026],[-84.6094,33.5026],[-84.6093,33.5026],[-84.6093,33.5026],[-84.6092,33.5026],[-84.6091,33.5027],[-84.609,33.5027],[-84.609,33.5028],[-84.6089,33.5028],[-84.6086,33.503],[-84.6084,33.5032],[-84.6083,33.5033],[-84.6083,33.5033],[-84.6082,33.5034],[-84.6082,33.5035],[-84.6081,33.5036],[-84.6081,33.5037],[-84.608,33.5037],[-84.608,33.5038],[-84.6079,33.5039],[-84.6078,33.5039],[-84.6077,33.504],[-84.6076,33.504],[-84.6076,33.5041],[-84.6075,33.5042],[-84.6074,33.5042],[-84.6073,33.5044],[-84.6073,33.5046],[-84.6072,33.5047],[-84.6072,33.5047],[-84.6073,33.5048],[-84.6073,33.5049],[-84.6073,33.505],[-84.6074,33.5051],[-84.6074,33.5052],[-84.6075,33.5052],[-84.6075,33.5053],[-84.6076,33.5056],[-84.6077,33.5059],[-84.6077,33.5059],[-84.6077,33.506],[-84.6077,33.5061],[-84.6077,33.5062],[-84.6077,33.5063],[-84.6077,33.5064],[-84.6077,33.5065],[-84.6077,33.5066],[-84.6078,33.5067],[-84.6078,33.5067],[-84.6078,33.5068],[-84.6079,33.5069],[-84.6079,33.507],[-84.6079,33.5071],[-84.6079,33.5072],[-84.6079,33.5073],[-84.6078,33.5073],[-84.6078,33.5074],[-84.6078,33.5074],[-84.6077,33.5075],[-84.6076,33.5076],[-84.6075,33.5077],[-84.6075,33.5078],[-84.6074,33.5079],[-84.6074,33.508],[-84.6073,33.508],[-84.6073,33.5082],[-84.6073,33.5082],[-84.6073,33.5082],[-84.6072,33.5084],[-84.6072,33.5085],[-84.6072,33.5087],[-84.6072,33.5088],[-84.6072,33.5088],[-84.6072,33.5089],[-84.6072,33.509],[-84.6072,33.5091],[-84.6071,33.5092],[-84.607,33.5093],[-84.607,33.5094],[-84.607,33.5094],[-84.607,33.5094],[-84.6069,33.5095],[-84.6069,33.5095],[-84.6069,33.5095],[-84.6069,33.5095],[-84.6068,33.5097],[-84.6068,33.5097],[-84.6067,33.5098],[-84.6066,33.5099],[-84.6066,33.51],[-84.6065,33.51],[-84.6064,33.5101],[-84.6063,33.5102],[-84.6057,33.5111],[-84.6055,33.5113],[-84.6053,33.5113],[-84.6052,33.5114],[-84.6052,33.5114],[-84.6051,33.5115],[-84.605,33.5116],[-84.605,33.5116],[-84.6049,33.5117],[-84.6048,33.5119],[-84.6047,33.512],[-84.6047,33.5121],[-84.6046,33.5122],[-84.6045,33.5122],[-84.6045,33.5123],[-84.6044,33.5124],[-84.6043,33.5124],[-84.6042,33.5125],[-84.6041,33.5125],[-84.604,33.5125],[-84.6039,33.5125],[-84.6038,33.5125],[-84.6037,33.5125],[-84.6033,33.5124],[-84.6029,33.5123],[-84.6028,33.5123],[-84.6027,33.5123],[-84.6026,33.5123],[-84.6025,33.5123],[-84.6018,33.5124],[-84.6015,33.5124],[-84.6014,33.5124],[-84.6013,33.5124],[-84.6012,33.5123],[-84.6012,33.5123],[-84.6011,33.5122],[-84.601,33.5122],[-84.6009,33.5122],[-84.6008,33.5122],[-84.6007,33.5122],[-84.6005,33.5122],[-84.6005,33.5122],[-84.6004,33.5123],[-84.6003,33.5124],[-84.6002,33.5124],[-84.6001,33.5124],[-84.6,33.5124],[-84.5999,33.5124],[-84.5998,33.5125],[-84.5997,33.5125],[-84.5996,33.5126],[-84.5996,33.5127],[-84.5993,33.513],[-84.5992,33.5131],[-84.5991,33.5132],[-84.5991,33.5132],[-84.599,33.5133],[-84.5988,33.5133],[-84.5987,33.5133],[-84.5987,33.5134],[-84.5984,33.5135],[-84.5981,33.5137],[-84.598,33.5137],[-84.598,33.5138],[-84.5979,33.5139],[-84.5978,33.5139],[-84.5978,33.514],[-84.5977,33.5141],[-84.5977,33.5142],[-84.5977,33.5143],[-84.5976,33.5145],[-84.5975,33.5148],[-84.5974,33.515],[-84.5972,33.5154],[-84.5971,33.5156],[-84.597,33.5158],[-84.5969,33.5159],[-84.5968,33.5161],[-84.5967,33.5162],[-84.5966,33.5163],[-84.5962,33.5168],[-84.5962,33.5169],[-84.5961,33.5171],[-84.596,33.5172],[-84.5959,33.5173],[-84.5959,33.5174],[-84.5956,33.5177],[-84.5956,33.5178],[-84.5952,33.5182],[-84.5951,33.5182],[-84.5959,33.5181],[-84.5967,33.518],[-84.597,33.518],[-84.5974,33.518],[-84.5979,33.518],[-84.5989,33.5181],[-84.5994,33.5182],[-84.5997,33.5182],[-84.5999,33.5183],[-84.6002,33.5184],[-84.6005,33.5185],[-84.6007,33.5187],[-84.601,33.5189],[-84.6021,33.5199],[-84.6022,33.52],[-84.6024,33.5201],[-84.6026,33.5202],[-84.6028,33.5203],[-84.603,33.5204],[-84.6033,33.5205],[-84.6038,33.5205],[-84.6053,33.5205],[-84.612,33.5204],[-84.6122,33.5208],[-84.6123,33.5212],[-84.6124,33.5213],[-84.6139,33.5239],[-84.614,33.5242],[-84.6141,33.5245],[-84.6142,33.5247],[-84.6142,33.525],[-84.6143,33.526],[-84.6144,33.5266],[-84.6144,33.5267],[-84.6144,33.5268],[-84.6144,33.5269],[-84.6144,33.5274],[-84.6145,33.5276],[-84.6145,33.5278],[-84.6146,33.528],[-84.6147,33.5282],[-84.6149,33.5284],[-84.615,33.5286],[-84.6154,33.529],[-84.6158,33.5295],[-84.6159,33.5296],[-84.616,33.5297],[-84.6162,33.53],[-84.6166,33.5305],[-84.6174,33.5314],[-84.6177,33.5318],[-84.618,33.5322],[-84.6182,33.5324],[-84.6183,33.5325],[-84.6192,33.5337],[-84.6195,33.5341],[-84.6197,33.5343],[-84.6199,33.5344],[-84.6203,33.5346],[-84.6249,33.5367],[-84.6251,33.5368],[-84.6255,33.537],[-84.6255,33.5371],[-84.6258,33.5373],[-84.6258,33.5374],[-84.6259,33.5375],[-84.626,33.5376],[-84.626,33.5377],[-84.626,33.5379],[-84.6277,33.5378],[-84.6287,33.5377],[-84.6291,33.5377],[-84.6297,33.5377],[-84.6334,33.5375],[-84.6335,33.5393],[-84.6336,33.5412],[-84.6336,33.5416],[-84.6336,33.5417],[-84.6336,33.5419],[-84.6336,33.5421],[-84.6337,33.5445],[-84.6337,33.5448],[-84.6337,33.546],[-84.6337,33.5463],[-84.6337,33.5463],[-84.6337,33.5465],[-84.6337,33.5467],[-84.6339,33.5477],[-84.6341,33.5485],[-84.6344,33.5492],[-84.6344,33.5494],[-84.6346,33.55],[-84.6348,33.5507],[-84.6348,33.5509],[-84.6351,33.5523],[-84.6354,33.5538],[-84.6356,33.5548],[-84.6357,33.5551],[-84.6357,33.5553],[-84.6359,33.5555],[-84.636,33.5558],[-84.6362,33.5559],[-84.6363,33.5561],[-84.6365,33.5563],[-84.6365,33.5563],[-84.6367,33.5565],[-84.6372,33.5569],[-84.6374,33.557],[-84.6374,33.557],[-84.6376,33.5572],[-84.6382,33.5577],[-84.6383,33.5579],[-84.6388,33.5584],[-84.6394,33.5594],[-84.6398,33.56],[-84.64,33.5603],[-84.6409,33.5618],[-84.6428,33.5646],[-84.645,33.5681],[-84.6454,33.5686],[-84.6457,33.5691],[-84.6462,33.5695],[-84.6464,33.5697],[-84.6464,33.5698],[-84.6473,33.5706],[-84.6475,33.5708],[-84.6478,33.5711],[-84.6489,33.5718],[-84.6492,33.572],[-84.6495,33.5721],[-84.6502,33.5724],[-84.6499,33.5736],[-84.6491,33.5771],[-84.649,33.5775],[-84.649,33.5778],[-84.6491,33.5783],[-84.6493,33.5791],[-84.6499,33.5816],[-84.65,33.5819],[-84.6502,33.5822],[-84.6503,33.5824],[-84.6506,33.5828],[-84.6511,33.5833],[-84.6511,33.5834],[-84.6511,33.5834],[-84.6512,33.5836],[-84.6514,33.5839],[-84.6515,33.584],[-84.6515,33.5841],[-84.6516,33.5846],[-84.6516,33.5848],[-84.6516,33.5853],[-84.6516,33.5855],[-84.6517,33.5862],[-84.652,33.5877],[-84.6522,33.5888],[-84.6523,33.5891],[-84.6524,33.5894],[-84.6525,33.5897],[-84.6528,33.5902],[-84.6529,33.5903],[-84.6532,33.5909],[-84.6533,33.591],[-84.6534,33.5911],[-84.6534,33.5912],[-84.6535,33.5913],[-84.6535,33.5914],[-84.6537,33.5918],[-84.6537,33.592],[-84.6537,33.592],[-84.6537,33.5922],[-84.6537,33.5924],[-84.6536,33.5929],[-84.6535,33.5936],[-84.6535,33.5939],[-84.6536,33.5943],[-84.6538,33.5953],[-84.6538,33.5954],[-84.6539,33.5961],[-84.6539,33.5962],[-84.6541,33.5963],[-84.6545,33.5963],[-84.6548,33.5964],[-84.6554,33.5962],[-84.6561,33.5961],[-84.6564,33.5961],[-84.6571,33.5965],[-84.6577,33.5967],[-84.6577,33.5967],[-84.659,33.5964],[-84.6595,33.5959],[-84.66,33.5951],[-84.6604,33.5944],[-84.6613,33.5933],[-84.6621,33.5928],[-84.6627,33.5929],[-84.663,33.5932],[-84.6636,33.5939],[-84.6642,33.5945],[-84.6663,33.596],[-84.6674,33.597],[-84.6684,33.598],[-84.6696,33.5989],[-84.6707,33.5995],[-84.6745,33.6009],[-84.6768,33.6013],[-84.6777,33.6016],[-84.6782,33.6022],[-84.679,33.6036],[-84.6793,33.6042],[-84.6797,33.6044],[-84.6801,33.6043],[-84.6815,33.6037],[-84.6825,33.6035],[-84.6827,33.6031],[-84.6829,33.603],[-84.6829,33.6022],[-84.6829,33.6014],[-84.6831,33.6011],[-84.6834,33.6009],[-84.6848,33.6012],[-84.6863,33.6017],[-84.6873,33.6021],[-84.6907,33.6029],[-84.692,33.6029],[-84.6921,33.6029],[-84.6933,33.6032],[-84.6942,33.6037],[-84.6945,33.6039],[-84.6951,33.6044],[-84.6954,33.6047],[-84.6957,33.6049],[-84.6964,33.6055],[-84.6965,33.6056],[-84.697,33.6064],[-84.6976,33.6077],[-84.6986,33.6087],[-84.6994,33.6094],[-84.7007,33.6099],[-84.7016,33.6102],[-84.7019,33.6105],[-84.7026,33.6111],[-84.7028,33.6112],[-84.7032,33.6121],[-84.7032,33.6135],[-84.7037,33.614],[-84.7042,33.6141],[-84.705,33.6141],[-84.7069,33.6136],[-84.708,33.6131],[-84.7096,33.6122],[-84.7101,33.6121],[-84.7112,33.6123],[-84.7144,33.6122],[-84.7146,33.6124],[-84.7152,33.613],[-84.7156,33.6134],[-84.717,33.6145],[-84.7185,33.6157],[-84.7192,33.6165],[-84.7199,33.6178],[-84.7202,33.6181],[-84.7213,33.6189],[-84.7222,33.6195],[-84.723,33.6205],[-84.7231,33.6212],[-84.7235,33.6251],[-84.7243,33.6263],[-84.727,33.6275],[-84.7286,33.6267],[-84.729,33.6256],[-84.7295,33.6251],[-84.7298,33.6247],[-84.7301,33.6245],[-84.7311,33.6244],[-84.7351,33.6245],[-84.7357,33.6246],[-84.7364,33.6241],[-84.7377,33.6236],[-84.7396,33.6233],[-84.7418,33.6238],[-84.7426,33.6244],[-84.7429,33.6248],[-84.743,33.6251],[-84.7461,33.6296],[-84.7488,33.6318],[-84.7499,33.6313],[-84.7527,33.6302],[-84.7529,33.6279],[-84.755,33.6251],[-84.755,33.6251],[-84.7572,33.6224],[-84.7584,33.621],[-84.7593,33.6189],[-84.7606,33.6171],[-84.7624,33.6148],[-84.7627,33.6146],[-84.7631,33.6142],[-84.765,33.6135],[-84.7692,33.6123],[-84.7709,33.6115],[-84.7738,33.6106],[-84.7756,33.6097],[-84.7778,33.6082],[-84.7804,33.6062],[-84.7826,33.6044],[-84.783,33.6039],[-84.7833,33.6036],[-84.7839,33.6029],[-84.7858,33.6013],[-84.7885,33.5993],[-84.7951,33.5964],[-84.7965,33.5956],[-84.7973,33.5947],[-84.799,33.5926],[-84.7991,33.5926],[-84.7991,33.5926],[-84.7991,33.5925],[-84.8012,33.59],[-84.8024,33.5891],[-84.8033,33.5886],[-84.8043,33.588],[-84.8045,33.5878],[-84.8045,33.5878],[-84.8045,33.5877],[-84.805,33.5873],[-84.8057,33.5864],[-84.8064,33.585],[-84.8074,33.5831],[-84.8083,33.5789],[-84.8084,33.5784],[-84.8084,33.5784],[-84.8086,33.5764],[-84.8089,33.5741],[-84.8093,33.5728],[-84.8102,33.5716],[-84.8118,33.5705],[-84.8143,33.5696],[-84.8155,33.5689],[-84.8177,33.5679],[-84.8187,33.5671],[-84.821,33.5659],[-84.8223,33.565],[-84.8236,33.5642],[-84.8244,33.5634],[-84.8252,33.5622],[-84.8261,33.5606],[-84.8268,33.5582],[-84.827,33.5574],[-84.8271,33.557],[-84.8273,33.5559],[-84.8273,33.5544],[-84.8277,33.5535],[-84.8283,33.5526],[-84.8294,33.5516],[-84.8306,33.5509],[-84.8312,33.5503],[-84.8321,33.5487],[-84.8326,33.5471],[-84.8323,33.5453],[-84.8316,33.544],[-84.8306,33.5432],[-84.8292,33.5425],[-84.8276,33.5418],[-84.8265,33.5408],[-84.8249,33.5386],[-84.8235,33.5352],[-84.8221,33.5322],[-84.821,33.5306],[-84.8167,33.5269],[-84.8152,33.5246],[-84.8147,33.5224],[-84.8151,33.5212],[-84.8159,33.5202],[-84.8181,33.5184],[-84.82,33.5174],[-84.823,33.5158],[-84.8256,33.5143],[-84.8262,33.514],[-84.8276,33.5133],[-84.8311,33.5129],[-84.8347,33.5132],[-84.8383,33.5143],[-84.841,33.5148],[-84.8443,33.5147],[-84.8457,33.5144],[-84.8473,33.514],[-84.8493,33.5132],[-84.8497,33.5125],[-84.8506,33.5116]]]}},{"type":"Feature","id":"13121010301","properties":{"GEOID":"13121010301","NAME":"Census Tract 103.01","AREALAND":85460237},"geometry":{"type":"Polygon","coordinates":[[[-84.7352,33.6251],[-84.7357,33.6246],[-84.7351,33.6245],[-84.7311,33.6244],[-84.7301,33.6245],[-84.7298,33.6247],[-84.7295,33.6251],[-84.729,33.6256],[-84.7286,33.6267],[-84.727,33.6275],[-84.7243,33.6263],[-84.7235,33.6251],[-84.7231,33.6212],[-84.723,33.6205],[-84.7222,33.6195],[-84.7213,33.6189],[-84.7202,33.6181],[-84.7199,33.6178],[-84.7192,33.6165],[-84.7185,33.6157],[-84.717,33.6145],[-84.7156,33.6134],[-84.7152,33.613],[-84.7146,33.6124],[-84.7144,33.6122],[-84.7112,33.6123],[-84.7101,33.6121],[-84.7096,33.6122],[-84.708,33.6131],[-84.7069,33.6136],[-84.705,33.6141],[-84.7042,33.6141],[-84.7037,33.614],[-84.7032,33.6135],[-84.7032,33.6121],[-84.7028,33.6112],[-84.7026,33.6111],[-84.7019,33.6105],[-84.7016,33.6102],[-84.7007,33.6099],[-84.6994,33.6094],[-84.6986,33.6087],[-84.6976,33.6077],[-84.697,33.6064],[-84.6965,33.6056],[-84.6964,33.6055],[-84.6957,33.6049],[-84.6954,33.6047],[-84.6951,33.6044],[-84.6945,33.6039],[-84.6942,33.6037],[-84.6933,33.6032],[-84.6921,33.6029],[-84.692,33.6029],[-84.6907,33.6029],[-84.6873,33.6021],[-84.6863,33.6017],[-84.6848,33.6012],[-84.6834,33.6009],[-84.6831,33.6011],[-84.6829,33.6014],[-84.6829,33.6022],[-84.6829,33.603],[-84.6827,33.6031],[-84.6825,33.6035],[-84.6815,33.6037],[-84.6801,33.6043],[-84.6797,33.6044],[-84.6793,33.6042],[-84.679,33.6036],[-84.6782,33.6022],[-84.6777,33.6016],[-84.6768,33.6013],[-84.6745,33.6009],[-84.6707,33.5995],[-84.6696,33.5989],[-84.6684,33.598],[-84.6674,33.597],[-84.6663,33.596],[-84.6642,33.5945],[-84.6636,33.5939],[-84.663,33.5932],[-84.6627,33.5929],[-84.6621,33.5928],[-84.6613,33.5933],[-84.6604,33.5944],[-84.66,33.5951],[-84.6595,33.5959],[-84.659,33.5964],[-84.6577,33.5967],[-84.6577,33.5967],[-84.6571,33.5965],[-84.6564,33.5961],[-84.6561,33.5961],[-84.6554,33.5962],[-84.6548,33.5964],[-84.6545,33.5963],[-84.6541,33.5963],[-84.6539,33.5962],[-84.6539,33.5964],[-84.6539,33.5967],[-84.6539,33.5969],[-84.6539,33.597],[-84.6536,33.5978],[-84.6536,33.5979],[-84.6531,33.5997],[-84.6529,33.6003],[-84.6527,33.6015],[-84.6525,33.602],[-84.652,33.6019],[-84.6509,33.6018],[-84.6498,33.6018],[-84.6494,33.6017],[-84.6489,33.6016],[-84.6481,33.6015],[-84.6473,33.6013],[-84.6467,33.6011],[-84.6461,33.6009],[-84.6451,33.6005],[-84.6447,33.6004],[-84.6445,33.6003],[-84.6445,33.6002],[-84.6443,33.6001],[-84.6441,33.6],[-84.6439,33.5998],[-84.6439,33.5998],[-84.6435,33.5994],[-84.6431,33.599],[-84.6429,33.5988],[-84.6428,33.5987],[-84.6426,33.5984],[-84.6426,33.5984],[-84.6418,33.5972],[-84.6418,33.5971],[-84.6411,33.5961],[-84.6409,33.5958],[-84.6408,33.5957],[-84.6406,33.5955],[-84.6406,33.5954],[-84.6405,33.5953],[-84.6404,33.5952],[-84.6401,33.5949],[-84.6397,33.5945],[-84.6395,33.5944],[-84.6392,33.5942],[-84.638,33.5935],[-84.6377,33.5933],[-84.6376,33.5933],[-84.636,33.5923],[-84.6357,33.5921],[-84.6355,33.5919],[-84.6353,33.5917],[-84.6348,33.5908],[-84.6347,33.5909],[-84.6347,33.5909],[-84.6346,33.5915],[-84.6345,33.5923],[-84.6344,33.5925],[-84.6343,33.5926],[-84.6342,33.5928],[-84.6336,33.5935],[-84.6334,33.5936],[-84.6332,33.5938],[-84.6331,33.5939],[-84.6331,33.5941],[-84.633,33.5943],[-84.6329,33.5944],[-84.6329,33.5945],[-84.6328,33.5947],[-84.6326,33.5951],[-84.6324,33.5954],[-84.6322,33.5956],[-84.6321,33.5958],[-84.6319,33.5962],[-84.6317,33.5965],[-84.6316,33.5966],[-84.6316,33.5967],[-84.6312,33.5968],[-84.631,33.597],[-84.6301,33.5975],[-84.6296,33.5979],[-84.6282,33.599],[-84.6281,33.5991],[-84.6279,33.5992],[-84.6277,33.5993],[-84.6277,33.5993],[-84.6276,33.5994],[-84.6275,33.5994],[-84.6273,33.5994],[-84.6273,33.5994],[-84.6273,33.5994],[-84.6272,33.5994],[-84.6269,33.5993],[-84.6267,33.5992],[-84.6264,33.5992],[-84.6262,33.5991],[-84.6259,33.5991],[-84.6256,33.5991],[-84.6252,33.5992],[-84.6249,33.5993],[-84.6249,33.5993],[-84.6246,33.5994],[-84.6243,33.5995],[-84.624,33.5996],[-84.6236,33.5997],[-84.6235,33.5997],[-84.6232,33.5999],[-84.6229,33.6002],[-84.6226,33.6003],[-84.6223,33.6005],[-84.6222,33.6006],[-84.6216,33.6007],[-84.6204,33.6011],[-84.6195,33.6013],[-84.6193,33.6014],[-84.6186,33.6015],[-84.6186,33.6015],[-84.6185,33.6015],[-84.6183,33.6017],[-84.6182,33.6019],[-84.618,33.6021],[-84.6179,33.6023],[-84.6178,33.6023],[-84.6175,33.6024],[-84.6171,33.6026],[-84.6169,33.6027],[-84.6166,33.6029],[-84.6163,33.6031],[-84.6162,33.6033],[-84.616,33.6036],[-84.6158,33.6038],[-84.6156,33.604],[-84.6153,33.6043],[-84.615,33.6045],[-84.6149,33.6047],[-84.6147,33.6048],[-84.6145,33.6051],[-84.6144,33.6053],[-84.6143,33.6054],[-84.6142,33.6055],[-84.614,33.6056],[-84.6138,33.6056],[-84.6135,33.6057],[-84.6133,33.6058],[-84.6132,33.6059],[-84.6128,33.6062],[-84.6125,33.6066],[-84.6118,33.6074],[-84.6116,33.6077],[-84.6113,33.6081],[-84.6112,33.6082],[-84.6111,33.6083],[-84.611,33.6083],[-84.61,33.6085],[-84.6111,33.6104],[-84.6108,33.6104],[-84.609,33.6107],[-84.6088,33.6107],[-84.6083,33.6108],[-84.6074,33.6109],[-84.6068,33.6109],[-84.6063,33.611],[-84.6061,33.611],[-84.6059,33.611],[-84.6054,33.6112],[-84.605,33.6112],[-84.6046,33.6113],[-84.6044,33.6114],[-84.6041,33.6115],[-84.604,33.6115],[-84.6033,33.6118],[-84.6026,33.6121],[-84.6024,33.6122],[-84.6022,33.6124],[-84.6016,33.6128],[-84.601,33.6132],[-84.6007,33.6134],[-84.6005,33.6136],[-84.6003,33.6138],[-84.5995,33.6147],[-84.5991,33.6153],[-84.5984,33.616],[-84.5983,33.6161],[-84.5979,33.6165],[-84.5979,33.6165],[-84.5975,33.6169],[-84.5973,33.6171],[-84.597,33.6175],[-84.5967,33.6178],[-84.5964,33.6182],[-84.5962,33.6184],[-84.596,33.6186],[-84.5954,33.6193],[-84.5951,33.6196],[-84.5948,33.6199],[-84.5947,33.6201],[-84.5948,33.6203],[-84.5955,33.6224],[-84.5945,33.6251],[-84.5942,33.6258],[-84.5941,33.6258],[-84.594,33.6259],[-84.5939,33.6259],[-84.5937,33.626],[-84.5936,33.6261],[-84.5934,33.6262],[-84.5932,33.6264],[-84.5931,33.6266],[-84.5929,33.6269],[-84.5928,33.6272],[-84.5928,33.6274],[-84.5928,33.6275],[-84.5928,33.6277],[-84.5928,33.6279],[-84.5928,33.6281],[-84.5927,33.6285],[-84.5926,33.6287],[-84.5925,33.629],[-84.5923,33.6294],[-84.5921,33.6297],[-84.5918,33.63],[-84.5915,33.6304],[-84.5908,33.6313],[-84.5905,33.6317],[-84.5904,33.6319],[-84.5903,33.6321],[-84.5902,33.6322],[-84.5902,33.6324],[-84.5901,33.6328],[-84.59,33.6331],[-84.5899,33.6333],[-84.5898,33.6335],[-84.5897,33.6336],[-84.5896,33.6337],[-84.5894,33.6338],[-84.5893,33.6339],[-84.5877,33.6345],[-84.5875,33.6364],[-84.5874,33.6389],[-84.5873,33.64],[-84.5868,33.6402],[-84.5869,33.6403],[-84.5871,33.6404],[-84.5873,33.6406],[-84.5878,33.6413],[-84.5885,33.6422],[-84.5887,33.6425],[-84.5889,33.6428],[-84.589,33.643],[-84.5891,33.6433],[-84.5898,33.6452],[-84.5899,33.6453],[-84.59,33.6455],[-84.5901,33.6456],[-84.5902,33.6457],[-84.5904,33.6458],[-84.5905,33.6459],[-84.5907,33.6459],[-84.5916,33.6461],[-84.5919,33.6462],[-84.5922,33.6463],[-84.5924,33.6464],[-84.5926,33.6466],[-84.5928,33.6468],[-84.5929,33.6469],[-84.5931,33.6472],[-84.5945,33.6496],[-84.5947,33.6499],[-84.5947,33.6502],[-84.5947,33.6505],[-84.5947,33.6507],[-84.5946,33.6514],[-84.5934,33.6555],[-84.5928,33.6578],[-84.5925,33.6589],[-84.5924,33.6595],[-84.5924,33.6598],[-84.5924,33.6599],[-84.5925,33.6601],[-84.5928,33.6607],[-84.5929,33.661],[-84.5928,33.6613],[-84.5928,33.6614],[-84.5927,33.6618],[-84.5923,33.6624],[-84.5923,33.6626],[-84.5923,33.6627],[-84.5923,33.6629],[-84.5924,33.6631],[-84.5926,33.6633],[-84.5928,33.6635],[-84.5937,33.6642],[-84.594,33.6645],[-84.5943,33.6649],[-84.5945,33.6653],[-84.5947,33.6656],[-84.5949,33.6659],[-84.5951,33.6662],[-84.5957,33.667],[-84.5959,33.6673],[-84.596,33.6677],[-84.5961,33.6679],[-84.5961,33.6681],[-84.596,33.6703],[-84.5961,33.6708],[-84.5961,33.6712],[-84.5965,33.6737],[-84.5968,33.6758],[-84.5972,33.6786],[-84.5973,33.679],[-84.5974,33.6793],[-84.5975,33.6796],[-84.5976,33.68],[-84.5979,33.6807],[-84.598,33.6807],[-84.5988,33.6824],[-84.5993,33.6835],[-84.5995,33.6839],[-84.5997,33.6845],[-84.6,33.6852],[-84.6001,33.6858],[-84.6003,33.6868],[-84.6003,33.687],[-84.6002,33.6871],[-84.6002,33.6873],[-84.6001,33.6875],[-84.5998,33.6877],[-84.5998,33.6877],[-84.5997,33.6878],[-84.5997,33.688],[-84.6,33.688],[-84.6002,33.688],[-84.6008,33.6881],[-84.6068,33.6897],[-84.6094,33.6904],[-84.6098,33.6905],[-84.6125,33.6912],[-84.6129,33.6914],[-84.6131,33.6914],[-84.6137,33.6917],[-84.6148,33.6921],[-84.6157,33.6924],[-84.6162,33.6926],[-84.6165,33.6926],[-84.6169,33.6927],[-84.6171,33.6927],[-84.6174,33.6927],[-84.6187,33.6928],[-84.6202,33.6928],[-84.6204,33.6928],[-84.6216,33.6928],[-84.6242,33.6929],[-84.6249,33.6929],[-84.6284,33.6931],[-84.6298,33.6931],[-84.6301,33.6931],[-84.63,33.6929],[-84.6301,33.6928],[-84.6305,33.6903],[-84.6348,33.6876],[-84.6349,33.6875],[-84.6408,33.6838],[-84.649,33.6859],[-84.6527,33.6836],[-84.6537,33.6752],[-84.6519,33.6706],[-84.6519,33.6679],[-84.6546,33.6629],[-84.6564,33.6594],[-84.6614,33.657],[-84.6615,33.657],[-84.6633,33.6569],[-84.6716,33.6567],[-84.6735,33.6566],[-84.6739,33.6565],[-84.6771,33.6554],[-84.6858,33.6511],[-84.6951,33.6491],[-84.7105,33.6464],[-84.7167,33.6418],[-84.7252,33.6392],[-84.73,33.6365],[-84.7311,33.6345],[-84.7315,33.6313],[-84.7338,33.6272],[-84.7352,33.6251],[-84.7352,33.6251]]]}},{"type":"Feature","id":"13121010514","properties":{"GEOID":"13121010514","NAME":"Census Tract 105.14","AREALAND":46909083},"geometry":{"type":"Polygon","coordinates":[[[-84.6539,33.5962],[-84.6539,33.5961],[-84.6538,33.5954],[-84.6538,33.5953],[-84.6536,33.5943],[-84.6535,33.5939],[-84.6535,33.5936],[-84.6536,33.5929],[-84.6537,33.5924],[-84.6537,33.5922],[-84.6537,33.592],[-84.6537,33.592],[-84.6537,33.5918],[-84.6535,33.5914],[-84.6535,33.5913],[-84.6534,33.5912],[-84.6534,33.5911],[-84.6533,33.591],[-84.6532,33.5909],[-84.6529,33.5903],[-84.6528,33.5902],[-84.6525,33.5897],[-84.6524,33.5894],[-84.6523,33.5891],[-84.6522,33.5888],[-84.652,33.5877],[-84.6517,33.5862],[-84.6516,33.5855],[-84.6516,33.5853],[-84.6516,33.5848],[-84.6516,33.5846],[-84.6515,33.5841],[-84.6515,33.584],[-84.6514,33.5839],[-84.6512,33.5836],[-84.6511,33.5834],[-84.6511,33.5834],[-84.6511,33.5833],[-84.6506,33.5828],[-84.6503,33.5824],[-84.6502,33.5822],[-84.65,33.5819],[-84.6499,33.5816],[-84.6493,33.5791],[-84.6491,33.5783],[-84.649,33.5778],[-84.649,33.5775],[-84.6491,33.5771],[-84.6499,33.5736],[-84.6502,33.5724],[-84.6495,33.5721],[-84.6492,33.572],[-84.6489,33.5718],[-84.6478,33.5711],[-84.6475,33.5708],[-84.6473,33.5706],[-84.6464,33.5698],[-84.6464,33.5697],[-84.6462,33.5695],[-84.6457,33.5691],[-84.6454,33.5686],[-84.645,33.5681],[-84.6428,33.5646],[-84.6409,33.5618],[-84.64,33.5603],[-84.6398,33.56],[-84.6394,33.5594],[-84.6388,33.5584],[-84.6383,33.5579],[-84.6382,33.5577],[-84.6376,33.5572],[-84.6374,33.557],[-84.6374,33.557],[-84.6372,33.5569],[-84.6367,33.5565],[-84.6365,33.5563],[-84.6365,33.5563],[-84.6363,33.5561],[-84.6362,33.5559],[-84.636,33.5558],[-84.6359,33.5555],[-84.6357,33.5553],[-84.6357,33.5551],[-84.6356,33.5548],[-84.6354,33.5538],[-84.6351,33.5523],[-84.6348,33.5509],[-84.6348,33.5507],[-84.6346,33.55],[-84.6344,33.5494],[-84.6344,33.5492],[-84.6341,33.5485],[-84.6339,33.5477],[-84.6337,33.5467],[-84.6337,33.5465],[-84.6337,33.5463],[-84.6337,33.5463],[-84.6337,33.546],[-84.6337,33.5448],[-84.6337,33.5445],[-84.6336,33.5421],[-84.6336,33.5419],[-84.6336,33.5417],[-84.6336,33.5416],[-84.6336,33.5412],[-84.6335,33.5393],[-84.6334,33.5375],[-84.6297,33.5377],[-84.6291,33.5377],[-84.6287,33.5377],[-84.6277,33.5378],[-84.626,33.5379],[-84.626,33.5377],[-84.626,33.5376],[-84.6259,33.5375],[-84.6258,33.5374],[-84.6258,33.5373],[-84.6255,33.5371],[-84.6255,33.537],[-84.6251,33.5368],[-84.6249,33.5367],[-84.6203,33.5346],[-84.6199,33.5344],[-84.6197,33.5343],[-84.6195,33.5341],[-84.6192,33.5337],[-84.6183,33.5325],[-84.6182,33.5324],[-84.618,33.5322],[-84.6177,33.5318],[-84.6174,33.5314],[-84.6166,33.5305],[-84.6162,33.53],[-84.616,33.5297],[-84.6159,33.5296],[-84.6158,33.5295],[-84.6154,33.529],[-84.615,33.5286],[-84.6149,33.5284],[-84.6147,33.5282],[-84.6146,33.528],[-84.6145,33.5278],[-84.6145,33.5276],[-84.6144,33.5274],[-84.6144,33.5269],[-84.6144,33.5268],[-84.6116,33.5282],[-84.611,33.5285],[-84.6088,33.5294],[-84.6078,33.5299],[-84.6077,33.5299],[-84.6074,33.5301],[-84.6066,33.5304],[-84.6045,33.5315],[-84.6022,33.5329],[-84.6002,33.5341],[-84.5999,33.5342],[-84.5978,33.5355],[-84.5964,33.5363],[-84.5936,33.5379],[-84.5933,33.5381],[-84.5918,33.5391],[-84.5916,33.5392],[-84.5915,33.5392],[-84.5913,33.5393],[-84.5906,33.5397],[-84.5897,33.5403],[-84.5877,33.5414],[-84.5857,33.5425],[-84.5848,33.543],[-84.5837,33.5434],[-84.583,33.5438],[-84.5829,33.5438],[-84.5827,33.5439],[-84.582,33.5442],[-84.5818,33.5443],[-84.5777,33.5461],[-84.5776,33.5461],[-84.5773,33.5462],[-84.5771,33.5463],[-84.574,33.5476],[-84.5734,33.5479],[-84.572,33.5485],[-84.5711,33.5489],[-84.571,33.5489],[-84.5705,33.5491],[-84.569,33.5498],[-84.5688,33.5499],[-84.5687,33.55],[-84.5684,33.5501],[-84.5681,33.5502],[-84.5677,33.5503],[-84.5661,33.5511],[-84.5647,33.5516],[-84.5625,33.5527],[-84.5614,33.5531],[-84.561,33.5533],[-84.5609,33.5533],[-84.5601,33.5537],[-84.5579,33.5546],[-84.5556,33.5556],[-84.5542,33.5562],[-84.5539,33.5563],[-84.5541,33.5564],[-84.5543,33.5565],[-84.5548,33.5566],[-84.5549,33.5566],[-84.555,33.5566],[-84.5564,33.5568],[-84.5584,33.557],[-84.5589,33.5571],[-84.5593,33.5572],[-84.5598,33.5573],[-84.5601,33.5574],[-84.5603,33.5574],[-84.5608,33.5576],[-84.5609,33.5577],[-84.5611,33.5578],[-84.5615,33.5579],[-84.5622,33.5583],[-84.5627,33.5586],[-84.563,33.5587],[-84.564,33.5592],[-84.5645,33.5595],[-84.5648,33.5597],[-84.5652,33.56],[-84.5656,33.5603],[-84.5658,33.5605],[-84.5664,33.5609],[-84.5673,33.5616],[-84.5677,33.5619],[-84.5697,33.5633],[-84.5698,33.5635],[-84.5701,33.5637],[-84.5703,33.5639],[-84.5706,33.5641],[-84.5708,33.5643],[-84.5711,33.5646],[-84.5712,33.5647],[-84.5714,33.5649],[-84.5715,33.565],[-84.5717,33.5651],[-84.573,33.5658],[-84.5737,33.5652],[-84.5748,33.5643],[-84.575,33.5642],[-84.5769,33.5626],[-84.5771,33.5628],[-84.5773,33.5631],[-84.5778,33.5636],[-84.5769,33.5643],[-84.578,33.5652],[-84.579,33.5661],[-84.5799,33.5654],[-84.5809,33.5663],[-84.5804,33.5668],[-84.58,33.567],[-84.5798,33.5672],[-84.5785,33.568],[-84.578,33.5683],[-84.5757,33.5694],[-84.5745,33.5699],[-84.5738,33.5703],[-84.5738,33.5704],[-84.5739,33.5706],[-84.5751,33.57],[-84.5756,33.5712],[-84.5757,33.5715],[-84.5761,33.5723],[-84.5761,33.5725],[-84.5762,33.5726],[-84.5762,33.5727],[-84.5762,33.5732],[-84.5762,33.5735],[-84.5762,33.5736],[-84.5763,33.5738],[-84.5763,33.5739],[-84.5764,33.574],[-84.577,33.5747],[-84.5771,33.5749],[-84.5773,33.575],[-84.5774,33.5751],[-84.5776,33.5752],[-84.5786,33.5756],[-84.5793,33.5759],[-84.581,33.5766],[-84.5822,33.5771],[-84.5826,33.5773],[-84.5846,33.5783],[-84.5849,33.5787],[-84.5855,33.5795],[-84.5864,33.5808],[-84.5869,33.5814],[-84.5873,33.5819],[-84.5877,33.5823],[-84.5881,33.5827],[-84.5885,33.5832],[-84.5886,33.5835],[-84.5886,33.5837],[-84.5886,33.5838],[-84.5894,33.5841],[-84.5898,33.5842],[-84.5899,33.5843],[-84.5903,33.5845],[-84.5909,33.5849],[-84.5915,33.5854],[-84.5917,33.5856],[-84.593,33.5866],[-84.5933,33.5869],[-84.594,33.5874],[-84.594,33.5875],[-84.5943,33.5877],[-84.5947,33.5879],[-84.5949,33.5882],[-84.595,33.5882],[-84.595,33.5883],[-84.5955,33.5887],[-84.5955,33.5887],[-84.5958,33.589],[-84.5958,33.589],[-84.5958,33.5891],[-84.5961,33.5893],[-84.5962,33.5894],[-84.5966,33.5897],[-84.5968,33.5899],[-84.597,33.5901],[-84.5972,33.5902],[-84.5971,33.5904],[-84.5969,33.5905],[-84.5969,33.5907],[-84.597,33.5908],[-84.5971,33.5913],[-84.5973,33.592],[-84.5974,33.5921],[-84.5975,33.5925],[-84.5975,33.5926],[-84.5975,33.5928],[-84.5976,33.593],[-84.5976,33.5934],[-84.5976,33.5934],[-84.5976,33.5935],[-84.5976,33.5937],[-84.5976,33.5938],[-84.5975,33.594],[-84.5975,33.5942],[-84.5975,33.5942],[-84.5974,33.5944],[-84.5971,33.5951],[-84.5968,33.5955],[-84.5967,33.5956],[-84.5965,33.5958],[-84.5961,33.5964],[-84.5958,33.5967],[-84.5957,33.5968],[-84.5955,33.597],[-84.5948,33.5977],[-84.5947,33.5978],[-84.5942,33.5983],[-84.5942,33.5983],[-84.5938,33.5987],[-84.5938,33.5987],[-84.5937,33.5987],[-84.5934,33.5991],[-84.5931,33.5994],[-84.5929,33.5997],[-84.5927,33.5999],[-84.5922,33.6007],[-84.592,33.6011],[-84.5917,33.6014],[-84.5914,33.6018],[-84.5907,33.6025],[-84.5904,33.6028],[-84.5902,33.6031],[-84.5899,33.6034],[-84.5897,33.6037],[-84.5894,33.6039],[-84.5873,33.6056],[-84.5872,33.6058],[-84.5867,33.6062],[-84.5859,33.6068],[-84.5849,33.6077],[-84.5846,33.6079],[-84.5843,33.6081],[-84.5835,33.6089],[-84.5828,33.6095],[-84.5826,33.6096],[-84.5825,33.6097],[-84.5822,33.61],[-84.5819,33.6102],[-84.5815,33.6104],[-84.581,33.6107],[-84.5804,33.6109],[-84.5802,33.611],[-84.5795,33.6113],[-84.5791,33.6114],[-84.5782,33.6116],[-84.5779,33.6117],[-84.5776,33.6117],[-84.5777,33.6129],[-84.5778,33.6141],[-84.5779,33.6143],[-84.5779,33.6146],[-84.5781,33.6148],[-84.5781,33.6149],[-84.5784,33.6152],[-84.5785,33.6153],[-84.5787,33.6155],[-84.5792,33.6157],[-84.5795,33.6159],[-84.5797,33.6161],[-84.5798,33.6162],[-84.58,33.6165],[-84.5802,33.617],[-84.5804,33.6173],[-84.5806,33.6175],[-84.5808,33.6177],[-84.581,33.6178],[-84.5812,33.6179],[-84.5816,33.6181],[-84.5822,33.6185],[-84.5826,33.6188],[-84.5827,33.6188],[-84.583,33.619],[-84.5837,33.6195],[-84.5838,33.6195],[-84.584,33.6197],[-84.5842,33.6199],[-84.5843,33.62],[-84.5844,33.6201],[-84.5844,33.6202],[-84.5844,33.6203],[-84.5844,33.6211],[-84.5844,33.6219],[-84.5844,33.6231],[-84.5844,33.6234],[-84.5843,33.6237],[-84.5844,33.6243],[-84.5845,33.6246],[-84.5848,33.625],[-84.5849,33.6251],[-84.5849,33.6252],[-84.585,33.6253],[-84.5858,33.6265],[-84.5861,33.6268],[-84.5864,33.6274],[-84.5865,33.6275],[-84.5866,33.6276],[-84.5866,33.6278],[-84.5867,33.6281],[-84.5871,33.6298],[-84.5871,33.6299],[-84.5871,33.63],[-84.5871,33.63],[-84.5872,33.6302],[-84.5874,33.631],[-84.5877,33.6326],[-84.5878,33.6331],[-84.5878,33.6334],[-84.5877,33.6344],[-84.5877,33.6345],[-84.5893,33.6339],[-84.5894,33.6338],[-84.5896,33.6337],[-84.5897,33.6336],[-84.5898,33.6335],[-84.5899,33.6333],[-84.59,33.6331],[-84.5901,33.6328],[-84.5902,33.6324],[-84.5902,33.6322],[-84.5903,33.6321],[-84.5904,33.6319],[-84.5905,33.6317],[-84.5908,33.6313],[-84.5915,33.6304],[-84.5918,33.63],[-84.5921,33.6297],[-84.5923,33.6294],[-84.5925,33.629],[-84.5926,33.6287],[-84.5927,33.6285],[-84.5928,33.6281],[-84.5928,33.6279],[-84.5928,33.6277],[-84.5928,33.6275],[-84.5928,33.6274],[-84.5928,33.6272],[-84.5929,33.6269],[-84.5931,33.6266],[-84.5932,33.6264],[-84.5934,33.6262],[-84.5936,33.6261],[-84.5937,33.626],[-84.5939,33.6259],[-84.594,33.6259],[-84.5941,33.6258],[-84.5942,33.6258],[-84.5945,33.6251],[-84.5955,33.6224],[-84.5948,33.6203],[-84.5947,33.6201],[-84.5948,33.6199],[-84.5951,33.6196],[-84.5954,33.6193],[-84.596,33.6186],[-84.5962,33.6184],[-84.5964,33.6182],[-84.5967,33.6178],[-84.597,33.6175],[-84.5973,33.6171],[-84.5975,33.6169],[-84.5979,33.6165],[-84.5979,33.6165],[-84.5983,33.6161],[-84.5984,33.616],[-84.5991,33.6153],[-84.5995,33.6147],[-84.6003,33.6138],[-84.6005,33.6136],[-84.6007,33.6134],[-84.601,33.6132],[-84.6016,33.6128],[-84.6022,33.6124],[-84.6024,33.6122],[-84.6026,33.6121],[-84.6033,33.6118],[-84.604,33.6115],[-84.6041,33.6115],[-84.6044,33.6114],[-84.6046,33.6113],[-84.605,33.6112],[-84.6054,33.6112],[-84.6059,33.611],[-84.6061,33.611],[-84.6063,33.611],[-84.6068,33.6109],[-84.6074,33.6109],[-84.6083,33.6108],[-84.6088,33.6107],[-84.609,33.6107],[-84.6108,33.6104],[-84.6111,33.6104],[-84.61,33.6085],[-84.611,33.6083],[-84.6111,33.6083],[-84.6112,33.6082],[-84.6113,33.6081],[-84.6116,33.6077],[-84.6118,33.6074],[-84.6125,33.6066],[-84.6128,33.6062],[-84.6132,33.6059],[-84.6133,33.6058],[-84.6135,33.6057],[-84.6138,33.6056],[-84.614,33.6056],[-84.6142,33.6055],[-84.6143,33.6054],[-84.6144,33.6053],[-84.6145,33.6051],[-84.6147,33.6048],[-84.6149,33.6047],[-84.615,33.6045],[-84.6153,33.6043],[-84.6156,33.604],[-84.6158,33.6038],[-84.616,33.6036],[-84.6162,33.6033],[-84.6163,33.6031],[-84.6166,33.6029],[-84.6169,33.6027],[-84.6171,33.6026],[-84.6175,33.6024],[-84.6178,33.6023],[-84.6179,33.6023],[-84.618,33.6021],[-84.6182,33.6019],[-84.6183,33.6017],[-84.6185,33.6015],[-84.6186,33.6015],[-84.6186,33.6015],[-84.6193,33.6014],[-84.6195,33.6013],[-84.6204,33.6011],[-84.6216,33.6007],[-84.6222,33.6006],[-84.6223,33.6005],[-84.6226,33.6003],[-84.6229,33.6002],[-84.6232,33.5999],[-84.6235,33.5997],[-84.6236,33.5997],[-84.624,33.5996],[-84.6243,33.5995],[-84.6246,33.5994],[-84.6249,33.5993],[-84.6249,33.5993],[-84.6252,33.5992],[-84.6256,33.5991],[-84.6259,33.5991],[-84.6262,33.5991],[-84.6264,33.5992],[-84.6267,33.5992],[-84.6269,33.5993],[-84.6272,33.5994],[-84.6273,33.5994],[-84.6273,33.5994],[-84.6273,33.5994],[-84.6275,33.5994],[-84.6276,33.5994],[-84.6277,33.5993],[-84.6277,33.5993],[-84.6279,33.5992],[-84.6281,33.5991],[-84.6282,33.599],[-84.6296,33.5979],[-84.6301,33.5975],[-84.631,33.597],[-84.6312,33.5968],[-84.6316,33.5967],[-84.6316,33.5966],[-84.6317,33.5965],[-84.6319,33.5962],[-84.6321,33.5958],[-84.6322,33.5956],[-84.6324,33.5954],[-84.6326,33.5951],[-84.6328,33.5947],[-84.6329,33.5945],[-84.6329,33.5944],[-84.633,33.5943],[-84.6331,33.5941],[-84.6331,33.5939],[-84.6332,33.5938],[-84.6334,33.5936],[-84.6336,33.5935],[-84.6342,33.5928],[-84.6343,33.5926],[-84.6344,33.5925],[-84.6345,33.5923],[-84.6346,33.5915],[-84.6347,33.5909],[-84.6347,33.5909],[-84.6348,33.5908],[-84.6353,33.5917],[-84.6355,33.5919],[-84.6357,33.5921],[-84.636,33.5923],[-84.6376,33.5933],[-84.6377,33.5933],[-84.638,33.5935],[-84.6392,33.5942],[-84.6395,33.5944],[-84.6397,33.5945],[-84.6401,33.5949],[-84.6404,33.5952],[-84.6405,33.5953],[-84.6406,33.5954],[-84.6406,33.5955],[-84.6408,33.5957],[-84.6409,33.5958],[-84.6411,33.5961],[-84.6418,33.5971],[-84.6418,33.5972],[-84.6426,33.5984],[-84.6426,33.5984],[-84.6428,33.5987],[-84.6429,33.5988],[-84.6431,33.599],[-84.6435,33.5994],[-84.6439,33.5998],[-84.6439,33.5998],[-84.6441,33.6],[-84.6443,33.6001],[-84.6445,33.6002],[-84.6445,33.6003],[-84.6447,33.6004],[-84.6451,33.6005],[-84.6461,33.6009],[-84.6467,33.6011],[-84.6473,33.6013],[-84.6481,33.6015],[-84.6489,33.6016],[-84.6494,33.6017],[-84.6498,33.6018],[-84.6509,33.6018],[-84.652,33.6019],[-84.6525,33.602],[-84.6527,33.6015],[-84.6529,33.6003],[-84.6531,33.5997],[-84.6536,33.5979],[-84.6536,33.5978],[-84.6539,33.597],[-84.6539,33.5969],[-84.6539,33.5967],[-84.6539,33.5964],[-84.6539,33.5962]]]}},{"type":"Feature","id":"13121010303","properties":{"GEOID":"13121010303","NAME":"Census Tract 103.03","AREALAND":34428237},"geometry":{"type":"Polygon","coordinates":[[[-84.6326,33.6993],[-84.6326,33.6993],[-84.6326,33.6991],[-84.6324,33.6987],[-84.6323,33.6985],[-84.6323,33.6984],[-84.6323,33.6984],[-84.6322,33.6982],[-84.6301,33.6931],[-84.6298,33.6931],[-84.6284,33.6931],[-84.6249,33.6929],[-84.6242,33.6929],[-84.6216,33.6928],[-84.6204,33.6928],[-84.6202,33.6928],[-84.6187,33.6928],[-84.6174,33.6927],[-84.6171,33.6927],[-84.6169,33.6927],[-84.6165,33.6926],[-84.6162,33.6926],[-84.6157,33.6924],[-84.6148,33.6921],[-84.6137,33.6917],[-84.6131,33.6914],[-84.6129,33.6914],[-84.6125,33.6912],[-84.6098,33.6905],[-84.6094,33.6904],[-84.6068,33.6897],[-84.6008,33.6881],[-84.6002,33.688],[-84.6,33.688],[-84.5997,33.688],[-84.5991,33.688],[-84.5988,33.688],[-84.5985,33.688],[-84.5982,33.6881],[-84.598,33.6882],[-84.5971,33.6885],[-84.597,33.6885],[-84.595,33.6894],[-84.5945,33.6896],[-84.5945,33.6896],[-84.5941,33.6899],[-84.5938,33.6901],[-84.5935,33.6903],[-84.5911,33.6923],[-84.5857,33.6967],[-84.5854,33.6969],[-84.5849,33.6972],[-84.5845,33.6975],[-84.5838,33.6978],[-84.5833,33.6981],[-84.5824,33.6984],[-84.5821,33.6985],[-84.5813,33.6987],[-84.5805,33.6989],[-84.579,33.6991],[-84.577,33.6993],[-84.5769,33.6993],[-84.5768,33.6993],[-84.5763,33.6995],[-84.5758,33.6997],[-84.5755,33.6998],[-84.5743,33.7004],[-84.5733,33.7009],[-84.573,33.7011],[-84.5724,33.7013],[-84.5719,33.7015],[-84.5713,33.7016],[-84.5707,33.7017],[-84.5701,33.7018],[-84.5695,33.7018],[-84.5695,33.6993],[-84.5695,33.6991],[-84.5694,33.6988],[-84.5693,33.6986],[-84.5692,33.6984],[-84.5691,33.6982],[-84.5689,33.6981],[-84.5682,33.6976],[-84.5672,33.6969],[-84.5667,33.6965],[-84.5656,33.6958],[-84.5644,33.6949],[-84.5621,33.6935],[-84.5618,33.6932],[-84.5614,33.6929],[-84.5607,33.6922],[-84.5602,33.6918],[-84.5597,33.6915],[-84.5589,33.6909],[-84.5592,33.6903],[-84.5595,33.6896],[-84.5597,33.6893],[-84.5598,33.6891],[-84.5599,33.6889],[-84.56,33.6888],[-84.5601,33.6887],[-84.5603,33.6885],[-84.563,33.6864],[-84.5637,33.6858],[-84.5643,33.6854],[-84.5657,33.6843],[-84.5657,33.6843],[-84.5658,33.6842],[-84.5661,33.684],[-84.5663,33.684],[-84.5665,33.6839],[-84.5667,33.6839],[-84.5676,33.6839],[-84.5679,33.6839],[-84.5681,33.6838],[-84.5683,33.6838],[-84.5685,33.6837],[-84.5687,33.6836],[-84.569,33.6833],[-84.5692,33.6832],[-84.5693,33.6831],[-84.5694,33.6829],[-84.5695,33.6828],[-84.5697,33.6825],[-84.5704,33.6813],[-84.5721,33.6783],[-84.5702,33.6783],[-84.5691,33.6782],[-84.5667,33.6772],[-84.5623,33.6746],[-84.5605,33.6756],[-84.56,33.6758],[-84.5597,33.6759],[-84.5594,33.6759],[-84.5591,33.6759],[-84.5587,33.6759],[-84.5586,33.6758],[-84.5584,33.6758],[-84.5582,33.6757],[-84.5581,33.6756],[-84.5578,33.6754],[-84.5571,33.6748],[-84.5569,33.6746],[-84.5566,33.6745],[-84.5564,33.6743],[-84.5558,33.6741],[-84.5554,33.6739],[-84.555,33.6737],[-84.5548,33.6736],[-84.5546,33.6736],[-84.5544,33.6736],[-84.5542,33.6735],[-84.554,33.6736],[-84.5538,33.6736],[-84.5536,33.6736],[-84.5534,33.6737],[-84.5523,33.6741],[-84.5522,33.6742],[-84.5517,33.6745],[-84.5515,33.6746],[-84.5513,33.6748],[-84.551,33.6752],[-84.5508,33.6754],[-84.5507,33.6755],[-84.5505,33.6755],[-84.5503,33.6756],[-84.5502,33.6756],[-84.55,33.6756],[-84.5498,33.6756],[-84.5493,33.6755],[-84.5487,33.6754],[-84.548,33.6752],[-84.5478,33.6752],[-84.5476,33.6751],[-84.5471,33.6748],[-84.5469,33.675],[-84.5454,33.6765],[-84.5449,33.677],[-84.5445,33.6773],[-84.5442,33.6776],[-84.5437,33.678],[-84.5431,33.6784],[-84.5428,33.6786],[-84.5424,33.6787],[-84.5421,33.6789],[-84.5415,33.6791],[-84.5408,33.6794],[-84.539,33.6801],[-84.5384,33.6803],[-84.538,33.6806],[-84.5378,33.6807],[-84.5372,33.6823],[-84.5367,33.684],[-84.5365,33.6844],[-84.5363,33.6846],[-84.5362,33.6849],[-84.536,33.6851],[-84.5358,33.6853],[-84.5354,33.6856],[-84.5345,33.6863],[-84.5343,33.6865],[-84.5342,33.6867],[-84.534,33.6869],[-84.5338,33.6873],[-84.5338,33.6875],[-84.5337,33.6878],[-84.5337,33.6879],[-84.5337,33.6881],[-84.5338,33.6884],[-84.534,33.6891],[-84.5343,33.6902],[-84.5345,33.6906],[-84.5345,33.6909],[-84.5345,33.6911],[-84.5345,33.6914],[-84.5344,33.6917],[-84.5343,33.692],[-84.5342,33.6923],[-84.5341,33.6926],[-84.5341,33.6928],[-84.5341,33.6936],[-84.5342,33.6941],[-84.5342,33.6943],[-84.5343,33.6945],[-84.5346,33.6952],[-84.5351,33.696],[-84.5354,33.696],[-84.5358,33.6958],[-84.5363,33.6956],[-84.5366,33.6955],[-84.5379,33.6948],[-84.5382,33.6946],[-84.5387,33.6945],[-84.5389,33.6945],[-84.5392,33.6944],[-84.5394,33.6944],[-84.5397,33.6944],[-84.5399,33.6944],[-84.5402,33.6944],[-84.5405,33.6945],[-84.5407,33.6945],[-84.5409,33.6946],[-84.5412,33.6947],[-84.5414,33.6948],[-84.5416,33.6949],[-84.5418,33.695],[-84.542,33.6952],[-84.5436,33.6964],[-84.544,33.6968],[-84.5442,33.697],[-84.5444,33.6972],[-84.5446,33.6974],[-84.5447,33.6976],[-84.5447,33.6977],[-84.5448,33.6978],[-84.5451,33.6987],[-84.5455,33.6998],[-84.5456,33.7001],[-84.5459,33.7005],[-84.5461,33.7008],[-84.5464,33.7011],[-84.5467,33.7014],[-84.5467,33.7014],[-84.5482,33.7028],[-84.5491,33.7036],[-84.5495,33.704],[-84.55,33.7043],[-84.5523,33.7057],[-84.5532,33.7062],[-84.5547,33.7071],[-84.5564,33.708],[-84.5566,33.7081],[-84.5568,33.7082],[-84.5573,33.7084],[-84.5575,33.7085],[-84.5577,33.7085],[-84.558,33.7085],[-84.5583,33.7085],[-84.5585,33.7085],[-84.5588,33.7085],[-84.5588,33.7086],[-84.5584,33.7091],[-84.5577,33.7098],[-84.5571,33.7104],[-84.5563,33.7114],[-84.5553,33.7124],[-84.5551,33.7127],[-84.5547,33.713],[-84.5543,33.7133],[-84.554,33.7135],[-84.5536,33.7138],[-84.5535,33.7138],[-84.5525,33.7142],[-84.5521,33.7145],[-84.5517,33.7146],[-84.551,33.7149],[-84.5506,33.7151],[-84.5503,33.7152],[-84.5499,33.7152],[-84.549,33.7153],[-84.5484,33.7154],[-84.5469,33.7155],[-84.5465,33.7156],[-84.5462,33.7157],[-84.5459,33.7158],[-84.5456,33.716],[-84.5448,33.7167],[-84.5444,33.717],[-84.5442,33.7171],[-84.544,33.7173],[-84.5419,33.7192],[-84.5406,33.7202],[-84.5402,33.7206],[-84.5398,33.7208],[-84.5397,33.7209],[-84.5396,33.721],[-84.5395,33.7212],[-84.5394,33.7214],[-84.5394,33.7215],[-84.5393,33.7219],[-84.5393,33.7222],[-84.5392,33.7228],[-84.5389,33.7241],[-84.5388,33.7248],[-84.5388,33.7251],[-84.5387,33.7254],[-84.5388,33.7257],[-84.5388,33.7261],[-84.5389,33.7264],[-84.539,33.7267],[-84.5391,33.727],[-84.5392,33.7272],[-84.5392,33.7272],[-84.5396,33.7279],[-84.5398,33.7283],[-84.5398,33.7283],[-84.5399,33.7284],[-84.5401,33.729],[-84.5402,33.7292],[-84.5404,33.7297],[-84.5408,33.7315],[-84.5411,33.7325],[-84.5411,33.7327],[-84.5411,33.733],[-84.5411,33.733],[-84.5411,33.7332],[-84.5411,33.7335],[-84.5427,33.7334],[-84.5433,33.7334],[-84.5436,33.7335],[-84.5438,33.7335],[-84.5457,33.7338],[-84.5461,33.7338],[-84.5464,33.7338],[-84.5467,33.7338],[-84.5469,33.7338],[-84.5474,33.7337],[-84.5474,33.7364],[-84.5479,33.7367],[-84.5494,33.7377],[-84.5516,33.7384],[-84.5517,33.7385],[-84.552,33.7385],[-84.5525,33.7385],[-84.5526,33.7387],[-84.5527,33.7388],[-84.5528,33.739],[-84.5529,33.7392],[-84.553,33.7393],[-84.5531,33.7395],[-84.5531,33.7397],[-84.553,33.7402],[-84.553,33.7405],[-84.553,33.7406],[-84.5531,33.7406],[-84.5533,33.7406],[-84.5535,33.7406],[-84.5538,33.7405],[-84.5546,33.7404],[-84.5565,33.741],[-84.5567,33.7413],[-84.5568,33.7414],[-84.5568,33.7414],[-84.5568,33.7417],[-84.5567,33.7419],[-84.5566,33.742],[-84.5565,33.742],[-84.5565,33.7422],[-84.5568,33.7424],[-84.5573,33.7425],[-84.5579,33.7425],[-84.5588,33.7438],[-84.5589,33.744],[-84.5592,33.7439],[-84.5624,33.7432],[-84.5626,33.7432],[-84.5629,33.7432],[-84.5656,33.7428],[-84.5662,33.7429],[-84.5677,33.7432],[-84.5684,33.7434],[-84.572,33.7448],[-84.5731,33.7454],[-84.5734,33.7455],[-84.5754,33.7443],[-84.5769,33.744],[-84.5781,33.7435],[-84.5791,33.7426],[-84.5794,33.7422],[-84.5804,33.7406],[-84.5805,33.7404],[-84.5805,33.7404],[-84.5805,33.7404],[-84.5805,33.7403],[-84.5805,33.7403],[-84.5805,33.7403],[-84.5805,33.7403],[-84.5806,33.7397],[-84.5819,33.7385],[-84.5826,33.7374],[-84.5827,33.7372],[-84.5834,33.7358],[-84.5854,33.7305],[-84.586,33.73],[-84.586,33.73],[-84.5868,33.7291],[-84.5892,33.7288],[-84.5898,33.7289],[-84.5902,33.729],[-84.5907,33.7291],[-84.5927,33.7294],[-84.5943,33.729],[-84.5983,33.7266],[-84.6008,33.725],[-84.6017,33.7244],[-84.6025,33.7197],[-84.6046,33.7179],[-84.6049,33.7174],[-84.6052,33.7171],[-84.6053,33.7169],[-84.606,33.7159],[-84.608,33.7129],[-84.6157,33.7096],[-84.6212,33.7045],[-84.6243,33.7033],[-84.6249,33.7031],[-84.6253,33.703],[-84.6256,33.7029],[-84.6265,33.7025],[-84.627,33.7024],[-84.6274,33.7022],[-84.6321,33.7003],[-84.6326,33.6993]]]}},{"type":"Feature","id":"13121010304","properties":{"GEOID":"13121010304","NAME":"Census Tract 103.04","AREALAND":39464539},"geometry":{"type":"Polygon","coordinates":[[[-84.6003,33.687],[-84.6003,33.6868],[-84.6001,33.6858],[-84.6,33.6852],[-84.5997,33.6845],[-84.5995,33.6839],[-84.5993,33.6835],[-84.5988,33.6824],[-84.598,33.6807],[-84.5979,33.6807],[-84.5976,33.68],[-84.5975,33.6796],[-84.5974,33.6793],[-84.5973,33.679],[-84.5972,33.6786],[-84.5968,33.6758],[-84.5965,33.6737],[-84.5961,33.6712],[-84.5961,33.6708],[-84.596,33.6703],[-84.5961,33.6681],[-84.5961,33.6679],[-84.596,33.6677],[-84.5959,33.6673],[-84.5957,33.667],[-84.5951,33.6662],[-84.5949,33.6659],[-84.5947,33.6656],[-84.5945,33.6653],[-84.5943,33.6649],[-84.594,33.6645],[-84.5937,33.6642],[-84.5928,33.6635],[-84.5926,33.6633],[-84.5924,33.6631],[-84.5923,33.6629],[-84.5923,33.6627],[-84.5923,33.6626],[-84.5923,33.6624],[-84.5927,33.6618],[-84.5928,33.6614],[-84.5928,33.6613],[-84.5929,33.661],[-84.5928,33.6607],[-84.5925,33.6601],[-84.5924,33.6599],[-84.5924,33.6598],[-84.5924,33.6595],[-84.5925,33.6589],[-84.5928,33.6578],[-84.5934,33.6555],[-84.5946,33.6514],[-84.5947,33.6507],[-84.5947,33.6505],[-84.5947,33.6502],[-84.5947,33.6499],[-84.5945,33.6496],[-84.5931,33.6472],[-84.5929,33.6469],[-84.5928,33.6468],[-84.5926,33.6466],[-84.5924,33.6464],[-84.5922,33.6463],[-84.5919,33.6462],[-84.5916,33.6461],[-84.5907,33.6459],[-84.5905,33.6459],[-84.5904,33.6458],[-84.5902,33.6457],[-84.5901,33.6456],[-84.59,33.6455],[-84.5899,33.6453],[-84.5898,33.6452],[-84.5891,33.6433],[-84.589,33.643],[-84.5889,33.6428],[-84.5887,33.6425],[-84.5885,33.6422],[-84.5878,33.6413],[-84.5873,33.6406],[-84.5871,33.6404],[-84.5869,33.6403],[-84.5868,33.6402],[-84.5873,33.64],[-84.5874,33.6389],[-84.5875,33.6364],[-84.5877,33.6345],[-84.5877,33.6344],[-84.5878,33.6334],[-84.5878,33.6331],[-84.5877,33.6326],[-84.5874,33.631],[-84.5872,33.6302],[-84.5871,33.63],[-84.5871,33.63],[-84.5871,33.6299],[-84.5871,33.6298],[-84.5867,33.6281],[-84.5866,33.6278],[-84.5866,33.6276],[-84.5865,33.6275],[-84.5864,33.6274],[-84.5861,33.6268],[-84.5858,33.6265],[-84.585,33.6253],[-84.5849,33.6252],[-84.5849,33.6251],[-84.5848,33.625],[-84.5845,33.6246],[-84.5844,33.6243],[-84.5843,33.6237],[-84.5844,33.6234],[-84.5844,33.6231],[-84.5844,33.6219],[-84.5844,33.6211],[-84.5844,33.6203],[-84.5844,33.6202],[-84.5844,33.6201],[-84.5843,33.62],[-84.5842,33.6199],[-84.584,33.6197],[-84.5838,33.6195],[-84.5837,33.6195],[-84.583,33.619],[-84.5827,33.6188],[-84.5826,33.6188],[-84.5822,33.6185],[-84.5816,33.6181],[-84.5812,33.6179],[-84.581,33.6178],[-84.5808,33.6177],[-84.5806,33.6175],[-84.5804,33.6173],[-84.5802,33.617],[-84.58,33.6165],[-84.5798,33.6162],[-84.5797,33.6161],[-84.5795,33.6159],[-84.5792,33.6157],[-84.5787,33.6155],[-84.5785,33.6153],[-84.5784,33.6152],[-84.5781,33.6149],[-84.5781,33.6148],[-84.5779,33.6146],[-84.5779,33.6143],[-84.5778,33.6141],[-84.5777,33.6129],[-84.5776,33.6117],[-84.5766,33.6122],[-84.5763,33.6122],[-84.576,33.6123],[-84.5758,33.6123],[-84.5757,33.6123],[-84.5753,33.6122],[-84.575,33.6121],[-84.5745,33.6119],[-84.574,33.6116],[-84.5738,33.6115],[-84.5737,33.6114],[-84.5735,33.6113],[-84.5734,33.6112],[-84.5733,33.611],[-84.5732,33.6109],[-84.5732,33.6109],[-84.5731,33.611],[-84.5731,33.6112],[-84.573,33.6113],[-84.5729,33.6114],[-84.5727,33.6116],[-84.5726,33.6118],[-84.5725,33.612],[-84.5725,33.6125],[-84.5725,33.6128],[-84.5726,33.613],[-84.5728,33.6132],[-84.5731,33.6135],[-84.5732,33.6136],[-84.5732,33.6137],[-84.5732,33.6139],[-84.5733,33.6142],[-84.5733,33.6143],[-84.5734,33.6145],[-84.5734,33.6147],[-84.5734,33.6153],[-84.5734,33.6154],[-84.5734,33.6155],[-84.5733,33.6157],[-84.573,33.616],[-84.5729,33.6161],[-84.5727,33.6163],[-84.5726,33.6164],[-84.5725,33.6165],[-84.5722,33.6166],[-84.5722,33.6166],[-84.5721,33.6167],[-84.5721,33.6168],[-84.572,33.6168],[-84.5717,33.6171],[-84.5715,33.6172],[-84.5711,33.6173],[-84.5707,33.6175],[-84.5701,33.6178],[-84.5699,33.6179],[-84.5698,33.618],[-84.5696,33.6181],[-84.5695,33.6182],[-84.5693,33.6185],[-84.5693,33.6185],[-84.5693,33.6185],[-84.5692,33.6187],[-84.569,33.6189],[-84.5688,33.6193],[-84.5687,33.6195],[-84.5686,33.6203],[-84.5684,33.6207],[-84.5684,33.6209],[-84.5682,33.6215],[-84.568,33.6222],[-84.5678,33.6228],[-84.5677,33.6231],[-84.5677,33.6233],[-84.5676,33.6235],[-84.5674,33.6236],[-84.5673,33.6237],[-84.5672,33.6238],[-84.567,33.6238],[-84.5665,33.624],[-84.5663,33.6241],[-84.5662,33.6241],[-84.5649,33.6245],[-84.5648,33.6246],[-84.5646,33.6246],[-84.5637,33.6247],[-84.5637,33.6247],[-84.5624,33.6247],[-84.562,33.6244],[-84.5618,33.6242],[-84.5615,33.624],[-84.5613,33.6237],[-84.5611,33.6234],[-84.5609,33.6232],[-84.5607,33.6229],[-84.5603,33.6224],[-84.5603,33.6223],[-84.5602,33.6222],[-84.5602,33.6222],[-84.5602,33.6221],[-84.5601,33.6218],[-84.56,33.6216],[-84.56,33.6204],[-84.56,33.6199],[-84.5599,33.6196],[-84.5598,33.6189],[-84.5597,33.6187],[-84.5589,33.6186],[-84.5584,33.6186],[-84.5581,33.6186],[-84.5579,33.6187],[-84.5575,33.619],[-84.5572,33.6192],[-84.5568,33.6195],[-84.5558,33.6201],[-84.5556,33.6204],[-84.5554,33.6206],[-84.5552,33.621],[-84.5547,33.6219],[-84.5547,33.622],[-84.5546,33.6223],[-84.5546,33.6223],[-84.5541,33.6233],[-84.5538,33.6239],[-84.5536,33.6241],[-84.5532,33.6244],[-84.5529,33.6246],[-84.5526,33.6247],[-84.5521,33.6247],[-84.5515,33.6247],[-84.551,33.6246],[-84.5508,33.6247],[-84.5507,33.6247],[-84.5502,33.6247],[-84.55,33.6248],[-84.5497,33.6248],[-84.5492,33.625],[-84.5489,33.6251],[-84.5488,33.6252],[-84.5485,33.6254],[-84.5483,33.6255],[-84.548,33.6257],[-84.5479,33.6258],[-84.5477,33.6258],[-84.5476,33.6259],[-84.5474,33.626],[-84.5468,33.6263],[-84.5463,33.6265],[-84.546,33.6268],[-84.5455,33.627],[-84.5454,33.627],[-84.5452,33.627],[-84.5437,33.6272],[-84.5431,33.6273],[-84.5427,33.6274],[-84.5426,33.6274],[-84.5425,33.6274],[-84.5422,33.6276],[-84.5419,33.6277],[-84.5419,33.6277],[-84.5415,33.6279],[-84.541,33.6282],[-84.5407,33.6283],[-84.5402,33.6286],[-84.5398,33.6287],[-84.5396,33.6288],[-84.5391,33.6291],[-84.5369,33.6299],[-84.5365,33.63],[-84.5354,33.6302],[-84.5352,33.6303],[-84.535,33.6303],[-84.5349,33.6304],[-84.5346,33.6305],[-84.5343,33.6307],[-84.5342,33.6308],[-84.534,33.631],[-84.5339,33.6311],[-84.5332,33.632],[-84.5327,33.6326],[-84.5326,33.6327],[-84.5324,33.6332],[-84.5322,33.6336],[-84.5319,33.6339],[-84.5317,33.6342],[-84.5314,33.6344],[-84.5308,33.6348],[-84.529,33.6356],[-84.5272,33.6365],[-84.527,33.6366],[-84.5268,33.6367],[-84.5266,33.6369],[-84.5264,33.6371],[-84.5261,33.6376],[-84.526,33.6377],[-84.5257,33.638],[-84.5243,33.64],[-84.5231,33.6417],[-84.5229,33.642],[-84.5228,33.6423],[-84.5226,33.6427],[-84.5226,33.6427],[-84.5225,33.6429],[-84.5221,33.6438],[-84.522,33.644],[-84.5212,33.6458],[-84.5208,33.6467],[-84.5207,33.6471],[-84.5207,33.6476],[-84.5207,33.6477],[-84.5207,33.6479],[-84.5208,33.6483],[-84.5209,33.6485],[-84.5209,33.6486],[-84.5209,33.6487],[-84.5209,33.6488],[-84.5209,33.6489],[-84.5208,33.649],[-84.5207,33.6491],[-84.5207,33.6491],[-84.5205,33.6492],[-84.521,33.6518],[-84.5212,33.6523],[-84.5212,33.6527],[-84.5214,33.6544],[-84.5215,33.6549],[-84.5216,33.6556],[-84.5218,33.6556],[-84.5218,33.6557],[-84.5218,33.6558],[-84.5218,33.6561],[-84.5219,33.6563],[-84.5219,33.6567],[-84.522,33.6567],[-84.5233,33.6567],[-84.5259,33.6567],[-84.5259,33.6569],[-84.5259,33.6585],[-84.5259,33.6589],[-84.5259,33.6589],[-84.5261,33.659],[-84.5266,33.659],[-84.5271,33.6591],[-84.5272,33.6591],[-84.5282,33.6591],[-84.5285,33.6591],[-84.5286,33.6592],[-84.5287,33.6592],[-84.5287,33.6592],[-84.5293,33.6592],[-84.5297,33.6592],[-84.53,33.6591],[-84.5302,33.6591],[-84.5323,33.6591],[-84.5335,33.6592],[-84.5341,33.6592],[-84.5345,33.6594],[-84.5351,33.6596],[-84.5357,33.6598],[-84.5361,33.6601],[-84.5384,33.662],[-84.539,33.6625],[-84.5404,33.6636],[-84.5411,33.6642],[-84.5432,33.6659],[-84.5451,33.6674],[-84.5469,33.6689],[-84.5476,33.6695],[-84.5473,33.6698],[-84.5471,33.6701],[-84.547,33.6704],[-84.5469,33.6706],[-84.5469,33.6708],[-84.5469,33.671],[-84.5469,33.6712],[-84.547,33.6715],[-84.5471,33.6717],[-84.5475,33.6727],[-84.5476,33.673],[-84.5476,33.6733],[-84.5476,33.6737],[-84.5476,33.6739],[-84.5475,33.674],[-84.5474,33.6742],[-84.5473,33.6744],[-84.5472,33.6746],[-84.5471,33.6748],[-84.5476,33.6751],[-84.5478,33.6752],[-84.548,33.6752],[-84.5487,33.6754],[-84.5493,33.6755],[-84.5498,33.6756],[-84.55,33.6756],[-84.5502,33.6756],[-84.5503,33.6756],[-84.5505,33.6755],[-84.5507,33.6755],[-84.5508,33.6754],[-84.551,33.6752],[-84.5513,33.6748],[-84.5515,33.6746],[-84.5517,33.6745],[-84.5522,33.6742],[-84.5523,33.6741],[-84.5534,33.6737],[-84.5536,33.6736],[-84.5538,33.6736],[-84.554,33.6736],[-84.5542,33.6735],[-84.5544,33.6736],[-84.5546,33.6736],[-84.5548,33.6736],[-84.555,33.6737],[-84.5554,33.6739],[-84.5558,33.6741],[-84.5564,33.6743],[-84.5566,33.6745],[-84.5569,33.6746],[-84.5571,33.6748],[-84.5578,33.6754],[-84.5581,33.6756],[-84.5582,33.6757],[-84.5584,33.6758],[-84.5586,33.6758],[-84.5587,33.6759],[-84.5591,33.6759],[-84.5594,33.6759],[-84.5597,33.6759],[-84.56,33.6758],[-84.5605,33.6756],[-84.5623,33.6746],[-84.5667,33.6772],[-84.5691,33.6782],[-84.5702,33.6783],[-84.5721,33.6783],[-84.5704,33.6813],[-84.5697,33.6825],[-84.5695,33.6828],[-84.5694,33.6829],[-84.5693,33.6831],[-84.5692,33.6832],[-84.569,33.6833],[-84.5687,33.6836],[-84.5685,33.6837],[-84.5683,33.6838],[-84.5681,33.6838],[-84.5679,33.6839],[-84.5676,33.6839],[-84.5667,33.6839],[-84.5665,33.6839],[-84.5663,33.684],[-84.5661,33.684],[-84.5658,33.6842],[-84.5657,33.6843],[-84.5657,33.6843],[-84.5643,33.6854],[-84.5637,33.6858],[-84.563,33.6864],[-84.5603,33.6885],[-84.5601,33.6887],[-84.56,33.6888],[-84.5599,33.6889],[-84.5598,33.6891],[-84.5597,33.6893],[-84.5595,33.6896],[-84.5592,33.6903],[-84.5589,33.6909],[-84.5597,33.6915],[-84.5602,33.6918],[-84.5607,33.6922],[-84.5614,33.6929],[-84.5618,33.6932],[-84.5621,33.6935],[-84.5644,33.6949],[-84.5656,33.6958],[-84.5667,33.6965],[-84.5672,33.6969],[-84.5682,33.6976],[-84.5689,33.6981],[-84.5691,33.6982],[-84.5692,33.6984],[-84.5693,33.6986],[-84.5694,33.6988],[-84.5695,33.6991],[-84.5695,33.6993],[-84.5695,33.7018],[-84.5701,33.7018],[-84.5707,33.7017],[-84.5713,33.7016],[-84.5719,33.7015],[-84.5724,33.7013],[-84.573,33.7011],[-84.5733,33.7009],[-84.5743,33.7004],[-84.5755,33.6998],[-84.5758,33.6997],[-84.5763,33.6995],[-84.5768,33.6993],[-84.5769,33.6993],[-84.577,33.6993],[-84.579,33.6991],[-84.5805,33.6989],[-84.5813,33.6987],[-84.5821,33.6985],[-84.5824,33.6984],[-84.5833,33.6981],[-84.5838,33.6978],[-84.5845,33.6975],[-84.5849,33.6972],[-84.5854,33.6969],[-84.5857,33.6967],[-84.5911,33.6923],[-84.5935,33.6903],[-84.5938,33.6901],[-84.5941,33.6899],[-84.5945,33.6896],[-84.5945,33.6896],[-84.595,33.6894],[-84.597,33.6885],[-84.5971,33.6885],[-84.598,33.6882],[-84.5982,33.6881],[-84.5985,33.688],[-84.5988,33.688],[-84.5991,33.688],[-84.5997,33.688],[-84.5997,33.6878],[-84.5998,33.6877],[-84.5998,33.6877],[-84.6001,33.6875],[-84.6002,33.6873],[-84.6002,33.6871],[-84.6003,33.687]]]}},{"type":"Feature","id":"13121010513","properties":{"GEOID":"13121010513","NAME":"Census Tract 105.13","AREALAND":28928598},"geometry":{"type":"Polygon","coordinates":[[[-84.5976,33.5934],[-84.5976,33.5934],[-84.5976,33.593],[-84.5975,33.5928],[-84.5975,33.5926],[-84.5975,33.5925],[-84.5974,33.5921],[-84.5973,33.592],[-84.5971,33.5913],[-84.597,33.5908],[-84.5969,33.5907],[-84.5969,33.5905],[-84.5971,33.5904],[-84.5972,33.5902],[-84.597,33.5901],[-84.5968,33.5899],[-84.5966,33.5897],[-84.5962,33.5894],[-84.5961,33.5893],[-84.5958,33.5891],[-84.5958,33.589],[-84.5958,33.589],[-84.5955,33.5887],[-84.5955,33.5887],[-84.595,33.5883],[-84.595,33.5882],[-84.5949,33.5882],[-84.5947,33.5879],[-84.5943,33.5877],[-84.594,33.5875],[-84.594,33.5874],[-84.5933,33.5869],[-84.593,33.5866],[-84.5917,33.5856],[-84.5915,33.5854],[-84.5909,33.5849],[-84.5903,33.5845],[-84.5899,33.5843],[-84.5898,33.5842],[-84.5894,33.5841],[-84.5886,33.5838],[-84.5886,33.5837],[-84.5886,33.5835],[-84.5885,33.5832],[-84.5881,33.5827],[-84.5877,33.5823],[-84.5873,33.5819],[-84.5869,33.5814],[-84.5864,33.5808],[-84.5855,33.5795],[-84.5849,33.5787],[-84.5846,33.5783],[-84.5826,33.5773],[-84.5822,33.5771],[-84.581,33.5766],[-84.5793,33.5759],[-84.5786,33.5756],[-84.5776,33.5752],[-84.5774,33.5751],[-84.5773,33.575],[-84.5771,33.5749],[-84.577,33.5747],[-84.5764,33.574],[-84.5763,33.5739],[-84.5763,33.5738],[-84.5762,33.5736],[-84.5762,33.5735],[-84.5762,33.5732],[-84.5762,33.5727],[-84.5762,33.5726],[-84.5761,33.5725],[-84.5761,33.5723],[-84.5757,33.5715],[-84.5756,33.5712],[-84.5751,33.57],[-84.5739,33.5706],[-84.5738,33.5704],[-84.5738,33.5703],[-84.5745,33.5699],[-84.5757,33.5694],[-84.578,33.5683],[-84.5785,33.568],[-84.5798,33.5672],[-84.58,33.567],[-84.5804,33.5668],[-84.5809,33.5663],[-84.5799,33.5654],[-84.579,33.5661],[-84.578,33.5652],[-84.5769,33.5643],[-84.5778,33.5636],[-84.5773,33.5631],[-84.5771,33.5628],[-84.5769,33.5626],[-84.575,33.5642],[-84.5748,33.5643],[-84.5737,33.5652],[-84.573,33.5658],[-84.5717,33.5651],[-84.5715,33.565],[-84.5714,33.5649],[-84.5712,33.5647],[-84.5711,33.5646],[-84.5708,33.5643],[-84.5706,33.5641],[-84.5703,33.5639],[-84.5701,33.5637],[-84.5698,33.5635],[-84.5697,33.5633],[-84.5677,33.5619],[-84.5673,33.5616],[-84.5664,33.5609],[-84.5658,33.5605],[-84.5656,33.5603],[-84.5652,33.56],[-84.5648,33.5597],[-84.5645,33.5595],[-84.564,33.5592],[-84.563,33.5587],[-84.5627,33.5586],[-84.5622,33.5583],[-84.5615,33.5579],[-84.5611,33.5578],[-84.5609,33.5577],[-84.5608,33.5576],[-84.5603,33.5574],[-84.5601,33.5574],[-84.5598,33.5573],[-84.5593,33.5572],[-84.5589,33.5571],[-84.5584,33.557],[-84.5564,33.5568],[-84.555,33.5566],[-84.5549,33.5566],[-84.5548,33.5566],[-84.5543,33.5565],[-84.5541,33.5564],[-84.5539,33.5563],[-84.5538,33.5564],[-84.5518,33.5572],[-84.5516,33.5573],[-84.5515,33.5574],[-84.5498,33.5581],[-84.5498,33.5581],[-84.5498,33.5581],[-84.5497,33.5582],[-84.5495,33.5582],[-84.5492,33.5584],[-84.5469,33.5594],[-84.5469,33.5594],[-84.5458,33.5599],[-84.5446,33.5604],[-84.5438,33.5607],[-84.5428,33.5611],[-84.5426,33.5612],[-84.5423,33.5614],[-84.5401,33.5623],[-84.5393,33.5627],[-84.5384,33.5633],[-84.538,33.5635],[-84.5368,33.5644],[-84.5367,33.5644],[-84.5367,33.5644],[-84.5366,33.5644],[-84.5366,33.5645],[-84.536,33.565],[-84.5359,33.5651],[-84.5358,33.5651],[-84.5353,33.5656],[-84.5347,33.5662],[-84.5341,33.5668],[-84.5339,33.567],[-84.5344,33.5671],[-84.5349,33.5673],[-84.5351,33.5673],[-84.5352,33.5674],[-84.5362,33.5677],[-84.5366,33.5678],[-84.5369,33.5679],[-84.5378,33.5682],[-84.5381,33.5682],[-84.5391,33.5685],[-84.5394,33.5686],[-84.544,33.5702],[-84.5443,33.5703],[-84.5447,33.5704],[-84.5448,33.5705],[-84.5449,33.5706],[-84.5459,33.5709],[-84.5464,33.571],[-84.5467,33.5711],[-84.5468,33.5712],[-84.5473,33.5714],[-84.5484,33.5718],[-84.5495,33.5723],[-84.5497,33.5724],[-84.5499,33.5725],[-84.55,33.5726],[-84.5505,33.573],[-84.5506,33.5731],[-84.5506,33.5731],[-84.5507,33.5731],[-84.5508,33.5731],[-84.5508,33.5732],[-84.5514,33.5757],[-84.5514,33.5757],[-84.5514,33.576],[-84.5514,33.5769],[-84.5514,33.5769],[-84.5514,33.5773],[-84.5514,33.5773],[-84.5514,33.5782],[-84.5514,33.5783],[-84.5514,33.5784],[-84.5514,33.5787],[-84.5512,33.5797],[-84.5508,33.5814],[-84.5509,33.5816],[-84.551,33.5816],[-84.5512,33.5817],[-84.5511,33.5819],[-84.5509,33.582],[-84.5508,33.5821],[-84.5507,33.5823],[-84.5506,33.5824],[-84.5502,33.5828],[-84.5501,33.5831],[-84.5498,33.5835],[-84.5498,33.5835],[-84.5497,33.5837],[-84.5495,33.584],[-84.5494,33.5842],[-84.5493,33.5845],[-84.5492,33.5848],[-84.5491,33.585],[-84.549,33.5852],[-84.5489,33.5856],[-84.5488,33.5861],[-84.5488,33.5864],[-84.5488,33.5867],[-84.5488,33.5871],[-84.5488,33.5875],[-84.5488,33.5877],[-84.5488,33.5887],[-84.5488,33.589],[-84.5488,33.5894],[-84.5488,33.59],[-84.5488,33.5907],[-84.5488,33.591],[-84.5488,33.5911],[-84.5488,33.5914],[-84.5489,33.5917],[-84.549,33.5922],[-84.5492,33.5929],[-84.5493,33.5935],[-84.5495,33.5942],[-84.5496,33.5944],[-84.5496,33.5946],[-84.5497,33.5948],[-84.5497,33.595],[-84.5497,33.5953],[-84.5497,33.5956],[-84.5497,33.5957],[-84.5496,33.5957],[-84.5496,33.5959],[-84.5496,33.5959],[-84.5495,33.5961],[-84.5495,33.5961],[-84.5494,33.5964],[-84.5492,33.5966],[-84.549,33.5969],[-84.5487,33.5971],[-84.5486,33.5973],[-84.5483,33.5976],[-84.5471,33.5987],[-84.5469,33.599],[-84.5466,33.5992],[-84.5464,33.5994],[-84.5462,33.5995],[-84.5459,33.5997],[-84.5457,33.5999],[-84.5456,33.6],[-84.5452,33.6002],[-84.5449,33.6004],[-84.5444,33.6006],[-84.5441,33.6007],[-84.5437,33.6009],[-84.5434,33.6011],[-84.5433,33.6011],[-84.5421,33.6017],[-84.541,33.6022],[-84.5403,33.6026],[-84.5401,33.6027],[-84.5399,33.6028],[-84.5393,33.6031],[-84.5388,33.6033],[-84.5378,33.6038],[-84.5375,33.604],[-84.5368,33.6043],[-84.5361,33.6046],[-84.5357,33.6048],[-84.5356,33.6049],[-84.5353,33.605],[-84.5353,33.6051],[-84.5352,33.6051],[-84.5349,33.6053],[-84.5347,33.6054],[-84.5346,33.6054],[-84.5345,33.6055],[-84.5335,33.6059],[-84.5331,33.6061],[-84.5324,33.6065],[-84.5315,33.6069],[-84.5314,33.607],[-84.5302,33.6076],[-84.5292,33.608],[-84.5291,33.6081],[-84.5283,33.6085],[-84.5282,33.6086],[-84.5276,33.6089],[-84.5274,33.609],[-84.5267,33.6093],[-84.5265,33.6094],[-84.5264,33.6095],[-84.5261,33.6096],[-84.5259,33.6097],[-84.5259,33.6097],[-84.525,33.6102],[-84.5248,33.6103],[-84.5244,33.6105],[-84.5237,33.6108],[-84.5237,33.6109],[-84.5237,33.611],[-84.5241,33.6114],[-84.5242,33.6115],[-84.5242,33.6116],[-84.5243,33.6118],[-84.5251,33.6132],[-84.5252,33.6135],[-84.5253,33.6136],[-84.5253,33.6138],[-84.5254,33.6141],[-84.5254,33.6143],[-84.5254,33.6148],[-84.5254,33.6148],[-84.5253,33.6152],[-84.5251,33.616],[-84.5251,33.6161],[-84.5251,33.6163],[-84.525,33.6168],[-84.525,33.617],[-84.525,33.6177],[-84.5251,33.6178],[-84.5252,33.6184],[-84.5252,33.6186],[-84.5254,33.6199],[-84.5256,33.6205],[-84.5257,33.621],[-84.5257,33.6211],[-84.5259,33.6221],[-84.526,33.6227],[-84.5261,33.6232],[-84.5261,33.6236],[-84.5261,33.6237],[-84.5261,33.6238],[-84.5262,33.6243],[-84.5263,33.6248],[-84.5263,33.625],[-84.5264,33.6253],[-84.5264,33.6256],[-84.5264,33.6257],[-84.5265,33.6259],[-84.5265,33.6262],[-84.5266,33.6265],[-84.5267,33.6267],[-84.5268,33.627],[-84.5271,33.6276],[-84.5274,33.628],[-84.5275,33.6282],[-84.5286,33.63],[-84.5288,33.6302],[-84.529,33.6305],[-84.5292,33.6307],[-84.5296,33.631],[-84.5296,33.631],[-84.5297,33.6311],[-84.5299,33.6313],[-84.5309,33.6321],[-84.5312,33.6324],[-84.5316,33.6327],[-84.5324,33.6332],[-84.5326,33.6327],[-84.5327,33.6326],[-84.5332,33.632],[-84.5339,33.6311],[-84.534,33.631],[-84.5342,33.6308],[-84.5343,33.6307],[-84.5346,33.6305],[-84.5349,33.6304],[-84.535,33.6303],[-84.5352,33.6303],[-84.5354,33.6302],[-84.5365,33.63],[-84.5369,33.6299],[-84.5391,33.6291],[-84.5396,33.6288],[-84.5398,33.6287],[-84.5402,33.6286],[-84.5407,33.6283],[-84.541,33.6282],[-84.5415,33.6279],[-84.5419,33.6277],[-84.5419,33.6277],[-84.5422,33.6276],[-84.5425,33.6274],[-84.5426,33.6274],[-84.5427,33.6274],[-84.5431,33.6273],[-84.5437,33.6272],[-84.5452,33.627],[-84.5454,33.627],[-84.5455,33.627],[-84.546,33.6268],[-84.5463,33.6265],[-84.5468,33.6263],[-84.5474,33.626],[-84.5476,33.6259],[-84.5477,33.6258],[-84.5479,33.6258],[-84.548,33.6257],[-84.5483,33.6255],[-84.5485,33.6254],[-84.5488,33.6252],[-84.5489,33.6251],[-84.5492,33.625],[-84.5497,33.6248],[-84.55,33.6248],[-84.5502,33.6247],[-84.5507,33.6247],[-84.5508,33.6247],[-84.551,33.6246],[-84.5515,33.6247],[-84.5521,33.6247],[-84.5526,33.6247],[-84.5529,33.6246],[-84.5532,33.6244],[-84.5536,33.6241],[-84.5538,33.6239],[-84.5541,33.6233],[-84.5546,33.6223],[-84.5546,33.6223],[-84.5547,33.622],[-84.5547,33.6219],[-84.5552,33.621],[-84.5554,33.6206],[-84.5556,33.6204],[-84.5558,33.6201],[-84.5568,33.6195],[-84.5572,33.6192],[-84.5575,33.619],[-84.5579,33.6187],[-84.5581,33.6186],[-84.5584,33.6186],[-84.5589,33.6186],[-84.5597,33.6187],[-84.5598,33.6189],[-84.5599,33.6196],[-84.56,33.6199],[-84.56,33.6204],[-84.56,33.6216],[-84.5601,33.6218],[-84.5602,33.6221],[-84.5602,33.6222],[-84.5602,33.6222],[-84.5603,33.6223],[-84.5603,33.6224],[-84.5607,33.6229],[-84.5609,33.6232],[-84.5611,33.6234],[-84.5613,33.6237],[-84.5615,33.624],[-84.5618,33.6242],[-84.562,33.6244],[-84.5624,33.6247],[-84.5637,33.6247],[-84.5637,33.6247],[-84.5646,33.6246],[-84.5648,33.6246],[-84.5649,33.6245],[-84.5662,33.6241],[-84.5663,33.6241],[-84.5665,33.624],[-84.567,33.6238],[-84.5672,33.6238],[-84.5673,33.6237],[-84.5674,33.6236],[-84.5676,33.6235],[-84.5677,33.6233],[-84.5677,33.6231],[-84.5678,33.6228],[-84.568,33.6222],[-84.5682,33.6215],[-84.5684,33.6209],[-84.5684,33.6207],[-84.5686,33.6203],[-84.5687,33.6195],[-84.5688,33.6193],[-84.569,33.6189],[-84.5692,33.6187],[-84.5693,33.6185],[-84.5693,33.6185],[-84.5693,33.6185],[-84.5695,33.6182],[-84.5696,33.6181],[-84.5698,33.618],[-84.5699,33.6179],[-84.5701,33.6178],[-84.5707,33.6175],[-84.5711,33.6173],[-84.5715,33.6172],[-84.5717,33.6171],[-84.572,33.6168],[-84.5721,33.6168],[-84.5721,33.6167],[-84.5722,33.6166],[-84.5722,33.6166],[-84.5725,33.6165],[-84.5726,33.6164],[-84.5727,33.6163],[-84.5729,33.6161],[-84.573,33.616],[-84.5733,33.6157],[-84.5734,33.6155],[-84.5734,33.6154],[-84.5734,33.6153],[-84.5734,33.6147],[-84.5734,33.6145],[-84.5733,33.6143],[-84.5733,33.6142],[-84.5732,33.6139],[-84.5732,33.6137],[-84.5732,33.6136],[-84.5731,33.6135],[-84.5728,33.6132],[-84.5726,33.613],[-84.5725,33.6128],[-84.5725,33.6125],[-84.5725,33.612],[-84.5726,33.6118],[-84.5727,33.6116],[-84.5729,33.6114],[-84.573,33.6113],[-84.5731,33.6112],[-84.5731,33.611],[-84.5732,33.6109],[-84.5732,33.6109],[-84.5733,33.611],[-84.5734,33.6112],[-84.5735,33.6113],[-84.5737,33.6114],[-84.5738,33.6115],[-84.574,33.6116],[-84.5745,33.6119],[-84.575,33.6121],[-84.5753,33.6122],[-84.5757,33.6123],[-84.5758,33.6123],[-84.576,33.6123],[-84.5763,33.6122],[-84.5766,33.6122],[-84.5776,33.6117],[-84.5779,33.6117],[-84.5782,33.6116],[-84.5791,33.6114],[-84.5795,33.6113],[-84.5802,33.611],[-84.5804,33.6109],[-84.581,33.6107],[-84.5815,33.6104],[-84.5819,33.6102],[-84.5822,33.61],[-84.5825,33.6097],[-84.5826,33.6096],[-84.5828,33.6095],[-84.5835,33.6089],[-84.5843,33.6081],[-84.5846,33.6079],[-84.5849,33.6077],[-84.5859,33.6068],[-84.5867,33.6062],[-84.5872,33.6058],[-84.5873,33.6056],[-84.5894,33.6039],[-84.5897,33.6037],[-84.5899,33.6034],[-84.5902,33.6031],[-84.5904,33.6028],[-84.5907,33.6025],[-84.5914,33.6018],[-84.5917,33.6014],[-84.592,33.6011],[-84.5922,33.6007],[-84.5927,33.5999],[-84.5929,33.5997],[-84.5931,33.5994],[-84.5934,33.5991],[-84.5937,33.5987],[-84.5938,33.5987],[-84.5938,33.5987],[-84.5942,33.5983],[-84.5942,33.5983],[-84.5947,33.5978],[-84.5948,33.5977],[-84.5955,33.597],[-84.5957,33.5968],[-84.5958,33.5967],[-84.5961,33.5964],[-84.5965,33.5958],[-84.5967,33.5956],[-84.5968,33.5955],[-84.5971,33.5951],[-84.5974,33.5944],[-84.5975,33.5942],[-84.5975,33.5942],[-84.5975,33.594],[-84.5976,33.5938],[-84.5976,33.5937],[-84.5976,33.5935],[-84.5976,33.5934]]]}},{"type":"Feature","id":"13121008202","properties":{"GEOID":"13121008202","NAME":"Census Tract 82.02","AREALAND":6930197},"geometry":{"type":"Polygon","coordinates":[[[-84.5334,33.7793],[-84.5335,33.7791],[-84.5332,33.7789],[-84.5312,33.7777],[-84.5288,33.7764],[-84.5284,33.7762],[-84.5282,33.776],[-84.5278,33.7758],[-84.5276,33.7756],[-84.5274,33.7755],[-84.5267,33.7751],[-84.5261,33.7746],[-84.5255,33.7743],[-84.5247,33.7736],[-84.523,33.7723],[-84.5208,33.7706],[-84.5205,33.7704],[-84.5202,33.7702],[-84.5201,33.7701],[-84.5199,33.77],[-84.5197,33.77],[-84.5192,33.7703],[-84.5188,33.7705],[-84.5182,33.771],[-84.5172,33.7716],[-84.5162,33.7723],[-84.5159,33.7724],[-84.5155,33.7727],[-84.5154,33.7728],[-84.515,33.7731],[-84.5149,33.773],[-84.5146,33.7726],[-84.5145,33.7725],[-84.5145,33.7723],[-84.5143,33.7719],[-84.514,33.7701],[-84.5138,33.7702],[-84.5108,33.7699],[-84.5098,33.7699],[-84.5095,33.7699],[-84.5092,33.7698],[-84.5086,33.7695],[-84.5077,33.7688],[-84.5075,33.7687],[-84.5073,33.7687],[-84.5067,33.7686],[-84.5064,33.7686],[-84.5062,33.7686],[-84.5059,33.7685],[-84.5056,33.7684],[-84.5053,33.7682],[-84.505,33.7681],[-84.5041,33.7679],[-84.5039,33.7679],[-84.5038,33.7679],[-84.5036,33.768],[-84.5033,33.7681],[-84.5024,33.7687],[-84.5023,33.7688],[-84.5021,33.7689],[-84.502,33.7689],[-84.5013,33.769],[-84.501,33.769],[-84.5006,33.769],[-84.5001,33.769],[-84.4995,33.7689],[-84.4992,33.7688],[-84.4973,33.7681],[-84.497,33.768],[-84.4968,33.7679],[-84.4965,33.7679],[-84.4958,33.7679],[-84.4947,33.7679],[-84.4949,33.7687],[-84.495,33.7689],[-84.495,33.7691],[-84.4951,33.7693],[-84.4952,33.7696],[-84.4954,33.7701],[-84.4959,33.7717],[-84.496,33.7722],[-84.4961,33.7724],[-84.4962,33.7731],[-84.4962,33.7739],[-84.4963,33.7744],[-84.4963,33.7748],[-84.4963,33.7765],[-84.4963,33.7782],[-84.4962,33.7809],[-84.4962,33.7812],[-84.4961,33.7822],[-84.496,33.7824],[-84.4959,33.7829],[-84.4958,33.7831],[-84.4957,33.7834],[-84.4954,33.784],[-84.4952,33.7844],[-84.495,33.7847],[-84.4949,33.7847],[-84.4932,33.7868],[-84.4938,33.7872],[-84.4944,33.7878],[-84.4948,33.7882],[-84.4958,33.7893],[-84.4962,33.7899],[-84.4969,33.7908],[-84.4972,33.7912],[-84.498,33.7921],[-84.4983,33.7923],[-84.4987,33.7926],[-84.499,33.7929],[-84.4994,33.7931],[-84.4998,33.7934],[-84.5003,33.7936],[-84.5008,33.7937],[-84.501,33.7938],[-84.5013,33.7939],[-84.5017,33.794],[-84.5021,33.7941],[-84.5024,33.7942],[-84.5028,33.7942],[-84.5042,33.7943],[-84.5046,33.7943],[-84.5049,33.7944],[-84.5052,33.7944],[-84.5055,33.7945],[-84.5058,33.7946],[-84.5066,33.7949],[-84.5066,33.7949],[-84.5071,33.7952],[-84.5073,33.7952],[-84.5079,33.7955],[-84.5107,33.7928],[-84.5154,33.7903],[-84.516,33.79],[-84.5204,33.7878],[-84.5218,33.7872],[-84.5234,33.7864],[-84.5291,33.7833],[-84.5294,33.7831],[-84.5312,33.7818],[-84.5334,33.7793]]]}},{"type":"Feature","id":"13121011417","properties":{"GEOID":"13121011417","NAME":"Census Tract 114.17","AREALAND":7528521},"geometry":{"type":"Polygon","coordinates":[[[-84.3957,34.0627],[-84.3957,34.0626],[-84.3953,34.0627],[-84.3949,34.0628],[-84.3945,34.0628],[-84.3943,34.0628],[-84.3941,34.0628],[-84.3938,34.0628],[-84.3921,34.0626],[-84.3917,34.0626],[-84.3916,34.0626],[-84.3913,34.0625],[-84.3909,34.0624],[-84.3907,34.0623],[-84.3906,34.0623],[-84.3894,34.0617],[-84.3882,34.0613],[-84.388,34.0612],[-84.387,34.0608],[-84.3845,34.0598],[-84.3839,34.0596],[-84.3835,34.0594],[-84.3835,34.0594],[-84.3813,34.0584],[-84.381,34.0583],[-84.3805,34.058],[-84.3799,34.0577],[-84.3797,34.0575],[-84.3793,34.0572],[-84.3786,34.0565],[-84.378,34.0561],[-84.3775,34.0556],[-84.3767,34.0548],[-84.3765,34.0546],[-84.3759,34.0543],[-84.3755,34.0541],[-84.3748,34.0539],[-84.3744,34.0538],[-84.3739,34.0537],[-84.3729,34.0535],[-84.3728,34.0534],[-84.3726,34.0534],[-84.3725,34.0533],[-84.3723,34.0532],[-84.372,34.0532],[-84.3716,34.0529],[-84.3714,34.0529],[-84.3708,34.0527],[-84.369,34.0516],[-84.3689,34.0515],[-84.3685,34.0512],[-84.3679,34.0509],[-84.3673,34.0507],[-84.3668,34.0504],[-84.3664,34.0503],[-84.3656,34.05],[-84.3642,34.0496],[-84.3638,34.0495],[-84.3635,34.0494],[-84.3634,34.0494],[-84.363,34.0492],[-84.3626,34.049],[-84.3624,34.0489],[-84.3622,34.0488],[-84.3619,34.0486],[-84.3611,34.0481],[-84.3609,34.0478],[-84.3602,34.0472],[-84.3599,34.0469],[-84.3597,34.0467],[-84.3588,34.0458],[-84.3571,34.0441],[-84.3566,34.0435],[-84.3563,34.0433],[-84.3558,34.0429],[-84.3556,34.0428],[-84.3553,34.0425],[-84.3541,34.042],[-84.3536,34.0418],[-84.3532,34.0416],[-84.3525,34.0413],[-84.3523,34.0412],[-84.3521,34.0411],[-84.3519,34.041],[-84.3514,34.0406],[-84.3511,34.0404],[-84.3503,34.0398],[-84.3495,34.0394],[-84.3492,34.0393],[-84.349,34.0392],[-84.348,34.0387],[-84.3471,34.0383],[-84.3463,34.0381],[-84.3462,34.0381],[-84.3456,34.0378],[-84.3449,34.0375],[-84.3439,34.037],[-84.3435,34.0368],[-84.3434,34.0371],[-84.3432,34.0381],[-84.3431,34.0385],[-84.3435,34.0387],[-84.3436,34.0387],[-84.3437,34.0388],[-84.3437,34.0389],[-84.3437,34.0389],[-84.3437,34.039],[-84.3437,34.0397],[-84.3436,34.042],[-84.3437,34.0431],[-84.3437,34.0438],[-84.3438,34.0448],[-84.3438,34.045],[-84.3438,34.0452],[-84.3438,34.0454],[-84.3438,34.0455],[-84.3437,34.0458],[-84.3436,34.0462],[-84.3436,34.0465],[-84.3436,34.0468],[-84.3436,34.0495],[-84.3436,34.0501],[-84.3436,34.0512],[-84.3437,34.0515],[-84.3437,34.0517],[-84.3438,34.0519],[-84.3439,34.0521],[-84.344,34.0522],[-84.3444,34.0528],[-84.3447,34.053],[-84.3448,34.0533],[-84.345,34.0535],[-84.3451,34.0537],[-84.3451,34.0539],[-84.3452,34.0541],[-84.3453,34.0547],[-84.3456,34.0559],[-84.3457,34.0567],[-84.3462,34.0594],[-84.3463,34.0599],[-84.3464,34.0603],[-84.3464,34.0606],[-84.3463,34.0612],[-84.3504,34.0612],[-84.3506,34.0612],[-84.3512,34.0612],[-84.3555,34.0613],[-84.3603,34.0613],[-84.361,34.0613],[-84.361,34.0626],[-84.3609,34.065],[-84.3609,34.0672],[-84.3609,34.0677],[-84.3608,34.0681],[-84.3608,34.0684],[-84.3606,34.0696],[-84.3605,34.0707],[-84.3605,34.071],[-84.3605,34.0712],[-84.3605,34.0714],[-84.3607,34.073],[-84.3609,34.0751],[-84.3609,34.0755],[-84.3609,34.0758],[-84.3608,34.0761],[-84.3608,34.0763],[-84.3609,34.0763],[-84.3611,34.0763],[-84.3617,34.0758],[-84.3628,34.075],[-84.3644,34.0738],[-84.3659,34.0727],[-84.3679,34.0712],[-84.3681,34.0711],[-84.3681,34.0711],[-84.3684,34.0709],[-84.3688,34.0708],[-84.3693,34.0705],[-84.3695,34.0705],[-84.3697,34.0704],[-84.3703,34.0703],[-84.3709,34.0702],[-84.3712,34.0701],[-84.3717,34.0701],[-84.3722,34.07],[-84.3725,34.0699],[-84.3728,34.0698],[-84.3731,34.0697],[-84.3733,34.0696],[-84.3742,34.0692],[-84.3761,34.0683],[-84.3771,34.0678],[-84.3813,34.0655],[-84.3816,34.0654],[-84.382,34.0653],[-84.3823,34.0652],[-84.3827,34.0651],[-84.3833,34.0652],[-84.3858,34.0653],[-84.39,34.0654],[-84.3903,34.0654],[-84.3908,34.0654],[-84.3913,34.0653],[-84.3917,34.0653],[-84.3922,34.0652],[-84.3925,34.0651],[-84.3927,34.065],[-84.393,34.0649],[-84.3933,34.0647],[-84.3936,34.0646],[-84.3939,34.0644],[-84.3942,34.0643],[-84.3944,34.0641],[-84.3949,34.0637],[-84.3951,34.0635],[-84.3952,34.0634],[-84.3954,34.0632],[-84.3956,34.0629],[-84.3957,34.0627],[-84.3957,34.0627]]]}},{"type":"Feature","id":"13121011506","properties":{"GEOID":"13121011506","NAME":"Census Tract 115.06","AREALAND":11056266},"geometry":{"type":"Polygon","coordinates":[[[-84.419,34.0625],[-84.419,34.0614],[-84.4183,34.061],[-84.4177,34.0607],[-84.4176,34.0607],[-84.4167,34.0604],[-84.4165,34.0603],[-84.4163,34.0603],[-84.416,34.0602],[-84.4158,34.0602],[-84.4155,34.0602],[-84.4151,34.0602],[-84.4141,34.0603],[-84.4136,34.0604],[-84.4134,34.0605],[-84.4132,34.0605],[-84.4126,34.0608],[-84.4115,34.0613],[-84.4112,34.0614],[-84.4102,34.0616],[-84.4098,34.0617],[-84.409,34.062],[-84.4082,34.0621],[-84.4066,34.0625],[-84.4063,34.0626],[-84.4059,34.0627],[-84.4051,34.0627],[-84.4043,34.0627],[-84.4036,34.0626],[-84.4025,34.0623],[-84.401,34.0618],[-84.4008,34.0618],[-84.4005,34.0617],[-84.4003,34.0617],[-84.4001,34.0617],[-84.3998,34.0617],[-84.3996,34.0617],[-84.3993,34.0617],[-84.3989,34.0617],[-84.3981,34.062],[-84.3962,34.0625],[-84.3957,34.0626],[-84.3957,34.0627],[-84.3957,34.0627],[-84.3956,34.0629],[-84.3954,34.0632],[-84.3952,34.0634],[-84.3951,34.0635],[-84.3949,34.0637],[-84.3944,34.0641],[-84.3942,34.0643],[-84.3939,34.0644],[-84.3936,34.0646],[-84.3933,34.0647],[-84.393,34.0649],[-84.3927,34.065],[-84.3925,34.0651],[-84.3922,34.0652],[-84.3917,34.0653],[-84.3913,34.0653],[-84.3908,34.0654],[-84.3903,34.0654],[-84.39,34.0654],[-84.3858,34.0653],[-84.3833,34.0652],[-84.3833,34.066],[-84.3833,34.0669],[-84.3833,34.0688],[-84.3832,34.0722],[-84.3832,34.0725],[-84.3831,34.0728],[-84.383,34.073],[-84.3829,34.0733],[-84.3828,34.0735],[-84.3824,34.074],[-84.3823,34.0742],[-84.3822,34.0744],[-84.3821,34.0746],[-84.382,34.0748],[-84.382,34.075],[-84.3819,34.0752],[-84.3819,34.0754],[-84.3819,34.0769],[-84.3819,34.0772],[-84.3818,34.0775],[-84.3818,34.0777],[-84.3817,34.0778],[-84.3816,34.078],[-84.3815,34.0781],[-84.3815,34.0782],[-84.3814,34.0783],[-84.3807,34.0791],[-84.3806,34.0792],[-84.3804,34.0793],[-84.3801,34.0796],[-84.38,34.0798],[-84.3798,34.08],[-84.3796,34.0806],[-84.3791,34.0818],[-84.3788,34.0826],[-84.3786,34.083],[-84.3785,34.0833],[-84.378,34.0846],[-84.3776,34.0854],[-84.3773,34.0863],[-84.3772,34.0866],[-84.3771,34.0869],[-84.377,34.0872],[-84.377,34.0874],[-84.377,34.0876],[-84.377,34.0879],[-84.3771,34.0883],[-84.3771,34.0888],[-84.3772,34.0902],[-84.3773,34.0901],[-84.3788,34.0895],[-84.3791,34.0893],[-84.3795,34.0892],[-84.3797,34.0892],[-84.3799,34.0892],[-84.3801,34.0892],[-84.3804,34.0891],[-84.3806,34.0891],[-84.382,34.0892],[-84.3827,34.0892],[-84.3846,34.0892],[-84.3857,34.0892],[-84.3861,34.0893],[-84.3867,34.0893],[-84.3873,34.0894],[-84.388,34.0894],[-84.3892,34.0895],[-84.39,34.0896],[-84.3904,34.0896],[-84.3907,34.0897],[-84.391,34.0897],[-84.3913,34.0898],[-84.3936,34.0904],[-84.3939,34.0904],[-84.3941,34.0905],[-84.3944,34.0905],[-84.3946,34.0904],[-84.3947,34.0904],[-84.3956,34.0902],[-84.3958,34.0902],[-84.396,34.0902],[-84.396,34.0902],[-84.3962,34.0902],[-84.3971,34.0903],[-84.3987,34.0905],[-84.399,34.0905],[-84.3993,34.0906],[-84.3996,34.0907],[-84.4,34.0908],[-84.4003,34.091],[-84.4008,34.0913],[-84.4017,34.0919],[-84.4022,34.0921],[-84.4024,34.0922],[-84.4028,34.0924],[-84.4034,34.0927],[-84.4038,34.0928],[-84.4043,34.093],[-84.4045,34.093],[-84.4047,34.093],[-84.4068,34.0935],[-84.4071,34.0936],[-84.4074,34.0938],[-84.4075,34.0939],[-84.4076,34.094],[-84.4078,34.0941],[-84.4079,34.0942],[-84.4088,34.0953],[-84.409,34.0956],[-84.4092,34.0957],[-84.4094,34.0959],[-84.4096,34.0961],[-84.4098,34.0962],[-84.4099,34.0963],[-84.4102,34.0964],[-84.4105,34.0965],[-84.4107,34.0966],[-84.4109,34.0967],[-84.4112,34.0967],[-84.4114,34.0967],[-84.4116,34.0968],[-84.4119,34.0968],[-84.4122,34.0968],[-84.4175,34.0966],[-84.4183,34.0966],[-84.4186,34.0966],[-84.4186,34.0964],[-84.4185,34.0944],[-84.4185,34.0943],[-84.4185,34.0941],[-84.4187,34.0895],[-84.4186,34.089],[-84.4187,34.0886],[-84.4187,34.0885],[-84.4187,34.0885],[-84.4187,34.0884],[-84.4187,34.0882],[-84.4187,34.0882],[-84.4187,34.0876],[-84.4187,34.087],[-84.4187,34.0869],[-84.4187,34.0863],[-84.4187,34.0856],[-84.4187,34.0852],[-84.4187,34.0849],[-84.4187,34.0848],[-84.4187,34.0847],[-84.4187,34.0845],[-84.4187,34.0843],[-84.4187,34.0841],[-84.4187,34.081],[-84.4187,34.0809],[-84.4188,34.0792],[-84.4188,34.0789],[-84.4188,34.0784],[-84.4188,34.078],[-84.4189,34.0748],[-84.4189,34.0738],[-84.4189,34.0734],[-84.4189,34.0733],[-84.4189,34.0733],[-84.4189,34.0733],[-84.4189,34.0732],[-84.4189,34.0732],[-84.4189,34.0703],[-84.4189,34.0701],[-84.419,34.0654],[-84.419,34.065],[-84.419,34.0648],[-84.419,34.0648],[-84.419,34.0645],[-84.419,34.0625]]]}},{"type":"Feature","id":"13121011416","properties":{"GEOID":"13121011416","NAME":"Census Tract 114.16","AREALAND":6618022},"geometry":{"type":"Polygon","coordinates":[[[-84.3611,34.0763],[-84.3609,34.0763],[-84.3608,34.0763],[-84.3608,34.0761],[-84.3609,34.0758],[-84.3609,34.0755],[-84.3609,34.0751],[-84.3607,34.073],[-84.3605,34.0714],[-84.3605,34.0712],[-84.3605,34.071],[-84.3605,34.0707],[-84.3606,34.0696],[-84.3608,34.0684],[-84.3608,34.0681],[-84.3609,34.0677],[-84.3609,34.0672],[-84.3609,34.065],[-84.361,34.0626],[-84.361,34.0613],[-84.3603,34.0613],[-84.3555,34.0613],[-84.3512,34.0612],[-84.3506,34.0612],[-84.3504,34.0612],[-84.3463,34.0612],[-84.3464,34.0606],[-84.3464,34.0603],[-84.3463,34.0599],[-84.3462,34.0594],[-84.3457,34.0567],[-84.3456,34.0559],[-84.3453,34.0547],[-84.3452,34.0541],[-84.3451,34.0539],[-84.3451,34.0537],[-84.345,34.0535],[-84.3448,34.0533],[-84.3447,34.053],[-84.3444,34.0528],[-84.344,34.0522],[-84.3439,34.0521],[-84.3438,34.0519],[-84.3437,34.0517],[-84.3437,34.0515],[-84.3436,34.0512],[-84.3436,34.0501],[-84.3436,34.0495],[-84.3436,34.0468],[-84.3436,34.0465],[-84.3436,34.0462],[-84.3437,34.0458],[-84.3438,34.0455],[-84.3438,34.0454],[-84.3438,34.0452],[-84.3438,34.045],[-84.3438,34.0448],[-84.3437,34.0438],[-84.3437,34.0431],[-84.3436,34.042],[-84.3437,34.0397],[-84.3437,34.039],[-84.3437,34.0389],[-84.3437,34.0389],[-84.3437,34.0388],[-84.3436,34.0387],[-84.3435,34.0387],[-84.3431,34.0385],[-84.343,34.0389],[-84.3428,34.0393],[-84.3419,34.0415],[-84.3413,34.0429],[-84.3398,34.0464],[-84.3389,34.0485],[-84.3388,34.0487],[-84.3386,34.049],[-84.3384,34.0492],[-84.3383,34.0494],[-84.338,34.0497],[-84.3378,34.0498],[-84.3377,34.0499],[-84.3373,34.0503],[-84.337,34.0506],[-84.3368,34.0507],[-84.3366,34.0507],[-84.3359,34.0511],[-84.3354,34.0514],[-84.3346,34.0519],[-84.3325,34.0529],[-84.332,34.0531],[-84.3317,34.0534],[-84.3313,34.0536],[-84.3311,34.0538],[-84.331,34.0538],[-84.3305,34.0542],[-84.3301,34.0545],[-84.3293,34.0551],[-84.329,34.0554],[-84.3288,34.0556],[-84.3286,34.0559],[-84.3282,34.0564],[-84.3283,34.0564],[-84.3284,34.0565],[-84.3285,34.0566],[-84.3286,34.0567],[-84.3289,34.0567],[-84.3294,34.0566],[-84.3298,34.0567],[-84.33,34.0567],[-84.3303,34.0567],[-84.3305,34.0567],[-84.3306,34.0567],[-84.3309,34.0568],[-84.3309,34.0569],[-84.331,34.057],[-84.3311,34.0572],[-84.3312,34.0574],[-84.3311,34.0576],[-84.331,34.0579],[-84.3309,34.0581],[-84.3308,34.0583],[-84.3307,34.0586],[-84.3306,34.0587],[-84.3306,34.0589],[-84.3305,34.0592],[-84.3304,34.0594],[-84.3304,34.0598],[-84.3303,34.06],[-84.3303,34.0602],[-84.3304,34.0604],[-84.3305,34.0606],[-84.3305,34.0608],[-84.3305,34.0611],[-84.3305,34.0612],[-84.3306,34.0616],[-84.3306,34.0619],[-84.3306,34.0621],[-84.3307,34.0624],[-84.3308,34.0626],[-84.3309,34.0628],[-84.3309,34.0628],[-84.331,34.063],[-84.3312,34.0632],[-84.3316,34.0635],[-84.3318,34.0637],[-84.332,34.0639],[-84.3324,34.0641],[-84.3327,34.0643],[-84.3329,34.0644],[-84.333,34.0645],[-84.3331,34.0645],[-84.3335,34.0649],[-84.3338,34.0652],[-84.3339,34.0654],[-84.3341,34.0656],[-84.3342,34.0658],[-84.3342,34.0659],[-84.3343,34.0661],[-84.3343,34.0664],[-84.3343,34.0668],[-84.3342,34.067],[-84.3342,34.0672],[-84.3342,34.0673],[-84.3342,34.0675],[-84.3343,34.0677],[-84.3343,34.0678],[-84.3344,34.068],[-84.3345,34.0682],[-84.3347,34.0684],[-84.3348,34.0684],[-84.3353,34.0691],[-84.3355,34.0694],[-84.3356,34.0697],[-84.3358,34.07],[-84.3358,34.07],[-84.3358,34.0702],[-84.3358,34.0703],[-84.3358,34.0704],[-84.3357,34.0706],[-84.3356,34.0709],[-84.3355,34.0711],[-84.3355,34.0715],[-84.3355,34.0719],[-84.3356,34.0723],[-84.3356,34.0725],[-84.3356,34.0728],[-84.3356,34.0728],[-84.3356,34.0729],[-84.3355,34.0729],[-84.3355,34.073],[-84.3354,34.073],[-84.3352,34.0731],[-84.3352,34.0731],[-84.3349,34.0731],[-84.3349,34.0731],[-84.3347,34.0731],[-84.3345,34.0731],[-84.3341,34.073],[-84.334,34.073],[-84.3338,34.0729],[-84.3336,34.0729],[-84.3334,34.0729],[-84.3334,34.0729],[-84.3333,34.0729],[-84.3329,34.0729],[-84.3327,34.0729],[-84.3325,34.0728],[-84.332,34.0728],[-84.3315,34.0728],[-84.3313,34.0728],[-84.3311,34.0728],[-84.331,34.0728],[-84.3306,34.0729],[-84.3305,34.0729],[-84.3304,34.0729],[-84.3304,34.073],[-84.3303,34.0731],[-84.3298,34.0734],[-84.3296,34.0737],[-84.329,34.0741],[-84.3285,34.0745],[-84.328,34.0749],[-84.3276,34.0754],[-84.3275,34.0755],[-84.3278,34.0756],[-84.3284,34.0757],[-84.3289,34.0758],[-84.3291,34.0759],[-84.3306,34.0762],[-84.3318,34.0764],[-84.3322,34.0765],[-84.3329,34.0766],[-84.3337,34.0767],[-84.3342,34.0767],[-84.3345,34.0768],[-84.3352,34.077],[-84.3357,34.0771],[-84.3358,34.0771],[-84.3365,34.0773],[-84.3378,34.0778],[-84.3386,34.078],[-84.3391,34.0782],[-84.3395,34.0783],[-84.34,34.0784],[-84.3412,34.0787],[-84.3415,34.0787],[-84.3416,34.0788],[-84.3417,34.0788],[-84.3419,34.0788],[-84.3423,34.0788],[-84.3425,34.0788],[-84.3427,34.0788],[-84.343,34.0787],[-84.3433,34.0786],[-84.3433,34.0786],[-84.3435,34.0786],[-84.3444,34.0781],[-84.3449,34.0779],[-84.3452,34.0778],[-84.3453,34.0778],[-84.3456,34.0777],[-84.3459,34.0776],[-84.3462,34.0776],[-84.3464,34.0776],[-84.3466,34.0776],[-84.3474,34.0776],[-84.3477,34.0776],[-84.348,34.0777],[-84.3484,34.0777],[-84.3487,34.0777],[-84.3488,34.0777],[-84.3495,34.0777],[-84.3507,34.0777],[-84.3515,34.0777],[-84.352,34.0777],[-84.3526,34.0777],[-84.3534,34.0777],[-84.3539,34.0777],[-84.3554,34.0777],[-84.3583,34.0778],[-84.3597,34.0778],[-84.3603,34.077],[-84.3606,34.0767],[-84.3611,34.0763]]]}},{"type":"Feature","id":"13121011421","properties":{"GEOID":"13121011421","NAME":"Census Tract 114.21","AREALAND":3882997},"geometry":{"type":"Polygon","coordinates":[[[-84.3434,34.0371],[-84.3435,34.0368],[-84.3434,34.0366],[-84.3429,34.0362],[-84.3426,34.0359],[-84.3423,34.0354],[-84.3422,34.0351],[-84.3422,34.035],[-84.3421,34.0348],[-84.342,34.0344],[-84.3419,34.0341],[-84.3416,34.0337],[-84.3414,34.0334],[-84.3412,34.0331],[-84.341,34.033],[-84.3405,34.0325],[-84.3395,34.0317],[-84.3385,34.0309],[-84.3383,34.0308],[-84.3382,34.0307],[-84.3371,34.0298],[-84.3367,34.0295],[-84.3358,34.0288],[-84.3355,34.0286],[-84.3352,34.0283],[-84.335,34.0285],[-84.3348,34.0287],[-84.3344,34.0295],[-84.3342,34.0297],[-84.3341,34.0299],[-84.3338,34.0301],[-84.3338,34.0301],[-84.3336,34.0303],[-84.3333,34.0304],[-84.3331,34.0305],[-84.332,34.0309],[-84.3317,34.031],[-84.3315,34.0311],[-84.3313,34.0313],[-84.3312,34.0314],[-84.3311,34.0315],[-84.331,34.0316],[-84.3309,34.0318],[-84.3308,34.0318],[-84.3308,34.0319],[-84.3307,34.0321],[-84.3307,34.0323],[-84.3306,34.0324],[-84.3306,34.0326],[-84.3306,34.0348],[-84.3306,34.0352],[-84.3306,34.0357],[-84.3305,34.0357],[-84.3299,34.0357],[-84.3254,34.0356],[-84.3228,34.0355],[-84.3215,34.0355],[-84.3185,34.0354],[-84.3167,34.0354],[-84.3167,34.0356],[-84.3167,34.0362],[-84.3168,34.0369],[-84.3168,34.0377],[-84.3168,34.038],[-84.3168,34.0387],[-84.3168,34.0391],[-84.3168,34.0396],[-84.3169,34.0402],[-84.3169,34.0404],[-84.3169,34.0408],[-84.3171,34.0413],[-84.3173,34.0418],[-84.3174,34.0419],[-84.3182,34.0424],[-84.3192,34.0426],[-84.3193,34.0426],[-84.3195,34.0426],[-84.3199,34.0427],[-84.3206,34.0429],[-84.3207,34.0431],[-84.3209,34.0433],[-84.321,34.0434],[-84.321,34.0435],[-84.3211,34.0435],[-84.3213,34.0438],[-84.3215,34.0441],[-84.3216,34.0445],[-84.3218,34.0449],[-84.3225,34.0455],[-84.3235,34.0461],[-84.3241,34.0464],[-84.3267,34.0477],[-84.3279,34.0485],[-84.3285,34.049],[-84.3285,34.0493],[-84.3285,34.0494],[-84.3285,34.0498],[-84.3284,34.0499],[-84.3283,34.0502],[-84.3282,34.0505],[-84.3281,34.0508],[-84.328,34.0511],[-84.3279,34.0514],[-84.3278,34.0518],[-84.3276,34.0521],[-84.3276,34.0525],[-84.3273,34.0533],[-84.3273,34.0537],[-84.3273,34.0538],[-84.3272,34.0539],[-84.3273,34.054],[-84.3274,34.0541],[-84.3275,34.0542],[-84.3276,34.0543],[-84.3275,34.0544],[-84.3275,34.0545],[-84.3271,34.0546],[-84.327,34.0546],[-84.3269,34.0546],[-84.3269,34.0546],[-84.3268,34.0546],[-84.3267,34.0545],[-84.3266,34.0544],[-84.3266,34.0543],[-84.3266,34.0543],[-84.3265,34.0542],[-84.3264,34.0539],[-84.3263,34.0538],[-84.3263,34.0536],[-84.3263,34.0534],[-84.3263,34.0534],[-84.3262,34.0533],[-84.3262,34.0533],[-84.3261,34.0532],[-84.326,34.0531],[-84.3259,34.0531],[-84.3258,34.0531],[-84.3257,34.0531],[-84.3257,34.0531],[-84.3256,34.0531],[-84.3255,34.0532],[-84.3255,34.0532],[-84.3253,34.0534],[-84.325,34.0537],[-84.3248,34.0539],[-84.3248,34.054],[-84.3248,34.0542],[-84.3248,34.0542],[-84.3249,34.0543],[-84.3251,34.0544],[-84.3254,34.0546],[-84.3258,34.055],[-84.3259,34.055],[-84.326,34.0552],[-84.3261,34.0553],[-84.3261,34.0553],[-84.3262,34.0555],[-84.3262,34.0556],[-84.3262,34.0557],[-84.3262,34.0558],[-84.3262,34.0559],[-84.3263,34.056],[-84.3263,34.056],[-84.3263,34.0561],[-84.3264,34.0562],[-84.3263,34.0563],[-84.3263,34.0565],[-84.3263,34.0566],[-84.3263,34.0567],[-84.3263,34.0567],[-84.3264,34.0568],[-84.3265,34.0568],[-84.3266,34.0568],[-84.3269,34.0568],[-84.327,34.0568],[-84.3271,34.0568],[-84.3272,34.0567],[-84.3273,34.0566],[-84.3274,34.0566],[-84.3274,34.0565],[-84.3274,34.0564],[-84.3274,34.0563],[-84.3275,34.0562],[-84.3275,34.0562],[-84.3276,34.0561],[-84.3277,34.0561],[-84.3279,34.0561],[-84.328,34.0562],[-84.328,34.0562],[-84.3281,34.0563],[-84.3282,34.0564],[-84.3286,34.0559],[-84.3288,34.0556],[-84.329,34.0554],[-84.3293,34.0551],[-84.3301,34.0545],[-84.3305,34.0542],[-84.331,34.0538],[-84.3311,34.0538],[-84.3313,34.0536],[-84.3317,34.0534],[-84.332,34.0531],[-84.3325,34.0529],[-84.3346,34.0519],[-84.3354,34.0514],[-84.3359,34.0511],[-84.3366,34.0507],[-84.3368,34.0507],[-84.337,34.0506],[-84.3373,34.0503],[-84.3377,34.0499],[-84.3378,34.0498],[-84.338,34.0497],[-84.3383,34.0494],[-84.3384,34.0492],[-84.3386,34.049],[-84.3388,34.0487],[-84.3389,34.0485],[-84.3398,34.0464],[-84.3413,34.0429],[-84.3419,34.0415],[-84.3428,34.0393],[-84.343,34.0389],[-84.3431,34.0385],[-84.3432,34.0381],[-84.3434,34.0371]]]}},{"type":"Feature","id":"13121011418","properties":{"GEOID":"13121011418","NAME":"Census Tract 114.18","AREALAND":10641701},"geometry":{"type":"Polygon","coordinates":[[[-84.4191,34.0554],[-84.4191,34.0552],[-84.4191,34.0551],[-84.419,34.0551],[-84.4189,34.055],[-84.4189,34.0549],[-84.4189,34.0549],[-84.4188,34.0548],[-84.4188,34.0547],[-84.4188,34.0547],[-84.4187,34.0545],[-84.4186,34.0545],[-84.4186,34.0543],[-84.4185,34.0542],[-84.4184,34.0539],[-84.4184,34.0535],[-84.4184,34.0532],[-84.4184,34.0531],[-84.4183,34.0529],[-84.4183,34.0527],[-84.4182,34.0526],[-84.4179,34.0524],[-84.4175,34.0521],[-84.4173,34.0519],[-84.4169,34.0516],[-84.4166,34.0514],[-84.4164,34.0513],[-84.4163,34.0512],[-84.4161,34.0511],[-84.4158,34.0509],[-84.4157,34.0508],[-84.4155,34.0508],[-84.4155,34.0508],[-84.4152,34.0507],[-84.4149,34.0506],[-84.4147,34.0505],[-84.4143,34.0504],[-84.4142,34.0504],[-84.4138,34.0502],[-84.4138,34.0502],[-84.4135,34.0502],[-84.4135,34.0501],[-84.4131,34.05],[-84.4129,34.05],[-84.4127,34.0499],[-84.4125,34.0499],[-84.4124,34.0499],[-84.4122,34.0498],[-84.4122,34.0498],[-84.4117,34.0497],[-84.4116,34.0497],[-84.4115,34.0496],[-84.4112,34.0495],[-84.4112,34.0495],[-84.4111,34.0495],[-84.411,34.0494],[-84.4108,34.0493],[-84.4108,34.0493],[-84.4109,34.0487],[-84.4109,34.0485],[-84.4109,34.0475],[-84.4107,34.046],[-84.4107,34.0459],[-84.4107,34.0455],[-84.4108,34.0453],[-84.4108,34.0452],[-84.4109,34.045],[-84.4109,34.045],[-84.4111,34.0448],[-84.4111,34.0447],[-84.4114,34.0442],[-84.4116,34.0439],[-84.4116,34.0439],[-84.4117,34.0437],[-84.4117,34.0434],[-84.4117,34.0433],[-84.4116,34.0431],[-84.4115,34.0427],[-84.4114,34.0425],[-84.4112,34.0423],[-84.4111,34.0421],[-84.411,34.042],[-84.4109,34.0419],[-84.4108,34.0418],[-84.4104,34.0416],[-84.4102,34.0415],[-84.4098,34.0413],[-84.4094,34.0408],[-84.4094,34.0407],[-84.4094,34.0406],[-84.4093,34.0405],[-84.4093,34.0405],[-84.4093,34.0403],[-84.4092,34.0401],[-84.4092,34.04],[-84.4092,34.0398],[-84.4092,34.0398],[-84.4091,34.0394],[-84.4091,34.0392],[-84.4091,34.0389],[-84.409,34.0387],[-84.4088,34.0385],[-84.4087,34.0384],[-84.4085,34.0381],[-84.4084,34.038],[-84.4083,34.0379],[-84.4082,34.0377],[-84.4081,34.0376],[-84.4079,34.0375],[-84.4078,34.0375],[-84.4077,34.0374],[-84.4075,34.0372],[-84.4074,34.037],[-84.4073,34.0368],[-84.4072,34.0365],[-84.4072,34.0363],[-84.407,34.0362],[-84.4069,34.0362],[-84.4067,34.0362],[-84.4066,34.0362],[-84.4064,34.0364],[-84.4063,34.0365],[-84.4063,34.0366],[-84.4061,34.0369],[-84.4059,34.0371],[-84.4056,34.0372],[-84.4054,34.0373],[-84.4053,34.0373],[-84.4051,34.0372],[-84.4047,34.037],[-84.4045,34.0368],[-84.4045,34.0368],[-84.4042,34.0367],[-84.404,34.0365],[-84.4036,34.0365],[-84.4035,34.0364],[-84.4034,34.0363],[-84.4034,34.0361],[-84.4032,34.036],[-84.403,34.0359],[-84.4029,34.0358],[-84.4027,34.0357],[-84.4026,34.0357],[-84.4024,34.0354],[-84.4024,34.0352],[-84.4024,34.0348],[-84.4028,34.0345],[-84.4028,34.0344],[-84.403,34.0343],[-84.4031,34.0342],[-84.4032,34.0341],[-84.4032,34.0341],[-84.4033,34.0341],[-84.4033,34.034],[-84.4035,34.0339],[-84.4035,34.0338],[-84.4036,34.0338],[-84.4036,34.0337],[-84.4037,34.0337],[-84.4038,34.0336],[-84.4039,34.0334],[-84.404,34.0332],[-84.4041,34.033],[-84.4041,34.0326],[-84.4041,34.0325],[-84.404,34.0323],[-84.4038,34.0323],[-84.4033,34.0321],[-84.403,34.0321],[-84.403,34.0321],[-84.4029,34.032],[-84.4029,34.0319],[-84.4029,34.0318],[-84.4028,34.0317],[-84.4027,34.0315],[-84.4022,34.0312],[-84.4018,34.0308],[-84.4016,34.0306],[-84.4016,34.0305],[-84.4015,34.0303],[-84.4013,34.03],[-84.4012,34.0296],[-84.401,34.0288],[-84.4009,34.0284],[-84.4008,34.0279],[-84.4007,34.0278],[-84.4007,34.027],[-84.4007,34.0266],[-84.4008,34.0264],[-84.4009,34.0262],[-84.4012,34.0259],[-84.4013,34.0258],[-84.4013,34.0258],[-84.4012,34.0258],[-84.4012,34.0258],[-84.4011,34.0258],[-84.4009,34.0259],[-84.4008,34.0259],[-84.3996,34.0262],[-84.3994,34.0262],[-84.3992,34.0263],[-84.3991,34.0264],[-84.3989,34.0265],[-84.3988,34.0266],[-84.3987,34.0267],[-84.3986,34.0268],[-84.3984,34.0271],[-84.3981,34.0276],[-84.3979,34.0279],[-84.3978,34.0281],[-84.3976,34.0282],[-84.3975,34.0284],[-84.3973,34.0285],[-84.3969,34.0287],[-84.3966,34.0289],[-84.3964,34.029],[-84.3962,34.029],[-84.396,34.0291],[-84.3957,34.0291],[-84.3955,34.0292],[-84.3944,34.0293],[-84.3943,34.0293],[-84.3938,34.0293],[-84.3937,34.0293],[-84.3933,34.0293],[-84.3929,34.0292],[-84.3927,34.0292],[-84.3924,34.0291],[-84.39,34.0279],[-84.3897,34.0277],[-84.3892,34.0275],[-84.3885,34.0272],[-84.3874,34.0267],[-84.385,34.0258],[-84.3848,34.0257],[-84.3846,34.0256],[-84.3843,34.0256],[-84.3841,34.0256],[-84.3839,34.0256],[-84.3834,34.0255],[-84.3832,34.0255],[-84.383,34.0256],[-84.3827,34.0256],[-84.3825,34.0257],[-84.3823,34.0258],[-84.3822,34.0258],[-84.382,34.0259],[-84.3819,34.026],[-84.3818,34.0262],[-84.3814,34.0266],[-84.3809,34.0271],[-84.3807,34.0273],[-84.3805,34.0275],[-84.3803,34.0276],[-84.38,34.0277],[-84.3797,34.0278],[-84.3794,34.0279],[-84.3791,34.0279],[-84.3787,34.0279],[-84.3783,34.0279],[-84.3779,34.0278],[-84.3776,34.0277],[-84.3772,34.0276],[-84.377,34.0275],[-84.3767,34.0275],[-84.376,34.0271],[-84.3739,34.0262],[-84.3727,34.0257],[-84.3726,34.0256],[-84.3724,34.0255],[-84.3722,34.0255],[-84.3719,34.0255],[-84.3705,34.0255],[-84.3699,34.0255],[-84.3692,34.0254],[-84.3692,34.0254],[-84.369,34.0254],[-84.3688,34.0254],[-84.3686,34.0254],[-84.3684,34.0253],[-84.3682,34.0252],[-84.3677,34.0247],[-84.3671,34.0242],[-84.3664,34.0235],[-84.3662,34.0234],[-84.3659,34.0231],[-84.3656,34.0229],[-84.3652,34.0228],[-84.3651,34.0228],[-84.3651,34.0227],[-84.365,34.0227],[-84.3649,34.0227],[-84.3647,34.0227],[-84.3646,34.0227],[-84.3632,34.023],[-84.3627,34.0231],[-84.3616,34.0232],[-84.3614,34.0233],[-84.3613,34.0234],[-84.3612,34.0235],[-84.3611,34.0236],[-84.361,34.0237],[-84.3609,34.0238],[-84.3608,34.0241],[-84.3606,34.0245],[-84.3605,34.0251],[-84.3605,34.0253],[-84.3604,34.0254],[-84.3602,34.0256],[-84.36,34.0259],[-84.3588,34.0272],[-84.3582,34.0278],[-84.3581,34.028],[-84.3573,34.0286],[-84.3569,34.0289],[-84.3564,34.0292],[-84.3565,34.0293],[-84.3565,34.0293],[-84.3578,34.0298],[-84.3586,34.0302],[-84.3594,34.0304],[-84.3609,34.0311],[-84.3614,34.0313],[-84.3624,34.0318],[-84.3628,34.0321],[-84.3635,34.0324],[-84.3644,34.033],[-84.3646,34.0331],[-84.3648,34.0332],[-84.3649,34.0334],[-84.3654,34.0338],[-84.3657,34.034],[-84.3664,34.0348],[-84.3675,34.0358],[-84.368,34.0362],[-84.3681,34.0364],[-84.3694,34.0378],[-84.3701,34.0385],[-84.3706,34.0389],[-84.3707,34.039],[-84.3708,34.0392],[-84.3708,34.0393],[-84.3709,34.0394],[-84.3715,34.0404],[-84.3718,34.041],[-84.3721,34.0416],[-84.3725,34.0423],[-84.3726,34.0425],[-84.3732,34.0437],[-84.3734,34.044],[-84.3738,34.0446],[-84.3741,34.0452],[-84.3742,34.0454],[-84.3744,34.0456],[-84.3746,34.0459],[-84.3748,34.0461],[-84.375,34.0462],[-84.3752,34.0464],[-84.3759,34.0468],[-84.3766,34.0468],[-84.3777,34.0468],[-84.3785,34.0468],[-84.3797,34.0468],[-84.3826,34.0469],[-84.3834,34.0469],[-84.3845,34.0469],[-84.3855,34.0469],[-84.3868,34.0469],[-84.3885,34.0469],[-84.3899,34.047],[-84.3942,34.0471],[-84.3961,34.0471],[-84.396,34.0473],[-84.396,34.0475],[-84.3959,34.0478],[-84.3958,34.048],[-84.3958,34.0486],[-84.3958,34.0489],[-84.3958,34.0493],[-84.3958,34.0498],[-84.3958,34.05],[-84.3958,34.0502],[-84.3959,34.0503],[-84.3959,34.0505],[-84.3961,34.0508],[-84.3963,34.051],[-84.3965,34.0513],[-84.397,34.0517],[-84.3973,34.0521],[-84.398,34.0527],[-84.4001,34.0547],[-84.4003,34.0549],[-84.4004,34.0551],[-84.4005,34.0552],[-84.4008,34.0556],[-84.4009,34.0558],[-84.4012,34.0565],[-84.4016,34.0573],[-84.4017,34.0577],[-84.402,34.0583],[-84.4021,34.0586],[-84.4022,34.0589],[-84.4022,34.0592],[-84.4022,34.0596],[-84.4022,34.0598],[-84.4021,34.0599],[-84.402,34.0603],[-84.4019,34.0606],[-84.4018,34.0608],[-84.4016,34.061],[-84.4012,34.0616],[-84.4011,34.0617],[-84.401,34.0618],[-84.4025,34.0623],[-84.4036,34.0626],[-84.4043,34.0627],[-84.4051,34.0627],[-84.4059,34.0627],[-84.4063,34.0626],[-84.4066,34.0625],[-84.4082,34.0621],[-84.409,34.062],[-84.4098,34.0617],[-84.4102,34.0616],[-84.4112,34.0614],[-84.4115,34.0613],[-84.4126,34.0608],[-84.4132,34.0605],[-84.4134,34.0605],[-84.4136,34.0604],[-84.4141,34.0603],[-84.4151,34.0602],[-84.4155,34.0602],[-84.4158,34.0602],[-84.416,34.0602],[-84.4163,34.0603],[-84.4165,34.0603],[-84.4167,34.0604],[-84.4176,34.0607],[-84.4177,34.0607],[-84.4183,34.061],[-84.419,34.0614],[-84.419,34.0613],[-84.419,34.0612],[-84.419,34.0611],[-84.4191,34.0555],[-84.4191,34.0554]]]}},{"type":"Feature","id":"13121010512","properties":{"GEOID":"13121010512","NAME":"Census Tract 105.12","AREALAND":9170313},"geometry":{"type":"Polygon","coordinates":[[[-84.5514,33.5787],[-84.5514,33.5784],[-84.5514,33.5783],[-84.5514,33.5782],[-84.5514,33.5773],[-84.5514,33.5773],[-84.5514,33.5769],[-84.5514,33.5769],[-84.5514,33.576],[-84.5514,33.5757],[-84.5514,33.5757],[-84.5508,33.5732],[-84.5508,33.5731],[-84.5507,33.5731],[-84.5506,33.5731],[-84.5506,33.5731],[-84.5505,33.573],[-84.55,33.5726],[-84.5499,33.5725],[-84.5497,33.5724],[-84.5495,33.5723],[-84.5484,33.5718],[-84.5473,33.5714],[-84.5468,33.5712],[-84.5467,33.5711],[-84.5464,33.571],[-84.5459,33.5709],[-84.5449,33.5706],[-84.5448,33.5705],[-84.5447,33.5704],[-84.5443,33.5703],[-84.544,33.5702],[-84.5394,33.5686],[-84.5391,33.5685],[-84.5381,33.5682],[-84.5378,33.5682],[-84.5369,33.5679],[-84.5366,33.5678],[-84.5362,33.5677],[-84.5352,33.5674],[-84.5351,33.5673],[-84.5349,33.5673],[-84.5344,33.5671],[-84.5339,33.567],[-84.5302,33.5709],[-84.5302,33.5709],[-84.53,33.5711],[-84.5285,33.5725],[-84.5267,33.574],[-84.5251,33.5753],[-84.5248,33.5756],[-84.523,33.5771],[-84.5214,33.5784],[-84.5211,33.5786],[-84.5209,33.5788],[-84.5206,33.5791],[-84.52,33.5795],[-84.5197,33.5797],[-84.519,33.5803],[-84.5183,33.5809],[-84.5176,33.5814],[-84.517,33.5819],[-84.5167,33.5822],[-84.5142,33.5843],[-84.514,33.5844],[-84.5137,33.5847],[-84.5136,33.5848],[-84.5141,33.5851],[-84.5146,33.5853],[-84.5148,33.5854],[-84.515,33.5856],[-84.5153,33.5857],[-84.5157,33.586],[-84.5159,33.5861],[-84.5161,33.5862],[-84.5161,33.5862],[-84.5163,33.5863],[-84.5163,33.5863],[-84.5167,33.5865],[-84.517,33.5866],[-84.5173,33.5868],[-84.5176,33.5869],[-84.5177,33.5869],[-84.5179,33.587],[-84.5182,33.587],[-84.5182,33.587],[-84.5183,33.587],[-84.5183,33.587],[-84.5184,33.587],[-84.5185,33.5871],[-84.5186,33.5871],[-84.5189,33.5871],[-84.5191,33.5871],[-84.5195,33.5871],[-84.5199,33.5871],[-84.5202,33.5871],[-84.5204,33.5871],[-84.5216,33.5871],[-84.5223,33.5871],[-84.5225,33.5871],[-84.5227,33.5871],[-84.523,33.5871],[-84.5233,33.587],[-84.5246,33.5867],[-84.5247,33.5872],[-84.5248,33.5874],[-84.5248,33.5876],[-84.525,33.5881],[-84.525,33.5881],[-84.5251,33.5884],[-84.5251,33.5888],[-84.5251,33.5896],[-84.525,33.5907],[-84.525,33.5909],[-84.525,33.591],[-84.5249,33.5912],[-84.5248,33.5914],[-84.5245,33.592],[-84.5243,33.5923],[-84.5242,33.5926],[-84.524,33.5933],[-84.5239,33.5936],[-84.5239,33.5939],[-84.524,33.5943],[-84.524,33.5946],[-84.5241,33.5948],[-84.5242,33.595],[-84.5247,33.5959],[-84.5249,33.5963],[-84.5252,33.5969],[-84.5254,33.5973],[-84.5256,33.598],[-84.5259,33.5989],[-84.5259,33.599],[-84.5262,33.5998],[-84.5263,33.6003],[-84.5264,33.601],[-84.5265,33.6012],[-84.5266,33.6014],[-84.5268,33.6017],[-84.527,33.602],[-84.5274,33.6025],[-84.528,33.6031],[-84.5284,33.6035],[-84.5284,33.6036],[-84.5285,33.6038],[-84.5287,33.6042],[-84.5282,33.6043],[-84.5281,33.6044],[-84.5277,33.6045],[-84.5276,33.6046],[-84.5273,33.6048],[-84.5271,33.6048],[-84.527,33.6049],[-84.5268,33.6051],[-84.5266,33.6052],[-84.5264,33.6054],[-84.5263,33.6055],[-84.5261,33.6058],[-84.5259,33.6061],[-84.5258,33.6064],[-84.5257,33.6067],[-84.5257,33.6069],[-84.5257,33.6071],[-84.5257,33.6077],[-84.5257,33.6079],[-84.5257,33.6081],[-84.5258,33.6083],[-84.5259,33.6085],[-84.5261,33.6089],[-84.5262,33.6089],[-84.5264,33.6093],[-84.5264,33.6094],[-84.5265,33.6094],[-84.5267,33.6093],[-84.5274,33.609],[-84.5276,33.6089],[-84.5282,33.6086],[-84.5283,33.6085],[-84.5291,33.6081],[-84.5292,33.608],[-84.5302,33.6076],[-84.5314,33.607],[-84.5315,33.6069],[-84.5324,33.6065],[-84.5331,33.6061],[-84.5335,33.6059],[-84.5345,33.6055],[-84.5346,33.6054],[-84.5347,33.6054],[-84.5349,33.6053],[-84.5352,33.6051],[-84.5353,33.6051],[-84.5353,33.605],[-84.5356,33.6049],[-84.5357,33.6048],[-84.5361,33.6046],[-84.5368,33.6043],[-84.5375,33.604],[-84.5378,33.6038],[-84.5388,33.6033],[-84.5393,33.6031],[-84.5399,33.6028],[-84.5401,33.6027],[-84.5403,33.6026],[-84.541,33.6022],[-84.5421,33.6017],[-84.5433,33.6011],[-84.5434,33.6011],[-84.5437,33.6009],[-84.5441,33.6007],[-84.5444,33.6006],[-84.5449,33.6004],[-84.5452,33.6002],[-84.5456,33.6],[-84.5457,33.5999],[-84.5459,33.5997],[-84.5462,33.5995],[-84.5464,33.5994],[-84.5466,33.5992],[-84.5469,33.599],[-84.5471,33.5987],[-84.5483,33.5976],[-84.5486,33.5973],[-84.5487,33.5971],[-84.549,33.5969],[-84.5492,33.5966],[-84.5494,33.5964],[-84.5495,33.5961],[-84.5495,33.5961],[-84.5496,33.5959],[-84.5496,33.5959],[-84.5496,33.5957],[-84.5497,33.5957],[-84.5497,33.5956],[-84.5497,33.5953],[-84.5497,33.595],[-84.5497,33.5948],[-84.5496,33.5946],[-84.5496,33.5944],[-84.5495,33.5942],[-84.5493,33.5935],[-84.5492,33.5929],[-84.549,33.5922],[-84.5489,33.5917],[-84.5488,33.5914],[-84.5488,33.5911],[-84.5488,33.591],[-84.5488,33.5907],[-84.5488,33.59],[-84.5488,33.5894],[-84.5488,33.589],[-84.5488,33.5887],[-84.5488,33.5877],[-84.5488,33.5875],[-84.5488,33.5871],[-84.5488,33.5867],[-84.5488,33.5864],[-84.5488,33.5861],[-84.5489,33.5856],[-84.549,33.5852],[-84.5491,33.585],[-84.5492,33.5848],[-84.5493,33.5845],[-84.5494,33.5842],[-84.5495,33.584],[-84.5497,33.5837],[-84.5498,33.5835],[-84.5498,33.5835],[-84.5501,33.5831],[-84.5502,33.5828],[-84.5506,33.5824],[-84.5507,33.5823],[-84.5508,33.5821],[-84.5509,33.582],[-84.5511,33.5819],[-84.5512,33.5817],[-84.551,33.5816],[-84.5509,33.5816],[-84.5508,33.5814],[-84.5512,33.5797],[-84.5514,33.5787]]]}},{"type":"Feature","id":"13121010510","properties":{"GEOID":"13121010510","NAME":"Census Tract 105.10","AREALAND":30898443},"geometry":{"type":"Polygon","coordinates":[[[-84.6144,33.5268],[-84.6144,33.5267],[-84.6144,33.5266],[-84.6143,33.526],[-84.6142,33.525],[-84.6142,33.5247],[-84.6141,33.5245],[-84.614,33.5242],[-84.6139,33.5239],[-84.6124,33.5213],[-84.6123,33.5212],[-84.6122,33.5208],[-84.612,33.5204],[-84.6053,33.5205],[-84.6038,33.5205],[-84.6033,33.5205],[-84.603,33.5204],[-84.6028,33.5203],[-84.6026,33.5202],[-84.6024,33.5201],[-84.6022,33.52],[-84.6021,33.5199],[-84.601,33.5189],[-84.6007,33.5187],[-84.6005,33.5185],[-84.6002,33.5184],[-84.5999,33.5183],[-84.5997,33.5182],[-84.5994,33.5182],[-84.5989,33.5181],[-84.5979,33.518],[-84.5974,33.518],[-84.597,33.518],[-84.5967,33.518],[-84.5959,33.5181],[-84.5951,33.5182],[-84.5951,33.5182],[-84.595,33.5183],[-84.595,33.5184],[-84.5949,33.5185],[-84.5948,33.5185],[-84.5948,33.5186],[-84.5947,33.5187],[-84.5947,33.5187],[-84.5947,33.5187],[-84.5885,33.5203],[-84.5879,33.5205],[-84.5879,33.5205],[-84.5871,33.5207],[-84.5868,33.5208],[-84.5866,33.5208],[-84.5853,33.5211],[-84.5827,33.5217],[-84.5823,33.5218],[-84.5821,33.5219],[-84.582,33.5219],[-84.582,33.5219],[-84.582,33.5219],[-84.5819,33.5219],[-84.5812,33.5221],[-84.5806,33.5223],[-84.5764,33.5233],[-84.5763,33.5233],[-84.5762,33.5233],[-84.5761,33.5233],[-84.5761,33.5233],[-84.576,33.5234],[-84.576,33.5234],[-84.5747,33.5237],[-84.5734,33.5241],[-84.5703,33.5249],[-84.5686,33.5254],[-84.5663,33.526],[-84.5644,33.5265],[-84.5616,33.5272],[-84.5609,33.5274],[-84.5574,33.5283],[-84.5569,33.5284],[-84.5514,33.5296],[-84.5498,33.5299],[-84.5487,33.5302],[-84.5481,33.5303],[-84.5481,33.5303],[-84.5473,33.5305],[-84.547,33.5305],[-84.5466,33.5306],[-84.5461,33.5307],[-84.5461,33.5307],[-84.5457,33.5307],[-84.5448,33.531],[-84.5447,33.531],[-84.5446,33.531],[-84.5406,33.5321],[-84.5317,33.5344],[-84.5314,33.5345],[-84.5313,33.5345],[-84.5306,33.5347],[-84.5237,33.5365],[-84.5238,33.5365],[-84.5238,33.5366],[-84.524,33.5372],[-84.5241,33.5374],[-84.5241,33.5376],[-84.524,33.5378],[-84.524,33.5379],[-84.524,33.5379],[-84.524,33.5379],[-84.524,33.538],[-84.524,33.538],[-84.524,33.5381],[-84.5239,33.5387],[-84.5239,33.5387],[-84.5239,33.539],[-84.5239,33.5393],[-84.5239,33.5404],[-84.5239,33.5407],[-84.5239,33.5416],[-84.5239,33.5418],[-84.5239,33.542],[-84.5239,33.5425],[-84.5238,33.5426],[-84.5238,33.5427],[-84.5238,33.5429],[-84.5237,33.5432],[-84.5236,33.5435],[-84.5235,33.5437],[-84.522,33.5462],[-84.522,33.5464],[-84.5219,33.5465],[-84.5219,33.5467],[-84.5219,33.5469],[-84.5219,33.5471],[-84.522,33.5474],[-84.5221,33.5475],[-84.5221,33.5476],[-84.5222,33.5478],[-84.5223,33.5478],[-84.5224,33.548],[-84.5226,33.5481],[-84.5231,33.5485],[-84.5235,33.5487],[-84.5239,33.549],[-84.524,33.5492],[-84.5242,33.5494],[-84.5242,33.5494],[-84.5243,33.5496],[-84.5245,33.5499],[-84.5246,33.5502],[-84.5248,33.5511],[-84.5249,33.5513],[-84.525,33.5522],[-84.5251,33.5526],[-84.5251,33.5529],[-84.5251,33.5531],[-84.525,33.5534],[-84.525,33.5535],[-84.5249,33.5537],[-84.5247,33.5545],[-84.5246,33.5548],[-84.5245,33.555],[-84.5245,33.5552],[-84.5243,33.5555],[-84.5241,33.5557],[-84.5239,33.556],[-84.5237,33.5562],[-84.5231,33.5568],[-84.5228,33.557],[-84.5227,33.5572],[-84.5226,33.557],[-84.5221,33.5563],[-84.5219,33.5562],[-84.5218,33.5561],[-84.5216,33.556],[-84.5213,33.5559],[-84.5212,33.5559],[-84.5209,33.5559],[-84.5207,33.5559],[-84.5189,33.5565],[-84.5185,33.5567],[-84.5184,33.5567],[-84.5182,33.5567],[-84.5178,33.5567],[-84.5176,33.5567],[-84.5175,33.5568],[-84.5174,33.5568],[-84.5173,33.5568],[-84.5172,33.5569],[-84.517,33.557],[-84.5168,33.5573],[-84.5167,33.5575],[-84.5157,33.5593],[-84.515,33.5596],[-84.5148,33.5596],[-84.5145,33.5595],[-84.5142,33.5594],[-84.5139,33.5594],[-84.5137,33.5594],[-84.5135,33.5594],[-84.508,33.5594],[-84.5076,33.5594],[-84.5072,33.5593],[-84.5068,33.5592],[-84.5066,33.5592],[-84.5065,33.5594],[-84.5064,33.5596],[-84.5064,33.5596],[-84.5062,33.5597],[-84.5059,33.5599],[-84.5057,33.56],[-84.5057,33.56],[-84.5055,33.5601],[-84.5051,33.5601],[-84.5046,33.5602],[-84.5045,33.5602],[-84.5032,33.5602],[-84.5016,33.5601],[-84.4996,33.5601],[-84.4991,33.5601],[-84.4986,33.5602],[-84.4982,33.5603],[-84.4975,33.5605],[-84.4967,33.5608],[-84.4954,33.5614],[-84.495,33.5615],[-84.4947,33.5616],[-84.4944,33.5616],[-84.4939,33.5617],[-84.4933,33.5617],[-84.4919,33.5618],[-84.4918,33.5618],[-84.4914,33.5618],[-84.4912,33.5618],[-84.491,33.5618],[-84.4907,33.5618],[-84.4896,33.5615],[-84.4896,33.5617],[-84.4896,33.5618],[-84.4896,33.5619],[-84.4896,33.5622],[-84.4896,33.5628],[-84.4896,33.5633],[-84.4896,33.5634],[-84.4896,33.5636],[-84.4896,33.5638],[-84.4895,33.564],[-84.4895,33.5641],[-84.4894,33.5641],[-84.4894,33.5642],[-84.4893,33.5643],[-84.4893,33.5644],[-84.4893,33.5645],[-84.4894,33.5646],[-84.4894,33.5646],[-84.4895,33.5647],[-84.4895,33.5648],[-84.4896,33.5649],[-84.4896,33.565],[-84.4896,33.5651],[-84.4896,33.5652],[-84.4896,33.5653],[-84.4897,33.5653],[-84.4897,33.5654],[-84.4898,33.5655],[-84.4899,33.5657],[-84.4901,33.566],[-84.4901,33.5661],[-84.4902,33.5662],[-84.4902,33.5663],[-84.4906,33.5665],[-84.4906,33.5666],[-84.4907,33.5667],[-84.4908,33.5667],[-84.4908,33.5668],[-84.4909,33.567],[-84.4912,33.5674],[-84.4913,33.5676],[-84.4914,33.5678],[-84.4914,33.5679],[-84.4915,33.5681],[-84.4917,33.5688],[-84.4917,33.5688],[-84.4918,33.569],[-84.4918,33.5691],[-84.4919,33.5693],[-84.4921,33.5696],[-84.4922,33.5698],[-84.4923,33.57],[-84.4924,33.5701],[-84.4925,33.5701],[-84.4926,33.5702],[-84.4927,33.5702],[-84.4927,33.5703],[-84.4929,33.5703],[-84.4929,33.5704],[-84.493,33.5705],[-84.4931,33.5705],[-84.4931,33.5706],[-84.4931,33.5707],[-84.4932,33.5708],[-84.4934,33.5713],[-84.4934,33.5715],[-84.4938,33.5726],[-84.4941,33.5736],[-84.4942,33.5737],[-84.4943,33.5742],[-84.4943,33.5745],[-84.4943,33.5747],[-84.4943,33.575],[-84.4943,33.5753],[-84.4942,33.5755],[-84.4942,33.5759],[-84.4942,33.5763],[-84.4943,33.5764],[-84.4943,33.5766],[-84.4943,33.5768],[-84.4944,33.5771],[-84.4944,33.5773],[-84.4943,33.5776],[-84.4943,33.5777],[-84.4944,33.5779],[-84.4944,33.578],[-84.4944,33.5782],[-84.4945,33.5782],[-84.4945,33.5784],[-84.4946,33.5785],[-84.4947,33.5788],[-84.4948,33.5791],[-84.495,33.5795],[-84.4951,33.5801],[-84.4942,33.5808],[-84.4932,33.5815],[-84.493,33.5817],[-84.4927,33.5818],[-84.4925,33.582],[-84.492,33.5822],[-84.4921,33.583],[-84.4921,33.5842],[-84.4922,33.5849],[-84.4922,33.5853],[-84.4922,33.5855],[-84.492,33.5864],[-84.492,33.5869],[-84.4921,33.5874],[-84.4921,33.5875],[-84.4921,33.5877],[-84.4923,33.588],[-84.4927,33.5889],[-84.4931,33.5896],[-84.4933,33.5899],[-84.4936,33.5905],[-84.4938,33.5907],[-84.494,33.591],[-84.4953,33.5926],[-84.4957,33.5931],[-84.496,33.5935],[-84.4972,33.5933],[-84.4971,33.5936],[-84.4971,33.5939],[-84.4971,33.5944],[-84.4972,33.5945],[-84.4972,33.5947],[-84.4973,33.5949],[-84.4974,33.5948],[-84.4981,33.5943],[-84.4983,33.5943],[-84.4991,33.5937],[-84.4992,33.5936],[-84.5017,33.5922],[-84.5044,33.5906],[-84.5055,33.5899],[-84.5061,33.5895],[-84.5068,33.5891],[-84.5075,33.5887],[-84.5076,33.5886],[-84.508,33.5884],[-84.5091,33.5877],[-84.511,33.5865],[-84.5115,33.5862],[-84.512,33.5859],[-84.5121,33.5858],[-84.5131,33.5851],[-84.5132,33.585],[-84.5136,33.5848],[-84.5137,33.5847],[-84.514,33.5844],[-84.5142,33.5843],[-84.5167,33.5822],[-84.517,33.5819],[-84.5176,33.5814],[-84.5183,33.5809],[-84.519,33.5803],[-84.5197,33.5797],[-84.52,33.5795],[-84.5206,33.5791],[-84.5209,33.5788],[-84.5211,33.5786],[-84.5214,33.5784],[-84.523,33.5771],[-84.5248,33.5756],[-84.5251,33.5753],[-84.5267,33.574],[-84.5285,33.5725],[-84.53,33.5711],[-84.5302,33.5709],[-84.5302,33.5709],[-84.5339,33.567],[-84.5341,33.5668],[-84.5347,33.5662],[-84.5353,33.5656],[-84.5358,33.5651],[-84.5359,33.5651],[-84.536,33.565],[-84.5366,33.5645],[-84.5366,33.5644],[-84.5367,33.5644],[-84.5367,33.5644],[-84.5368,33.5644],[-84.538,33.5635],[-84.5384,33.5633],[-84.5393,33.5627],[-84.5401,33.5623],[-84.5423,33.5614],[-84.5426,33.5612],[-84.5428,33.5611],[-84.5438,33.5607],[-84.5446,33.5604],[-84.5458,33.5599],[-84.5469,33.5594],[-84.5469,33.5594],[-84.5492,33.5584],[-84.5495,33.5582],[-84.5497,33.5582],[-84.5498,33.5581],[-84.5498,33.5581],[-84.5498,33.5581],[-84.5515,33.5574],[-84.5516,33.5573],[-84.5518,33.5572],[-84.5538,33.5564],[-84.5539,33.5563],[-84.5542,33.5562],[-84.5556,33.5556],[-84.5579,33.5546],[-84.5601,33.5537],[-84.5609,33.5533],[-84.561,33.5533],[-84.5614,33.5531],[-84.5625,33.5527],[-84.5647,33.5516],[-84.5661,33.5511],[-84.5677,33.5503],[-84.5681,33.5502],[-84.5684,33.5501],[-84.5687,33.55],[-84.5688,33.5499],[-84.569,33.5498],[-84.5705,33.5491],[-84.571,33.5489],[-84.5711,33.5489],[-84.572,33.5485],[-84.5734,33.5479],[-84.574,33.5476],[-84.5771,33.5463],[-84.5773,33.5462],[-84.5776,33.5461],[-84.5777,33.5461],[-84.5818,33.5443],[-84.582,33.5442],[-84.5827,33.5439],[-84.5829,33.5438],[-84.583,33.5438],[-84.5837,33.5434],[-84.5848,33.543],[-84.5857,33.5425],[-84.5877,33.5414],[-84.5897,33.5403],[-84.5906,33.5397],[-84.5913,33.5393],[-84.5915,33.5392],[-84.5916,33.5392],[-84.5918,33.5391],[-84.5933,33.5381],[-84.5936,33.5379],[-84.5964,33.5363],[-84.5978,33.5355],[-84.5999,33.5342],[-84.6002,33.5341],[-84.6022,33.5329],[-84.6045,33.5315],[-84.6066,33.5304],[-84.6074,33.5301],[-84.6077,33.5299],[-84.6078,33.5299],[-84.6088,33.5294],[-84.611,33.5285],[-84.6116,33.5282],[-84.6144,33.5268]]]}},{"type":"Feature","id":"13121007807","properties":{"GEOID":"13121007807","NAME":"Census Tract 78.07","AREALAND":2898746},"geometry":{"type":"Polygon","coordinates":[[[-84.514,33.7701],[-84.5139,33.7699],[-84.5138,33.7696],[-84.5137,33.7693],[-84.5134,33.7689],[-84.5134,33.7688],[-84.5132,33.7685],[-84.5129,33.7682],[-84.5125,33.7676],[-84.5123,33.7673],[-84.5122,33.7672],[-84.512,33.767],[-84.5117,33.7666],[-84.5114,33.7662],[-84.5111,33.7658],[-84.5108,33.7655],[-84.5107,33.7653],[-84.5099,33.7643],[-84.5095,33.7638],[-84.5086,33.7626],[-84.5083,33.7623],[-84.508,33.7619],[-84.5076,33.7615],[-84.5055,33.7596],[-84.5048,33.759],[-84.5045,33.7588],[-84.5043,33.7587],[-84.5036,33.7583],[-84.5026,33.7577],[-84.5023,33.7575],[-84.5022,33.7574],[-84.5021,33.7575],[-84.5019,33.7575],[-84.5015,33.7574],[-84.5011,33.7572],[-84.5008,33.757],[-84.5003,33.7568],[-84.5002,33.7567],[-84.5,33.7567],[-84.4997,33.7567],[-84.499,33.7567],[-84.4987,33.7567],[-84.4959,33.7564],[-84.4949,33.7563],[-84.4946,33.7563],[-84.4943,33.7562],[-84.4931,33.7561],[-84.493,33.7561],[-84.491,33.7559],[-84.4907,33.7559],[-84.4897,33.7558],[-84.4884,33.7556],[-84.4875,33.7555],[-84.4869,33.7555],[-84.4863,33.7554],[-84.4862,33.7554],[-84.4856,33.7554],[-84.4852,33.7553],[-84.4851,33.7553],[-84.4838,33.7552],[-84.4819,33.755],[-84.4822,33.7559],[-84.4823,33.7565],[-84.4824,33.7567],[-84.4825,33.757],[-84.4828,33.7574],[-84.4829,33.7576],[-84.4829,33.7577],[-84.4829,33.7578],[-84.4829,33.7581],[-84.4829,33.7585],[-84.4829,33.7587],[-84.4828,33.7593],[-84.4827,33.7597],[-84.4826,33.76],[-84.4826,33.7601],[-84.4825,33.7603],[-84.4825,33.7606],[-84.4825,33.7608],[-84.4826,33.7609],[-84.4827,33.7615],[-84.4829,33.7618],[-84.483,33.762],[-84.4832,33.7622],[-84.4844,33.763],[-84.4846,33.7629],[-84.4849,33.7629],[-84.485,33.7629],[-84.4851,33.7629],[-84.4851,33.7629],[-84.4864,33.7637],[-84.4875,33.7646],[-84.4876,33.7646],[-84.4881,33.7647],[-84.4882,33.7648],[-84.4884,33.7649],[-84.4885,33.7649],[-84.4891,33.7654],[-84.4895,33.7657],[-84.4898,33.7659],[-84.4901,33.7661],[-84.4903,33.7664],[-84.4907,33.7668],[-84.491,33.7672],[-84.4915,33.768],[-84.4916,33.7683],[-84.4917,33.7684],[-84.4919,33.7686],[-84.492,33.7686],[-84.4922,33.7686],[-84.4924,33.7685],[-84.4931,33.7682],[-84.4937,33.7679],[-84.4939,33.7679],[-84.4941,33.7679],[-84.4947,33.7679],[-84.4958,33.7679],[-84.4965,33.7679],[-84.4968,33.7679],[-84.497,33.768],[-84.4973,33.7681],[-84.4992,33.7688],[-84.4995,33.7689],[-84.5001,33.769],[-84.5006,33.769],[-84.501,33.769],[-84.5013,33.769],[-84.502,33.7689],[-84.5021,33.7689],[-84.5023,33.7688],[-84.5024,33.7687],[-84.5033,33.7681],[-84.5036,33.768],[-84.5038,33.7679],[-84.5039,33.7679],[-84.5041,33.7679],[-84.505,33.7681],[-84.5053,33.7682],[-84.5056,33.7684],[-84.5059,33.7685],[-84.5062,33.7686],[-84.5064,33.7686],[-84.5067,33.7686],[-84.5073,33.7687],[-84.5075,33.7687],[-84.5077,33.7688],[-84.5086,33.7695],[-84.5092,33.7698],[-84.5095,33.7699],[-84.5098,33.7699],[-84.5108,33.7699],[-84.5138,33.7702],[-84.514,33.7701]]]}},{"type":"Feature","id":"13121008602","properties":{"GEOID":"13121008602","NAME":"Census Tract 86.02","AREALAND":4566488},"geometry":{"type":"Polygon","coordinates":[[[-84.5078,33.7956],[-84.5079,33.7955],[-84.5073,33.7952],[-84.5071,33.7952],[-84.5066,33.7949],[-84.5066,33.7949],[-84.5058,33.7946],[-84.5055,33.7945],[-84.5052,33.7944],[-84.5049,33.7944],[-84.5046,33.7943],[-84.5042,33.7943],[-84.5028,33.7942],[-84.5024,33.7942],[-84.5021,33.7941],[-84.5017,33.794],[-84.5013,33.7939],[-84.501,33.7938],[-84.5008,33.7937],[-84.5003,33.7936],[-84.4998,33.7934],[-84.4994,33.7931],[-84.499,33.7929],[-84.4987,33.7926],[-84.4983,33.7923],[-84.498,33.7921],[-84.4972,33.7912],[-84.4969,33.7908],[-84.4962,33.7899],[-84.4958,33.7893],[-84.4948,33.7882],[-84.4944,33.7878],[-84.4938,33.7872],[-84.4932,33.7868],[-84.493,33.7868],[-84.4923,33.7864],[-84.4921,33.7863],[-84.4918,33.7862],[-84.4913,33.786],[-84.4905,33.7858],[-84.4902,33.7857],[-84.4898,33.7855],[-84.4894,33.7853],[-84.4891,33.7851],[-84.4888,33.7848],[-84.4884,33.7845],[-84.4874,33.7833],[-84.4869,33.7828],[-84.4866,33.7825],[-84.4864,33.7823],[-84.4863,33.7822],[-84.4862,33.7822],[-84.4859,33.7821],[-84.4855,33.7819],[-84.4849,33.7818],[-84.4831,33.7815],[-84.4826,33.7813],[-84.4823,33.7812],[-84.4821,33.7811],[-84.4804,33.78],[-84.4794,33.7793],[-84.4789,33.779],[-84.478,33.7784],[-84.4774,33.7779],[-84.4772,33.7778],[-84.4769,33.7777],[-84.476,33.7773],[-84.4757,33.7772],[-84.4743,33.7766],[-84.4737,33.7763],[-84.4738,33.7766],[-84.4738,33.7769],[-84.4739,33.7772],[-84.4741,33.7774],[-84.4742,33.7777],[-84.4744,33.7779],[-84.4745,33.778],[-84.4753,33.7788],[-84.4761,33.7796],[-84.4762,33.7798],[-84.4764,33.7801],[-84.4765,33.7803],[-84.4766,33.7806],[-84.4766,33.7808],[-84.4766,33.7808],[-84.4767,33.7812],[-84.4767,33.7815],[-84.4767,33.7826],[-84.4767,33.7833],[-84.4767,33.7841],[-84.4767,33.7875],[-84.4767,33.7881],[-84.4767,33.7881],[-84.4766,33.7884],[-84.4765,33.7888],[-84.4764,33.7891],[-84.4764,33.7891],[-84.4762,33.7893],[-84.476,33.7896],[-84.4746,33.7913],[-84.4744,33.7916],[-84.4742,33.7919],[-84.4742,33.7921],[-84.4742,33.7922],[-84.4741,33.7924],[-84.4741,33.7926],[-84.474,33.7928],[-84.474,33.7931],[-84.4741,33.7933],[-84.4742,33.7938],[-84.4743,33.7943],[-84.4743,33.7944],[-84.4745,33.7944],[-84.4748,33.7944],[-84.4749,33.7945],[-84.4751,33.7946],[-84.4753,33.7948],[-84.4754,33.7949],[-84.4755,33.795],[-84.4755,33.795],[-84.4755,33.7951],[-84.4756,33.7951],[-84.4756,33.7951],[-84.4757,33.7953],[-84.4758,33.7954],[-84.4759,33.7955],[-84.4759,33.7956],[-84.476,33.7957],[-84.4762,33.7956],[-84.4764,33.7955],[-84.4764,33.7954],[-84.4764,33.7953],[-84.4764,33.7952],[-84.4765,33.7952],[-84.4766,33.7951],[-84.4766,33.7951],[-84.4767,33.795],[-84.4767,33.795],[-84.4768,33.7947],[-84.4768,33.7947],[-84.4768,33.7946],[-84.4768,33.7945],[-84.4769,33.7944],[-84.477,33.7944],[-84.4771,33.7943],[-84.4772,33.7943],[-84.4773,33.7943],[-84.4774,33.7944],[-84.4776,33.7945],[-84.4777,33.7946],[-84.4777,33.7947],[-84.4778,33.7948],[-84.4778,33.7948],[-84.4778,33.7949],[-84.4779,33.795],[-84.478,33.7951],[-84.4781,33.7952],[-84.4782,33.7952],[-84.4783,33.7952],[-84.4784,33.7952],[-84.4785,33.7952],[-84.4786,33.7952],[-84.4787,33.7952],[-84.4787,33.7952],[-84.4788,33.7953],[-84.4789,33.7954],[-84.4789,33.7955],[-84.479,33.7957],[-84.479,33.7958],[-84.4791,33.7959],[-84.4792,33.796],[-84.4793,33.7961],[-84.4794,33.7963],[-84.4794,33.7964],[-84.4794,33.7965],[-84.4794,33.7966],[-84.4795,33.7967],[-84.4797,33.7969],[-84.4798,33.7971],[-84.4798,33.7972],[-84.4799,33.7972],[-84.48,33.7973],[-84.48,33.7974],[-84.48,33.7975],[-84.4801,33.7977],[-84.4801,33.7978],[-84.4801,33.798],[-84.4801,33.7981],[-84.4801,33.7982],[-84.4801,33.7983],[-84.4802,33.7984],[-84.4803,33.7984],[-84.4803,33.7984],[-84.4804,33.7984],[-84.4805,33.7984],[-84.4807,33.7985],[-84.4808,33.7985],[-84.4809,33.7986],[-84.4812,33.7987],[-84.4814,33.7987],[-84.4815,33.7988],[-84.4817,33.7988],[-84.4819,33.7989],[-84.482,33.7989],[-84.4821,33.799],[-84.4823,33.7991],[-84.4825,33.7992],[-84.4827,33.7993],[-84.4828,33.7993],[-84.483,33.7994],[-84.4832,33.7994],[-84.4833,33.7995],[-84.4835,33.7995],[-84.4836,33.7995],[-84.4839,33.7995],[-84.4842,33.7995],[-84.4843,33.7994],[-84.4847,33.7993],[-84.4848,33.7993],[-84.485,33.7992],[-84.4853,33.7991],[-84.4854,33.799],[-84.4855,33.7989],[-84.4856,33.7989],[-84.4859,33.7989],[-84.486,33.799],[-84.4862,33.7991],[-84.4864,33.7992],[-84.4865,33.7992],[-84.487,33.7995],[-84.4877,33.7995],[-84.4882,33.7994],[-84.4884,33.7994],[-84.4886,33.7994],[-84.4887,33.7996],[-84.4888,33.7996],[-84.489,33.7996],[-84.4892,33.7996],[-84.4894,33.7996],[-84.4895,33.7997],[-84.4898,33.8003],[-84.4899,33.8006],[-84.4899,33.8008],[-84.4898,33.8009],[-84.4898,33.8011],[-84.4897,33.8011],[-84.4895,33.8013],[-84.4895,33.8013],[-84.4891,33.8014],[-84.489,33.8017],[-84.4889,33.8019],[-84.4888,33.8021],[-84.4887,33.8022],[-84.4887,33.8023],[-84.4886,33.8024],[-84.4886,33.8026],[-84.4885,33.8028],[-84.4885,33.8029],[-84.4884,33.803],[-84.4882,33.8031],[-84.4881,33.8032],[-84.4881,33.8033],[-84.488,33.8035],[-84.488,33.8036],[-84.488,33.8037],[-84.4878,33.8039],[-84.4877,33.804],[-84.4875,33.8041],[-84.4874,33.8042],[-84.4872,33.8043],[-84.4871,33.8043],[-84.487,33.8044],[-84.487,33.8045],[-84.4871,33.8047],[-84.4872,33.8047],[-84.4873,33.8049],[-84.4874,33.8051],[-84.4875,33.8052],[-84.4877,33.8054],[-84.4877,33.8054],[-84.488,33.8055],[-84.4881,33.8056],[-84.4885,33.8055],[-84.4887,33.8054],[-84.4888,33.8054],[-84.4891,33.8054],[-84.4893,33.8054],[-84.4894,33.8055],[-84.4896,33.8055],[-84.4898,33.8054],[-84.4899,33.8054],[-84.49,33.8054],[-84.4903,33.8054],[-84.4905,33.8054],[-84.4907,33.8054],[-84.4908,33.8053],[-84.491,33.8053],[-84.4912,33.8054],[-84.4915,33.8056],[-84.4917,33.8057],[-84.4919,33.8057],[-84.4922,33.8059],[-84.4922,33.8059],[-84.4924,33.8059],[-84.4926,33.806],[-84.4931,33.806],[-84.4933,33.806],[-84.4938,33.8061],[-84.4941,33.8062],[-84.4944,33.8062],[-84.4946,33.8063],[-84.495,33.8062],[-84.4952,33.8062],[-84.4953,33.8062],[-84.4955,33.8061],[-84.4957,33.8061],[-84.4959,33.8061],[-84.4969,33.8062],[-84.4973,33.8063],[-84.4974,33.8062],[-84.4975,33.8061],[-84.4976,33.806],[-84.4977,33.8059],[-84.4987,33.8048],[-84.4997,33.8037],[-84.5005,33.8026],[-84.5026,33.7994],[-84.5036,33.7987],[-84.5077,33.7957],[-84.5078,33.7956]]]}},{"type":"Feature","id":"13121008800","properties":{"GEOID":"13121008800","NAME":"Census Tract 88","AREALAND":9633754},"geometry":{"type":"Polygon","coordinates":[[[-84.489,33.8128],[-84.4888,33.8125],[-84.4879,33.8111],[-84.4871,33.8098],[-84.4865,33.8087],[-84.4862,33.8081],[-84.4861,33.8081],[-84.4859,33.8078],[-84.4857,33.8076],[-84.4854,33.8072],[-84.4851,33.8069],[-84.4848,33.8067],[-84.4844,33.8064],[-84.484,33.8062],[-84.4838,33.8061],[-84.4838,33.8061],[-84.4833,33.8059],[-84.4829,33.8058],[-84.4827,33.8058],[-84.4824,33.8057],[-84.4823,33.8057],[-84.482,33.8057],[-84.4816,33.8057],[-84.4814,33.8057],[-84.4813,33.8057],[-84.4805,33.8057],[-84.4798,33.8057],[-84.4787,33.8059],[-84.4765,33.806],[-84.4758,33.8061],[-84.4745,33.8061],[-84.471,33.8063],[-84.4693,33.8064],[-84.4683,33.8064],[-84.4677,33.8064],[-84.467,33.8065],[-84.4666,33.8065],[-84.4663,33.8066],[-84.4651,33.8068],[-84.464,33.8069],[-84.4635,33.8069],[-84.4631,33.807],[-84.4623,33.8069],[-84.4618,33.8069],[-84.4611,33.8069],[-84.4601,33.8067],[-84.4597,33.8066],[-84.4592,33.8064],[-84.4586,33.8061],[-84.4576,33.8053],[-84.4574,33.8051],[-84.4566,33.8044],[-84.4566,33.8044],[-84.4557,33.8035],[-84.4548,33.8026],[-84.4535,33.8015],[-84.453,33.801],[-84.4523,33.8003],[-84.4518,33.8],[-84.4513,33.7997],[-84.4507,33.7993],[-84.4504,33.7992],[-84.4497,33.7988],[-84.4478,33.7977],[-84.4473,33.7973],[-84.4458,33.7964],[-84.4456,33.7963],[-84.4451,33.7959],[-84.4445,33.7955],[-84.4435,33.7949],[-84.4424,33.7942],[-84.4406,33.7929],[-84.439,33.7918],[-84.4381,33.7912],[-84.4375,33.7908],[-84.4371,33.7905],[-84.4364,33.7898],[-84.436,33.7895],[-84.436,33.7893],[-84.4361,33.7892],[-84.4362,33.789],[-84.4364,33.7887],[-84.4366,33.7884],[-84.4358,33.788],[-84.4351,33.7878],[-84.4345,33.7875],[-84.434,33.7872],[-84.434,33.7872],[-84.4336,33.7869],[-84.4331,33.7865],[-84.433,33.7865],[-84.4329,33.7864],[-84.4328,33.7863],[-84.4326,33.7863],[-84.4324,33.7863],[-84.4323,33.7863],[-84.4323,33.7862],[-84.4303,33.7863],[-84.4284,33.7863],[-84.4279,33.7863],[-84.4279,33.7866],[-84.4279,33.7868],[-84.4279,33.7868],[-84.4279,33.7869],[-84.4279,33.787],[-84.428,33.7872],[-84.428,33.7873],[-84.4281,33.7881],[-84.4282,33.7883],[-84.4283,33.7885],[-84.4283,33.7887],[-84.4285,33.7891],[-84.4286,33.7894],[-84.4288,33.7896],[-84.4294,33.7907],[-84.4299,33.7915],[-84.4303,33.7922],[-84.4319,33.7947],[-84.4322,33.7953],[-84.4326,33.7959],[-84.4355,33.8006],[-84.4357,33.8011],[-84.436,33.8016],[-84.4362,33.802],[-84.4363,33.8025],[-84.4373,33.8055],[-84.438,33.8075],[-84.4381,33.8078],[-84.4382,33.8082],[-84.4383,33.8085],[-84.4386,33.8099],[-84.4388,33.8105],[-84.4393,33.8125],[-84.4393,33.8127],[-84.4394,33.813],[-84.4395,33.8131],[-84.4396,33.8133],[-84.4397,33.8135],[-84.4399,33.8137],[-84.44,33.8138],[-84.4402,33.814],[-84.4403,33.8141],[-84.4405,33.8143],[-84.4407,33.8144],[-84.441,33.8146],[-84.4413,33.8147],[-84.4416,33.8149],[-84.4419,33.815],[-84.4437,33.8155],[-84.4442,33.8156],[-84.4445,33.8157],[-84.4448,33.8158],[-84.4452,33.816],[-84.4455,33.8161],[-84.4458,33.8163],[-84.4459,33.8163],[-84.4461,33.8164],[-84.4467,33.8168],[-84.4472,33.817],[-84.4485,33.8178],[-84.4528,33.8201],[-84.4533,33.8204],[-84.4536,33.8206],[-84.4539,33.8208],[-84.454,33.8209],[-84.4547,33.8213],[-84.4565,33.8224],[-84.4567,33.8225],[-84.4568,33.8226],[-84.4569,33.8228],[-84.4571,33.823],[-84.4573,33.8233],[-84.4574,33.8235],[-84.4575,33.8236],[-84.4577,33.8241],[-84.4577,33.8242],[-84.4579,33.8246],[-84.4593,33.825],[-84.4631,33.8271],[-84.4633,33.8271],[-84.4684,33.8274],[-84.4694,33.8269],[-84.4694,33.8269],[-84.4713,33.8259],[-84.4756,33.822],[-84.478,33.8198],[-84.4801,33.8173],[-84.4802,33.8172],[-84.4833,33.8147],[-84.4855,33.8136],[-84.489,33.8128]]]}}]}